#options: 1280x850 fps=30/1 timebase=1/30 bitdepth=8 cabac=1 ref=1 deblock=1:0:0 analyse=0x1:0 me=dia subme=2 psy=1 psy_rd=1.00:0.00 mixed_ref=0 me_range=16 chroma_me=1 trellis=0 8x8dct=0 cqm=0 deadzone=21,11 fast_pskip=1 chroma_qp_offset=0 threads=18 lookahead_threads=6 sliced_threads=0 nr=0 decimate=1 interlaced=0 bluray_compat=0 constrained_intra=0 bframes=3 b_pyramid=2 b_adapt=1 b_bias=0 direct=3 weightb=1 open_gop=0 weightp=2 keyint=250 keyint_min=25 scenecut=40 intra_refresh=0 rc_lookahead=50 rc=abr mbtree=1 bitrate=290 ratetol=1.0 qcomp=0.60 qpmin=0 qpmax=69 qpstep=4 ip_ratio=1.40 aq=1:1.00
in:0 out:0 type:I dur:2 cpbdur:2 q:47.47 aq:32.49 tex:37925 mv:14218 misc:6121 imb:4320 pmb:0 smb:0 d:- ref:;
in:4 out:1 type:P dur:2 cpbdur:2 q:48.16 aq:39.07 tex:111 mv:84 misc:317 imb:6 pmb:9 smb:4305 d:- ref:0 ;
in:2 out:2 type:B dur:2 cpbdur:2 q:48.16 aq:43.00 tex:0 mv:0 misc:256 imb:0 pmb:0 smb:4320 d:- ref:0 ;
in:1 out:3 type:b dur:2 cpbdur:2 q:48.16 aq:46.00 tex:0 mv:0 misc:256 imb:0 pmb:0 smb:4320 d:- ref:0 ;
in:3 out:4 type:b dur:2 cpbdur:2 q:48.16 aq:46.00 tex:0 mv:0 misc:256 imb:0 pmb:0 smb:4320 d:- ref:0 ;
in:8 out:5 type:P dur:2 cpbdur:2 q:47.70 aq:34.49 tex:103 mv:36 misc:317 imb:2 pmb:6 smb:4312 d:- ref:0 ;
in:6 out:6 type:B dur:2 cpbdur:2 q:47.93 aq:43.00 tex:0 mv:0 misc:272 imb:0 pmb:0 smb:4320 d:- ref:0 ;
in:5 out:7 type:b dur:2 cpbdur:2 q:48.05 aq:46.00 tex:0 mv:0 misc:256 imb:0 pmb:0 smb:4320 d:- ref:0 ;
in:7 out:8 type:b dur:2 cpbdur:2 q:47.82 aq:46.00 tex:0 mv:0 misc:256 imb:0 pmb:0 smb:4320 d:- ref:0 ;
in:12 out:9 type:P dur:2 cpbdur:2 q:47.21 aq:33.87 tex:172 mv:65 misc:307 imb:10 pmb:1 smb:4309 d:- ref:0 ;
in:10 out:10 type:B dur:2 cpbdur:2 q:47.46 aq:46.30 tex:37 mv:76 misc:295 imb:0 pmb:9 smb:4311 d:- ref:0 ;
in:9 out:11 type:b dur:2 cpbdur:2 q:47.58 aq:45.00 tex:0 mv:57 misc:263 imb:0 pmb:4 smb:4316 d:s ref:0 ;
in:11 out:12 type:b dur:2 cpbdur:2 q:47.34 aq:46.99 tex:43 mv:112 misc:277 imb:1 pmb:8 smb:4311 d:- ref:0 ;
in:16 out:13 type:P dur:2 cpbdur:2 q:46.69 aq:34.22 tex:393 mv:130 misc:341 imb:16 pmb:9 smb:4295 d:- ref:0 ;
in:14 out:14 type:B dur:2 cpbdur:2 q:46.95 aq:46.52 tex:99 mv:55 misc:310 imb:2 pmb:10 smb:4308 d:- ref:0 ;
in:13 out:15 type:b dur:2 cpbdur:2 q:47.08 aq:40.47 tex:76 mv:103 misc:277 imb:1 pmb:10 smb:4309 d:s ref:0 ;
in:15 out:16 type:b dur:2 cpbdur:2 q:46.82 aq:38.69 tex:252 mv:162 misc:314 imb:10 pmb:9 smb:4301 d:- ref:0 ;
in:20 out:17 type:P dur:2 cpbdur:2 q:46.14 aq:36.87 tex:1192 mv:317 misc:395 imb:43 pmb:15 smb:4262 d:- ref:0 ;
in:18 out:18 type:B dur:2 cpbdur:2 q:46.41 aq:45.36 tex:254 mv:200 misc:354 imb:13 pmb:14 smb:4293 d:- ref:0 ;
in:17 out:19 type:b dur:2 cpbdur:2 q:46.55 aq:43.71 tex:187 mv:123 misc:306 imb:7 pmb:12 smb:4301 d:s ref:0 ;
in:19 out:20 type:b dur:2 cpbdur:2 q:46.28 aq:46.21 tex:71 mv:234 misc:311 imb:9 pmb:12 smb:4299 d:- ref:0 ;
in:24 out:21 type:P dur:2 cpbdur:2 q:48.68 aq:44.15 tex:272 mv:48 misc:288 imb:5 pmb:2 smb:4313 d:- ref:0 ;
in:22 out:22 type:B dur:2 cpbdur:2 q:47.41 aq:48.61 tex:46 mv:56 misc:282 imb:0 pmb:6 smb:4314 d:- ref:0 ;
in:21 out:23 type:b dur:2 cpbdur:2 q:46.78 aq:48.78 tex:31 mv:79 misc:266 imb:0 pmb:5 smb:4315 d:- ref:0 ;
in:23 out:24 type:b dur:2 cpbdur:2 q:48.05 aq:49.50 tex:46 mv:31 misc:267 imb:0 pmb:3 smb:4317 d:- ref:0 ;
in:28 out:25 type:P dur:2 cpbdur:2 q:43.01 aq:27.06 tex:1582 mv:1294 misc:972 imb:776 pmb:46 smb:3498 d:- ref:0 ;
in:26 out:26 type:B dur:2 cpbdur:2 q:45.85 aq:47.61 tex:54 mv:25 misc:289 imb:0 pmb:4 smb:4316 d:- ref:0 ;
in:25 out:27 type:b dur:2 cpbdur:2 q:47.27 aq:45.00 tex:1 mv:21 misc:266 imb:0 pmb:3 smb:4317 d:t ref:0 ;
in:27 out:28 type:b dur:2 cpbdur:2 q:44.43 aq:42.00 tex:0 mv:19 misc:261 imb:0 pmb:2 smb:4318 d:- ref:0 ;
in:32 out:29 type:P dur:2 cpbdur:2 q:39.22 aq:32.08 tex:4479 mv:1437 misc:1244 imb:192 pmb:149 smb:3979 d:s ref:0 ;
in:30 out:30 type:B dur:2 cpbdur:2 q:41.11 aq:37.00 tex:0 mv:61 misc:291 imb:0 pmb:5 smb:4315 d:s ref:0 ;
in:29 out:31 type:b dur:2 cpbdur:2 q:42.06 aq:40.00 tex:0 mv:20 misc:260 imb:0 pmb:2 smb:4318 d:s ref:0 ;
in:31 out:32 type:b dur:2 cpbdur:2 q:40.17 aq:44.14 tex:30 mv:17 misc:265 imb:0 pmb:2 smb:4318 d:- ref:0 ;
in:34 out:33 type:P dur:2 cpbdur:2 q:36.52 aq:26.41 tex:21006 mv:8723 misc:1735 imb:2655 pmb:524 smb:1141 d:s ref:0 w:7,123,1 ;
in:33 out:34 type:b dur:2 cpbdur:2 q:37.87 aq:25.05 tex:3386 mv:3364 misc:1922 imb:94 pmb:1906 smb:2320 d:s ref:0 ;
in:35 out:35 type:P dur:2 cpbdur:2 q:35.90 aq:25.42 tex:20596 mv:8223 misc:1389 imb:1188 pmb:436 smb:2696 d:s ref:0 ;
in:36 out:36 type:P dur:2 cpbdur:2 q:35.72 aq:24.32 tex:16639 mv:7725 misc:1580 imb:1122 pmb:456 smb:2742 d:s ref:0 ;
in:37 out:37 type:P dur:2 cpbdur:2 q:35.55 aq:26.79 tex:15116 mv:6799 misc:1357 imb:650 pmb:468 smb:3202 d:s ref:0 ;
in:38 out:38 type:P dur:2 cpbdur:2 q:35.34 aq:24.32 tex:13864 mv:7102 misc:1490 imb:857 pmb:457 smb:3006 d:s ref:0 ;
in:39 out:39 type:P dur:2 cpbdur:2 q:35.16 aq:24.96 tex:15277 mv:6642 misc:1345 imb:637 pmb:488 smb:3195 d:s ref:0 ;
in:40 out:40 type:P dur:2 cpbdur:2 q:35.00 aq:23.43 tex:16836 mv:6751 misc:1333 imb:542 pmb:529 smb:3249 d:s ref:0 ;
in:41 out:41 type:P dur:2 cpbdur:2 q:34.86 aq:23.41 tex:16357 mv:6201 misc:1650 imb:529 pmb:557 smb:3234 d:s ref:0 ;
in:42 out:42 type:P dur:2 cpbdur:2 q:34.72 aq:20.99 tex:19513 mv:6481 misc:1502 imb:678 pmb:520 smb:3122 d:s ref:0 ;
in:44 out:43 type:P dur:2 cpbdur:2 q:34.84 aq:21.88 tex:24968 mv:6924 misc:1316 imb:655 pmb:542 smb:3123 d:s ref:0 ;
in:43 out:44 type:b dur:2 cpbdur:2 q:34.78 aq:21.64 tex:399 mv:3768 misc:1417 imb:70 pmb:398 smb:3852 d:t ref:0 ;
in:48 out:45 type:P dur:2 cpbdur:2 q:34.60 aq:23.32 tex:39036 mv:7514 misc:1458 imb:670 pmb:637 smb:3013 d:s ref:0 ;
in:46 out:46 type:B dur:2 cpbdur:2 q:34.72 aq:23.98 tex:1095 mv:4317 misc:1524 imb:94 pmb:454 smb:3772 d:s ref:0 ;
in:45 out:47 type:b dur:2 cpbdur:2 q:34.78 aq:30.38 tex:824 mv:3192 misc:1248 imb:98 pmb:276 smb:3946 d:s ref:0 ;
in:47 out:48 type:b dur:2 cpbdur:2 q:34.66 aq:32.22 tex:679 mv:1561 misc:808 imb:10 pmb:179 smb:4131 d:- ref:0 ;
in:52 out:49 type:P dur:2 cpbdur:2 q:34.29 aq:26.74 tex:97562 mv:6797 misc:1985 imb:745 pmb:663 smb:2912 d:s ref:0 ;
in:50 out:50 type:B dur:2 cpbdur:2 q:34.45 aq:29.06 tex:3089 mv:3893 misc:1618 imb:80 pmb:449 smb:3791 d:s ref:0 ;
in:49 out:51 type:b dur:2 cpbdur:2 q:34.52 aq:22.52 tex:598 mv:1845 misc:1045 imb:49 pmb:262 smb:4009 d:s ref:0 ;
in:51 out:52 type:b dur:2 cpbdur:2 q:34.37 aq:25.09 tex:1080 mv:2041 misc:967 imb:53 pmb:190 smb:4077 d:- ref:0 ;
in:56 out:53 type:P dur:2 cpbdur:2 q:37.13 aq:31.20 tex:4204 mv:3220 misc:1688 imb:53 pmb:488 smb:3779 d:s ref:0 ;
in:54 out:54 type:B dur:2 cpbdur:2 q:35.71 aq:32.45 tex:942 mv:977 misc:793 imb:5 pmb:138 smb:4177 d:s ref:0 ;
in:53 out:55 type:b dur:2 cpbdur:2 q:35.00 aq:37.67 tex:662 mv:346 misc:400 imb:4 pmb:36 smb:4280 d:s ref:0 ;
in:55 out:56 type:b dur:2 cpbdur:2 q:36.42 aq:38.68 tex:284 mv:177 misc:339 imb:2 pmb:23 smb:4295 d:- ref:0 ;
in:57 out:57 type:P dur:2 cpbdur:2 q:38.53 aq:35.26 tex:49947 mv:1903 misc:718 imb:246 pmb:86 smb:3988 d:s ref:0 ;
in:58 out:58 type:P dur:2 cpbdur:2 q:39.09 aq:32.40 tex:1039 mv:457 misc:680 imb:23 pmb:66 smb:4231 d:s ref:0 ;
in:62 out:59 type:P dur:2 cpbdur:2 q:39.32 aq:32.89 tex:4148 mv:2387 misc:1313 imb:176 pmb:191 smb:3953 d:s ref:0 ;
in:60 out:60 type:B dur:2 cpbdur:2 q:39.21 aq:29.59 tex:275 mv:715 misc:906 imb:14 pmb:203 smb:4103 d:s ref:0 ;
in:59 out:61 type:b dur:2 cpbdur:2 q:39.15 aq:32.81 tex:315 mv:604 misc:913 imb:8 pmb:209 smb:4103 d:s ref:0 ;
in:61 out:62 type:b dur:2 cpbdur:2 q:39.26 aq:31.81 tex:366 mv:125 misc:301 imb:7 pmb:11 smb:4302 d:- ref:0 ;
in:64 out:63 type:P dur:2 cpbdur:2 q:40.22 aq:39.80 tex:551 mv:131 misc:310 imb:16 pmb:3 smb:4301 d:s ref:0 ;
in:63 out:64 type:b dur:2 cpbdur:2 q:39.77 aq:32.45 tex:112 mv:157 misc:299 imb:2 pmb:17 smb:4301 d:s ref:0 ;
in:66 out:65 type:P dur:2 cpbdur:2 q:39.88 aq:33.50 tex:668 mv:153 misc:347 imb:20 pmb:6 smb:4294 d:s ref:0 ;
in:65 out:66 type:b dur:2 cpbdur:2 q:40.05 aq:32.68 tex:28 mv:136 misc:284 imb:1 pmb:13 smb:4306 d:s ref:0 ;
in:70 out:67 type:P dur:2 cpbdur:2 q:40.53 aq:37.23 tex:24615 mv:5483 misc:2086 imb:781 pmb:310 smb:3229 d:s ref:0 ;
in:68 out:68 type:B dur:2 cpbdur:2 q:40.20 aq:41.46 tex:254 mv:106 misc:304 imb:2 pmb:7 smb:4311 d:s ref:0 ;
in:67 out:69 type:b dur:2 cpbdur:2 q:40.04 aq:42.85 tex:162 mv:82 misc:276 imb:2 pmb:6 smb:4312 d:s ref:0 ;
in:69 out:70 type:b dur:2 cpbdur:2 q:40.37 aq:37.87 tex:188 mv:608 misc:532 imb:10 pmb:65 smb:4245 d:- ref:0 ;
in:71 out:71 type:P dur:2 cpbdur:2 q:39.71 aq:33.02 tex:17353 mv:5893 misc:2362 imb:474 pmb:519 smb:3327 d:s ref:0 ;
in:73 out:72 type:P dur:2 cpbdur:2 q:39.62 aq:32.59 tex:8582 mv:4576 misc:1954 imb:270 pmb:355 smb:3695 d:s ref:0 ;
in:72 out:73 type:b dur:2 cpbdur:2 q:39.66 aq:35.59 tex:749 mv:2105 misc:1274 imb:40 pmb:267 smb:4013 d:t ref:0 ;
in:74 out:74 type:P dur:2 cpbdur:2 q:39.26 aq:31.60 tex:7364 mv:5029 misc:2039 imb:208 pmb:423 smb:3689 d:s ref:0 ;
in:75 out:75 type:P dur:2 cpbdur:2 q:40.04 aq:30.67 tex:7317 mv:5419 misc:2184 imb:252 pmb:430 smb:3638 d:s ref:0 ;
in:76 out:76 type:P dur:2 cpbdur:2 q:39.95 aq:31.66 tex:10600 mv:5308 misc:2140 imb:202 pmb:573 smb:3545 d:s ref:0 ;
in:77 out:77 type:P dur:2 cpbdur:2 q:39.91 aq:30.91 tex:16356 mv:6177 misc:2299 imb:229 pmb:767 smb:3324 d:s ref:0 ;
in:78 out:78 type:P dur:2 cpbdur:2 q:39.82 aq:29.95 tex:23237 mv:6704 misc:2155 imb:256 pmb:891 smb:3173 d:s ref:0 ;
in:80 out:79 type:P dur:2 cpbdur:2 q:39.75 aq:29.21 tex:45454 mv:8493 misc:2021 imb:403 pmb:1018 smb:2899 d:s ref:0 ;
in:79 out:80 type:b dur:2 cpbdur:2 q:39.78 aq:31.92 tex:560 mv:2143 misc:1513 imb:79 pmb:320 smb:3921 d:t ref:0 ;
in:84 out:81 type:P dur:2 cpbdur:2 q:39.59 aq:27.03 tex:66884 mv:9397 misc:1951 imb:672 pmb:1043 smb:2605 d:s ref:0 ;
in:82 out:82 type:B dur:2 cpbdur:2 q:39.67 aq:28.98 tex:1398 mv:2845 misc:1517 imb:55 pmb:335 smb:3930 d:s ref:0 ;
in:81 out:83 type:b dur:2 cpbdur:2 q:39.71 aq:30.73 tex:309 mv:2075 misc:1240 imb:21 pmb:277 smb:4022 d:s ref:0 ;
in:83 out:84 type:b dur:2 cpbdur:2 q:39.63 aq:28.24 tex:448 mv:2089 misc:1271 imb:41 pmb:257 smb:4022 d:- ref:0 ;
in:88 out:85 type:P dur:2 cpbdur:2 q:39.75 aq:29.48 tex:29042 mv:5879 misc:2295 imb:195 pmb:845 smb:3280 d:s ref:0 ;
in:86 out:86 type:B dur:2 cpbdur:2 q:39.67 aq:30.83 tex:665 mv:1310 misc:865 imb:29 pmb:151 smb:4140 d:s ref:0 ;
in:85 out:87 type:b dur:2 cpbdur:2 q:39.63 aq:39.08 tex:169 mv:1077 misc:1210 imb:2 pmb:239 smb:4079 d:t ref:0 ;
in:87 out:88 type:b dur:2 cpbdur:2 q:39.71 aq:28.94 tex:38 mv:342 misc:444 imb:3 pmb:36 smb:4281 d:- ref:0 ;
in:92 out:89 type:P dur:2 cpbdur:2 q:39.52 aq:32.34 tex:21589 mv:5045 misc:2246 imb:110 pmb:830 smb:3380 d:s ref:0 ;
in:90 out:90 type:B dur:2 cpbdur:2 q:39.64 aq:40.98 tex:1072 mv:669 misc:579 imb:1 pmb:91 smb:4228 d:t ref:0 ;
in:89 out:91 type:b dur:2 cpbdur:2 q:39.69 aq:32.36 tex:86 mv:55 misc:307 imb:1 pmb:8 smb:4311 d:s ref:0 ;
in:91 out:92 type:b dur:2 cpbdur:2 q:39.58 aq:43.54 tex:315 mv:308 misc:433 imb:2 pmb:48 smb:4270 d:- ref:0 ;
in:93 out:93 type:P dur:2 cpbdur:2 q:39.64 aq:32.92 tex:5616 mv:1147 misc:1637 imb:19 pmb:311 smb:3990 d:s ref:0 ;
in:94 out:94 type:P dur:2 cpbdur:2 q:39.78 aq:32.57 tex:7026 mv:1440 misc:1686 imb:25 pmb:351 smb:3944 d:s ref:0 ;
in:95 out:95 type:P dur:2 cpbdur:2 q:40.03 aq:32.61 tex:2568 mv:964 misc:1332 imb:50 pmb:170 smb:4100 d:s ref:0 ;
in:97 out:96 type:P dur:2 cpbdur:2 q:40.39 aq:32.45 tex:2001 mv:597 misc:1026 imb:38 pmb:112 smb:4170 d:s ref:0 ;
in:96 out:97 type:b dur:2 cpbdur:2 q:40.21 aq:40.96 tex:25 mv:31 misc:280 imb:0 pmb:5 smb:4315 d:s ref:0 ;
in:101 out:98 type:P dur:2 cpbdur:2 q:40.93 aq:38.63 tex:3617 mv:1208 misc:463 imb:46 pmb:88 smb:4186 d:s ref:0 ;
in:99 out:99 type:B dur:2 cpbdur:2 q:40.66 aq:44.73 tex:1310 mv:734 misc:436 imb:12 pmb:63 smb:4245 d:s ref:0 ;
in:98 out:100 type:b dur:2 cpbdur:2 q:40.53 aq:44.04 tex:118 mv:184 misc:410 imb:0 pmb:41 smb:4279 d:s ref:0 ;
in:100 out:101 type:b dur:2 cpbdur:2 q:40.80 aq:45.16 tex:748 mv:457 misc:387 imb:2 pmb:48 smb:4270 d:- ref:0 ;
in:103 out:102 type:P dur:2 cpbdur:2 q:41.47 aq:36.88 tex:4653 mv:1075 misc:448 imb:27 pmb:90 smb:4203 d:s ref:0 ;
in:102 out:103 type:b dur:2 cpbdur:2 q:41.20 aq:45.28 tex:347 mv:209 misc:372 imb:3 pmb:32 smb:4285 d:s ref:0 ;
in:104 out:104 type:P dur:2 cpbdur:2 q:41.67 aq:36.55 tex:434 mv:165 misc:417 imb:1 pmb:33 smb:4286 d:s ref:0 ;
in:105 out:105 type:P dur:2 cpbdur:2 q:41.57 aq:35.25 tex:2015 mv:536 misc:489 imb:8 pmb:83 smb:4229 d:s ref:0 ;
in:109 out:106 type:P dur:2 cpbdur:2 q:41.41 aq:33.08 tex:194 mv:90 misc:364 imb:3 pmb:11 smb:4306 d:s ref:0 ;
in:107 out:107 type:B dur:2 cpbdur:2 q:41.49 aq:42.00 tex:0 mv:2 misc:278 imb:0 pmb:1 smb:4319 d:s ref:0 ;
in:106 out:108 type:b dur:2 cpbdur:2 q:41.53 aq:45.00 tex:0 mv:0 misc:256 imb:0 pmb:0 smb:4320 d:s ref:0 ;
in:108 out:109 type:b dur:2 cpbdur:2 q:41.45 aq:45.00 tex:0 mv:0 misc:256 imb:0 pmb:0 smb:4320 d:- ref:0 ;
in:113 out:110 type:P dur:2 cpbdur:2 q:41.07 aq:38.30 tex:3133 mv:1223 misc:436 imb:39 pmb:85 smb:4196 d:s ref:0 ;
in:111 out:111 type:B dur:2 cpbdur:2 q:41.24 aq:42.00 tex:22 mv:97 misc:409 imb:0 pmb:38 smb:4282 d:s ref:0 ;
in:110 out:112 type:b dur:2 cpbdur:2 q:41.32 aq:45.00 tex:0 mv:0 misc:256 imb:0 pmb:0 smb:4320 d:s ref:0 ;
in:112 out:113 type:b dur:2 cpbdur:2 q:41.15 aq:45.70 tex:606 mv:380 misc:398 imb:4 pmb:37 smb:4279 d:- ref:0 ;
in:117 out:114 type:P dur:2 cpbdur:2 q:40.78 aq:37.86 tex:5829 mv:1160 misc:395 imb:42 pmb:82 smb:4196 d:s ref:0 ;
in:115 out:115 type:B dur:2 cpbdur:2 q:40.92 aq:43.27 tex:1361 mv:571 misc:428 imb:7 pmb:63 smb:4250 d:s ref:0 ;
in:114 out:116 type:b dur:2 cpbdur:2 q:41.00 aq:46.48 tex:835 mv:438 misc:391 imb:4 pmb:47 smb:4269 d:s ref:0 ;
in:116 out:117 type:b dur:2 cpbdur:2 q:40.85 aq:44.00 tex:4 mv:53 misc:335 imb:0 pmb:17 smb:4303 d:- ref:0 ;
in:118 out:118 type:P dur:2 cpbdur:2 q:40.26 aq:35.74 tex:990 mv:329 misc:473 imb:4 pmb:60 smb:4256 d:s ref:0 ;
in:119 out:119 type:P dur:2 cpbdur:2 q:40.14 aq:35.81 tex:582 mv:165 misc:421 imb:4 pmb:29 smb:4287 d:s ref:0 ;
in:123 out:120 type:P dur:2 cpbdur:2 q:40.02 aq:30.22 tex:1163 mv:334 misc:487 imb:9 pmb:48 smb:4263 d:s ref:0 ;
in:121 out:121 type:B dur:2 cpbdur:2 q:40.08 aq:41.00 tex:0 mv:10 misc:286 imb:0 pmb:3 smb:4317 d:s ref:0 ;
in:120 out:122 type:b dur:2 cpbdur:2 q:40.11 aq:43.00 tex:0 mv:0 misc:256 imb:0 pmb:0 smb:4320 d:s ref:0 ;
in:122 out:123 type:b dur:2 cpbdur:2 q:40.05 aq:43.00 tex:0 mv:0 misc:256 imb:0 pmb:0 smb:4320 d:- ref:0 ;
in:126 out:124 type:P dur:2 cpbdur:2 q:39.45 aq:33.34 tex:11873 mv:8802 misc:1901 imb:307 pmb:747 smb:3266 d:s ref:0 ;
in:124 out:125 type:B dur:2 cpbdur:2 q:39.83 aq:41.00 tex:2 mv:6 misc:280 imb:0 pmb:2 smb:4318 d:s ref:0 ;
in:125 out:126 type:b dur:2 cpbdur:2 q:39.64 aq:27.14 tex:127 mv:1142 misc:1459 imb:48 pmb:338 smb:3934 d:- ref:0 ;
in:127 out:127 type:P dur:2 cpbdur:2 q:39.17 aq:33.70 tex:14043 mv:8428 misc:2433 imb:460 pmb:720 smb:3140 d:s ref:0 ;
in:128 out:128 type:P dur:2 cpbdur:2 q:39.16 aq:33.55 tex:33491 mv:13859 misc:2330 imb:816 pmb:990 smb:2514 d:s ref:0 ;
in:129 out:129 type:P dur:2 cpbdur:2 q:39.15 aq:32.62 tex:12199 mv:10815 misc:2730 imb:423 pmb:944 smb:2953 d:s ref:0 ;
in:130 out:130 type:P dur:2 cpbdur:2 q:39.03 aq:30.48 tex:13093 mv:11687 misc:2772 imb:499 pmb:965 smb:2856 d:s ref:0 ;
in:131 out:131 type:P dur:2 cpbdur:2 q:39.00 aq:32.73 tex:36179 mv:15590 misc:2463 imb:641 pmb:1217 smb:2462 d:s ref:0 ;
in:133 out:132 type:P dur:2 cpbdur:2 q:39.12 aq:31.14 tex:32514 mv:15816 misc:2382 imb:953 pmb:1330 smb:2037 d:s ref:0 ;
in:132 out:133 type:b dur:2 cpbdur:2 q:39.06 aq:32.24 tex:1333 mv:7696 misc:2635 imb:131 pmb:698 smb:3491 d:s ref:0 ;
in:134 out:134 type:P dur:2 cpbdur:2 q:39.15 aq:30.07 tex:25156 mv:12443 misc:2785 imb:798 pmb:1124 smb:2398 d:s ref:0 ;
in:136 out:135 type:P dur:2 cpbdur:2 q:39.14 aq:30.51 tex:52947 mv:15431 misc:2406 imb:1079 pmb:1328 smb:1913 d:s ref:0 ;
in:135 out:136 type:b dur:2 cpbdur:2 q:39.15 aq:35.97 tex:2015 mv:7278 misc:2475 imb:180 pmb:647 smb:3493 d:s ref:0 ;
in:138 out:137 type:P dur:2 cpbdur:2 q:39.16 aq:30.62 tex:58307 mv:14069 misc:2800 imb:811 pmb:1348 smb:2161 d:s ref:0 ;
in:137 out:138 type:b dur:2 cpbdur:2 q:39.15 aq:32.61 tex:1556 mv:6912 misc:2260 imb:224 pmb:583 smb:3513 d:t ref:0 ;
in:140 out:139 type:P dur:2 cpbdur:2 q:39.17 aq:30.59 tex:56318 mv:12187 misc:2895 imb:709 pmb:1295 smb:2316 d:s ref:0 ;
in:139 out:140 type:b dur:2 cpbdur:2 q:39.16 aq:35.50 tex:1119 mv:5264 misc:1841 imb:208 pmb:402 smb:3710 d:t ref:0 ;
in:144 out:141 type:P dur:2 cpbdur:2 q:39.11 aq:31.03 tex:66312 mv:11387 misc:2861 imb:659 pmb:1215 smb:2446 d:s ref:0 ;
in:142 out:142 type:B dur:2 cpbdur:2 q:39.14 aq:39.66 tex:2541 mv:5098 misc:1809 imb:122 pmb:442 smb:3756 d:s ref:0 ;
in:141 out:143 type:b dur:2 cpbdur:2 q:39.15 aq:37.95 tex:1049 mv:2814 misc:1417 imb:81 pmb:245 smb:3994 d:s ref:0 ;
in:143 out:144 type:b dur:2 cpbdur:2 q:39.12 aq:39.58 tex:633 mv:820 misc:779 imb:14 pmb:93 smb:4213 d:- ref:0 ;
in:148 out:145 type:P dur:2 cpbdur:2 q:39.41 aq:31.07 tex:62363 mv:8924 misc:2713 imb:672 pmb:1080 smb:2568 d:s ref:0 ;
in:146 out:146 type:B dur:2 cpbdur:2 q:39.26 aq:41.07 tex:840 mv:1159 misc:1025 imb:20 pmb:186 smb:4114 d:s ref:0 ;
in:145 out:147 type:b dur:2 cpbdur:2 q:39.18 aq:36.85 tex:670 mv:845 misc:637 imb:57 pmb:51 smb:4212 d:s ref:0 ;
in:147 out:148 type:b dur:2 cpbdur:2 q:39.34 aq:26.71 tex:297 mv:316 misc:507 imb:12 pmb:85 smb:4223 d:- ref:0 ;
in:149 out:149 type:P dur:2 cpbdur:2 q:40.95 aq:33.33 tex:4051 mv:738 misc:1147 imb:32 pmb:169 smb:4119 d:s ref:0 ;
in:150 out:150 type:P dur:2 cpbdur:2 q:41.37 aq:33.49 tex:8405 mv:1601 misc:1882 imb:55 pmb:384 smb:3881 d:s ref:0 ;
in:151 out:151 type:P dur:2 cpbdur:2 q:41.43 aq:33.02 tex:4314 mv:1284 misc:1546 imb:95 pmb:213 smb:4012 d:s ref:0 ;
in:153 out:152 type:P dur:2 cpbdur:2 q:41.72 aq:33.06 tex:4082 mv:1335 misc:1487 imb:113 pmb:184 smb:4023 d:s ref:0 ;
in:152 out:153 type:b dur:2 cpbdur:2 q:41.57 aq:43.71 tex:159 mv:90 misc:271 imb:3 pmb:5 smb:4312 d:t ref:0 ;
in:154 out:154 type:P dur:2 cpbdur:2 q:42.25 aq:30.96 tex:902 mv:372 misc:598 imb:38 pmb:37 smb:4245 d:s ref:0 ;
in:158 out:155 type:P dur:2 cpbdur:2 q:42.83 aq:27.62 tex:213 mv:121 misc:322 imb:12 pmb:7 smb:4301 d:s ref:0 ;
in:156 out:156 type:B dur:2 cpbdur:2 q:42.54 aq:32.07 tex:176 mv:117 misc:331 imb:7 pmb:9 smb:4304 d:s ref:0 ;
in:155 out:157 type:b dur:2 cpbdur:2 q:42.39 aq:31.77 tex:139 mv:142 misc:311 imb:9 pmb:12 smb:4299 d:s ref:0 ;
in:157 out:158 type:b dur:2 cpbdur:2 q:42.68 aq:42.86 tex:47 mv:20 misc:285 imb:0 pmb:7 smb:4313 d:- ref:0 ;
in:161 out:159 type:P dur:2 cpbdur:2 q:43.72 aq:36.78 tex:517 mv:107 misc:312 imb:3 pmb:9 smb:4308 d:s ref:0 ;
in:159 out:160 type:B dur:2 cpbdur:2 q:43.13 aq:44.49 tex:77 mv:49 misc:282 imb:3 pmb:3 smb:4314 d:s ref:0 ;
in:160 out:161 type:b dur:2 cpbdur:2 q:43.43 aq:45.49 tex:80 mv:100 misc:276 imb:0 pmb:8 smb:4312 d:- ref:0 ;
in:165 out:162 type:P dur:2 cpbdur:2 q:43.40 aq:42.53 tex:326 mv:105 misc:337 imb:3 pmb:10 smb:4307 d:s ref:0 ;
in:163 out:163 type:B dur:2 cpbdur:2 q:43.56 aq:44.61 tex:86 mv:53 misc:285 imb:0 pmb:4 smb:4316 d:s ref:0 ;
in:162 out:164 type:b dur:2 cpbdur:2 q:43.64 aq:46.61 tex:55 mv:38 misc:267 imb:0 pmb:4 smb:4316 d:s ref:0 ;
in:164 out:165 type:b dur:2 cpbdur:2 q:43.48 aq:41.00 tex:2 mv:67 misc:267 imb:0 pmb:4 smb:4316 d:- ref:0 ;
in:169 out:166 type:P dur:2 cpbdur:2 q:43.41 aq:36.22 tex:17595 mv:2879 misc:718 imb:201 pmb:157 smb:3962 d:s ref:0 ;
in:167 out:167 type:B dur:2 cpbdur:2 q:43.40 aq:45.61 tex:70 mv:165 misc:477 imb:0 pmb:69 smb:4251 d:s ref:0 ;
in:166 out:168 type:b dur:2 cpbdur:2 q:43.40 aq:41.00 tex:11 mv:113 misc:444 imb:0 pmb:61 smb:4259 d:s ref:0 ;
in:168 out:169 type:b dur:2 cpbdur:2 q:43.41 aq:44.97 tex:30 mv:78 misc:308 imb:0 pmb:12 smb:4308 d:- ref:0 ;
in:170 out:170 type:P dur:2 cpbdur:2 q:43.24 aq:36.37 tex:1444 mv:535 misc:573 imb:9 pmb:74 smb:4237 d:s ref:0 ;
in:172 out:171 type:P dur:2 cpbdur:2 q:43.15 aq:35.48 tex:1851 mv:617 misc:540 imb:14 pmb:78 smb:4228 d:s ref:0 ;
in:171 out:172 type:b dur:2 cpbdur:2 q:43.20 aq:41.00 tex:0 mv:0 misc:256 imb:0 pmb:0 smb:4320 d:s ref:0 ;
in:176 out:173 type:P dur:2 cpbdur:2 q:42.92 aq:37.46 tex:3401 mv:1194 misc:469 imb:34 pmb:103 smb:4183 d:s ref:0 ;
in:174 out:174 type:B dur:2 cpbdur:2 q:43.03 aq:43.18 tex:100 mv:195 misc:401 imb:2 pmb:35 smb:4283 d:s ref:0 ;
in:173 out:175 type:b dur:2 cpbdur:2 q:43.09 aq:41.00 tex:0 mv:0 misc:256 imb:0 pmb:0 smb:4320 d:s ref:0 ;
in:175 out:176 type:b dur:2 cpbdur:2 q:42.98 aq:45.22 tex:31 mv:57 misc:312 imb:0 pmb:11 smb:4309 d:- ref:0 ;
in:180 out:177 type:P dur:2 cpbdur:2 q:42.52 aq:33.69 tex:3039 mv:1108 misc:517 imb:26 pmb:110 smb:4184 d:s ref:0 ;
in:178 out:178 type:B dur:2 cpbdur:2 q:42.72 aq:42.63 tex:211 mv:132 misc:385 imb:1 pmb:22 smb:4297 d:s ref:0 ;
in:177 out:179 type:b dur:2 cpbdur:2 q:42.82 aq:41.00 tex:0 mv:0 misc:256 imb:0 pmb:0 smb:4320 d:s ref:0 ;
in:179 out:180 type:b dur:2 cpbdur:2 q:42.62 aq:42.16 tex:58 mv:55 misc:327 imb:0 pmb:13 smb:4307 d:- ref:0 ;
in:182 out:181 type:P dur:2 cpbdur:2 q:42.14 aq:31.48 tex:1846 mv:824 misc:570 imb:18 pmb:89 smb:4213 d:s ref:0 ;
in:181 out:182 type:b dur:2 cpbdur:2 q:42.33 aq:40.00 tex:0 mv:0 misc:256 imb:0 pmb:0 smb:4320 d:s ref:0 ;
in:186 out:183 type:P dur:2 cpbdur:2 q:41.92 aq:35.77 tex:6190 mv:1666 misc:496 imb:65 pmb:118 smb:4137 d:s ref:0 ;
in:184 out:184 type:B dur:2 cpbdur:2 q:42.03 aq:44.76 tex:376 mv:280 misc:456 imb:1 pmb:44 smb:4275 d:s ref:0 ;
in:183 out:185 type:b dur:2 cpbdur:2 q:42.09 aq:44.36 tex:47 mv:71 misc:298 imb:1 pmb:9 smb:4310 d:s ref:0 ;
in:185 out:186 type:b dur:2 cpbdur:2 q:41.98 aq:43.01 tex:136 mv:150 misc:410 imb:1 pmb:37 smb:4282 d:- ref:0 ;
in:188 out:187 type:P dur:2 cpbdur:2 q:41.58 aq:34.81 tex:5813 mv:1241 misc:530 imb:31 pmb:115 smb:4174 d:s ref:0 ;
in:187 out:188 type:b dur:2 cpbdur:2 q:41.75 aq:42.07 tex:194 mv:125 misc:329 imb:1 pmb:18 smb:4301 d:s ref:0 ;
in:190 out:189 type:P dur:2 cpbdur:2 q:41.46 aq:30.23 tex:1974 mv:468 misc:574 imb:19 pmb:72 smb:4229 d:s ref:0 ;
in:189 out:190 type:b dur:2 cpbdur:2 q:41.52 aq:40.74 tex:131 mv:103 misc:286 imb:1 pmb:11 smb:4308 d:s ref:0 ;
in:193 out:191 type:P dur:2 cpbdur:2 q:41.31 aq:36.91 tex:665 mv:244 misc:403 imb:17 pmb:20 smb:4283 d:s ref:0 ;
in:191 out:192 type:B dur:2 cpbdur:2 q:41.41 aq:33.56 tex:214 mv:153 misc:329 imb:10 pmb:12 smb:4298 d:s ref:0 ;
in:192 out:193 type:b dur:2 cpbdur:2 q:41.36 aq:34.33 tex:213 mv:128 misc:307 imb:7 pmb:12 smb:4301 d:- ref:0 ;
in:194 out:194 type:P dur:2 cpbdur:2 q:41.01 aq:32.48 tex:798 mv:289 misc:529 imb:30 pmb:24 smb:4266 d:s ref:0 ;
in:198 out:195 type:P dur:2 cpbdur:2 q:40.94 aq:27.79 tex:418 mv:156 misc:386 imb:20 pmb:9 smb:4291 d:s ref:0 ;
in:196 out:196 type:B dur:2 cpbdur:2 q:40.97 aq:38.59 tex:72 mv:52 misc:308 imb:0 pmb:12 smb:4308 d:s ref:0 ;
in:195 out:197 type:b dur:2 cpbdur:2 q:40.99 aq:39.97 tex:163 mv:97 misc:276 imb:5 pmb:8 smb:4307 d:s ref:0 ;
in:197 out:198 type:b dur:2 cpbdur:2 q:40.96 aq:39.98 tex:103 mv:19 misc:270 imb:0 pmb:5 smb:4315 d:- ref:0 ;
in:202 out:199 type:P dur:2 cpbdur:2 q:40.56 aq:29.39 tex:3499 mv:4799 misc:2406 imb:272 pmb:439 smb:3609 d:s ref:0 ;
in:200 out:200 type:B dur:2 cpbdur:2 q:40.75 aq:30.60 tex:476 mv:1399 misc:1405 imb:38 pmb:404 smb:3878 d:s ref:0 ;
in:199 out:201 type:b dur:2 cpbdur:2 q:40.85 aq:40.00 tex:121 mv:40 misc:271 imb:0 pmb:5 smb:4315 d:s ref:0 ;
in:201 out:202 type:b dur:2 cpbdur:2 q:40.66 aq:33.91 tex:71 mv:330 misc:383 imb:2 pmb:31 smb:4287 d:- ref:0 ;
in:203 out:203 type:P dur:2 cpbdur:2 q:40.40 aq:33.04 tex:25918 mv:10104 misc:2882 imb:1024 pmb:643 smb:2653 d:s ref:0 ;
in:205 out:204 type:P dur:2 cpbdur:2 q:40.44 aq:33.41 tex:40799 mv:14607 misc:2482 imb:1478 pmb:892 smb:1950 d:s ref:0 ;
in:204 out:205 type:b dur:2 cpbdur:2 q:40.42 aq:33.77 tex:1390 mv:6748 misc:2606 imb:176 pmb:578 smb:3566 d:s ref:0 ;
in:206 out:206 type:P dur:2 cpbdur:2 q:40.48 aq:32.47 tex:13293 mv:10446 misc:2989 imb:618 pmb:993 smb:2709 d:s ref:0 ;
in:208 out:207 type:P dur:2 cpbdur:2 q:40.51 aq:31.78 tex:27900 mv:13110 misc:2718 imb:787 pmb:1084 smb:2449 d:s ref:0 ;
in:207 out:208 type:b dur:2 cpbdur:2 q:40.50 aq:30.40 tex:1014 mv:5726 misc:2252 imb:117 pmb:595 smb:3608 d:t ref:0 ;
in:210 out:209 type:P dur:2 cpbdur:2 q:40.52 aq:31.44 tex:31632 mv:12669 misc:2683 imb:696 pmb:1185 smb:2439 d:s ref:0 ;
in:209 out:210 type:b dur:2 cpbdur:2 q:40.51 aq:33.82 tex:768 mv:4272 misc:1864 imb:94 pmb:424 smb:3802 d:t ref:0 ;
in:214 out:211 type:P dur:2 cpbdur:2 q:40.52 aq:28.34 tex:54564 mv:14587 misc:2529 imb:1104 pmb:1172 smb:2044 d:s ref:0 ;
in:212 out:212 type:B dur:2 cpbdur:2 q:40.52 aq:33.92 tex:1854 mv:5230 misc:2260 imb:84 pmb:580 smb:3656 d:s ref:0 ;
in:211 out:213 type:b dur:2 cpbdur:2 q:40.52 aq:31.28 tex:973 mv:4659 misc:1840 imb:80 pmb:439 smb:3801 d:s ref:0 ;
in:213 out:214 type:b dur:2 cpbdur:2 q:40.52 aq:34.91 tex:418 mv:2095 misc:1167 imb:52 pmb:227 smb:4041 d:- ref:0 ;
in:218 out:215 type:P dur:2 cpbdur:2 q:40.45 aq:31.06 tex:33130 mv:8164 misc:2778 imb:391 pmb:988 smb:2941 d:s ref:0 ;
in:216 out:216 type:B dur:2 cpbdur:2 q:40.48 aq:33.75 tex:817 mv:1962 misc:1293 imb:12 pmb:235 smb:4073 d:s ref:0 ;
in:215 out:217 type:b dur:2 cpbdur:2 q:40.50 aq:36.19 tex:112 mv:929 misc:679 imb:6 pmb:85 smb:4229 d:s ref:0 ;
in:217 out:218 type:b dur:2 cpbdur:2 q:40.46 aq:33.97 tex:137 mv:662 misc:657 imb:9 pmb:74 smb:4237 d:- ref:0 ;
in:222 out:219 type:P dur:2 cpbdur:2 q:40.29 aq:32.14 tex:26102 mv:6678 misc:2636 imb:372 pmb:833 smb:3115 d:s ref:0 ;
in:220 out:220 type:B dur:2 cpbdur:2 q:40.37 aq:39.87 tex:2426 mv:2483 misc:827 imb:88 pmb:149 smb:4083 d:t ref:0 ;
in:219 out:221 type:b dur:2 cpbdur:2 q:40.41 aq:40.08 tex:924 mv:1314 misc:626 imb:22 pmb:104 smb:4194 d:s ref:0 ;
in:221 out:222 type:b dur:2 cpbdur:2 q:40.33 aq:38.80 tex:755 mv:1235 misc:642 imb:37 pmb:102 smb:4181 d:- ref:0 ;
in:226 out:223 type:P dur:2 cpbdur:2 q:40.85 aq:31.77 tex:16667 mv:5133 misc:2440 imb:221 pmb:694 smb:3405 d:s ref:0 ;
in:224 out:224 type:B dur:2 cpbdur:2 q:40.57 aq:37.80 tex:604 mv:542 misc:630 imb:5 pmb:99 smb:4216 d:s ref:0 ;
in:223 out:225 type:b dur:2 cpbdur:2 q:40.43 aq:35.81 tex:272 mv:254 misc:530 imb:3 pmb:69 smb:4248 d:s ref:0 ;
in:225 out:226 type:b dur:2 cpbdur:2 q:40.71 aq:39.20 tex:79 mv:63 misc:274 imb:1 pmb:7 smb:4312 d:- ref:0 ;
in:227 out:227 type:P dur:2 cpbdur:2 q:41.56 aq:35.94 tex:1714 mv:895 misc:927 imb:37 pmb:114 smb:4169 d:s ref:0 ;
in:231 out:228 type:P dur:2 cpbdur:2 q:41.56 aq:32.54 tex:5173 mv:2369 misc:1034 imb:145 pmb:164 smb:4011 d:s ref:0 ;
in:229 out:229 type:B dur:2 cpbdur:2 q:41.56 aq:37.46 tex:771 mv:1286 misc:631 imb:21 pmb:113 smb:4186 d:s ref:0 ;
in:228 out:230 type:b dur:2 cpbdur:2 q:41.56 aq:40.62 tex:140 mv:129 misc:355 imb:0 pmb:21 smb:4299 d:s ref:0 ;
in:230 out:231 type:b dur:2 cpbdur:2 q:41.56 aq:41.38 tex:124 mv:431 misc:413 imb:1 pmb:41 smb:4278 d:- ref:0 ;
in:235 out:232 type:P dur:2 cpbdur:2 q:41.91 aq:33.14 tex:8198 mv:2446 misc:548 imb:111 pmb:155 smb:4054 d:s ref:0 ;
in:233 out:233 type:B dur:2 cpbdur:2 q:41.74 aq:38.75 tex:691 mv:859 misc:562 imb:11 pmb:91 smb:4218 d:s ref:0 ;
in:232 out:234 type:b dur:2 cpbdur:2 q:41.65 aq:36.76 tex:144 mv:322 misc:494 imb:3 pmb:76 smb:4241 d:s ref:0 ;
in:234 out:235 type:b dur:2 cpbdur:2 q:41.83 aq:39.00 tex:4 mv:143 misc:317 imb:0 pmb:17 smb:4303 d:- ref:0 ;
in:239 out:236 type:P dur:2 cpbdur:2 q:42.00 aq:34.98 tex:513 mv:241 misc:446 imb:4 pmb:32 smb:4284 d:s ref:0 ;
in:237 out:237 type:B dur:2 cpbdur:2 q:41.96 aq:38.83 tex:74 mv:42 misc:292 imb:0 pmb:6 smb:4314 d:t ref:0 ;
in:236 out:238 type:b dur:2 cpbdur:2 q:41.94 aq:40.04 tex:40 mv:57 misc:271 imb:0 pmb:5 smb:4315 d:s ref:0 ;
in:238 out:239 type:b dur:2 cpbdur:2 q:41.98 aq:39.00 tex:1 mv:16 misc:263 imb:0 pmb:2 smb:4318 d:- ref:0 ;
in:243 out:240 type:P dur:2 cpbdur:2 q:41.97 aq:35.45 tex:446 mv:165 misc:365 imb:8 pmb:12 smb:4300 d:s ref:0 ;
in:241 out:241 type:B dur:2 cpbdur:2 q:41.98 aq:38.00 tex:3 mv:37 misc:280 imb:0 pmb:5 smb:4315 d:s ref:0 ;
in:240 out:242 type:b dur:2 cpbdur:2 q:41.99 aq:39.00 tex:0 mv:15 misc:257 imb:0 pmb:1 smb:4319 d:s ref:0 ;
in:242 out:243 type:b dur:2 cpbdur:2 q:41.98 aq:39.00 tex:0 mv:25 misc:263 imb:0 pmb:3 smb:4317 d:- ref:0 ;
in:247 out:244 type:P dur:2 cpbdur:2 q:41.72 aq:37.44 tex:445 mv:146 misc:313 imb:12 pmb:4 smb:4304 d:s ref:0 ;
in:245 out:245 type:B dur:2 cpbdur:2 q:41.85 aq:37.76 tex:192 mv:89 misc:319 imb:3 pmb:16 smb:4301 d:t ref:0 ;
in:244 out:246 type:b dur:2 cpbdur:2 q:41.91 aq:39.96 tex:170 mv:25 misc:285 imb:0 pmb:7 smb:4313 d:s ref:0 ;
in:246 out:247 type:b dur:2 cpbdur:2 q:41.78 aq:38.91 tex:145 mv:147 misc:300 imb:9 pmb:7 smb:4304 d:- ref:0 ;
in:248 out:248 type:P dur:2 cpbdur:2 q:41.38 aq:31.73 tex:297 mv:131 misc:316 imb:22 pmb:4 smb:4294 d:s ref:0 ;
in:249 out:249 type:P dur:2 cpbdur:2 q:41.31 aq:29.76 tex:403 mv:122 misc:323 imb:23 pmb:2 smb:4295 d:s ref:0 ;
in:250 out:250 type:I dur:2 cpbdur:2 q:38.56 aq:26.11 tex:124060 mv:49518 misc:574 imb:4320 pmb:0 smb:0 d:s ref:;
in:254 out:251 type:P dur:2 cpbdur:2 q:42.24 aq:30.17 tex:271 mv:81 misc:296 imb:13 pmb:3 smb:4304 d:s ref:0 ;
in:252 out:252 type:B dur:2 cpbdur:2 q:42.24 aq:44.22 tex:172 mv:54 misc:294 imb:1 pmb:15 smb:4304 d:s ref:0 ;
in:251 out:253 type:b dur:2 cpbdur:2 q:42.24 aq:32.57 tex:235 mv:97 misc:300 imb:5 pmb:10 smb:4305 d:s ref:0 ;
in:253 out:254 type:b dur:2 cpbdur:2 q:42.24 aq:45.05 tex:191 mv:48 misc:281 imb:2 pmb:6 smb:4312 d:- ref:0 ;
in:257 out:255 type:P dur:2 cpbdur:2 q:41.87 aq:38.00 tex:444 mv:65 misc:283 imb:6 pmb:5 smb:4309 d:s ref:0 ;
in:255 out:256 type:B dur:2 cpbdur:2 q:42.12 aq:44.18 tex:157 mv:82 misc:297 imb:1 pmb:8 smb:4311 d:s ref:0 ;
in:256 out:257 type:b dur:2 cpbdur:2 q:41.99 aq:42.90 tex:102 mv:59 misc:271 imb:0 pmb:7 smb:4313 d:- ref:0 ;
in:259 out:258 type:P dur:2 cpbdur:2 q:41.55 aq:41.06 tex:1979 mv:525 misc:488 imb:65 pmb:44 smb:4211 d:s ref:0 ;
in:258 out:259 type:b dur:2 cpbdur:2 q:41.71 aq:39.00 tex:0 mv:48 misc:264 imb:0 pmb:4 smb:4316 d:s ref:0 ;
in:263 out:260 type:P dur:2 cpbdur:2 q:41.36 aq:28.35 tex:41452 mv:8727 misc:893 imb:3744 pmb:95 smb:481 d:s ref:0 ;
in:261 out:261 type:B dur:2 cpbdur:2 q:41.46 aq:41.79 tex:4660 mv:4387 misc:1809 imb:105 pmb:502 smb:3713 d:s ref:0 ;
in:260 out:262 type:b dur:2 cpbdur:2 q:41.50 aq:36.22 tex:194 mv:1626 misc:1628 imb:32 pmb:378 smb:3910 d:s ref:0 ;
in:262 out:263 type:b dur:2 cpbdur:2 q:41.41 aq:38.80 tex:6832 mv:7657 misc:2551 imb:355 pmb:623 smb:3342 d:- ref:0 ;
in:264 out:264 type:P dur:2 cpbdur:2 q:41.22 aq:32.42 tex:3404 mv:3814 misc:1542 imb:266 pmb:247 smb:3807 d:s ref:0 ;
in:265 out:265 type:P dur:2 cpbdur:2 q:41.18 aq:34.22 tex:4619 mv:2674 misc:1331 imb:133 pmb:282 smb:3905 d:s ref:0 ;
in:266 out:266 type:P dur:2 cpbdur:2 q:41.12 aq:34.46 tex:6839 mv:3843 misc:1750 imb:161 pmb:395 smb:3764 d:s ref:0 ;
in:267 out:267 type:P dur:2 cpbdur:2 q:41.08 aq:34.17 tex:9573 mv:3854 misc:1749 imb:195 pmb:499 smb:3626 d:s ref:0 ;
in:268 out:268 type:P dur:2 cpbdur:2 q:41.25 aq:31.69 tex:14019 mv:5427 misc:2050 imb:221 pmb:619 smb:3480 d:s ref:0 ;
in:269 out:269 type:P dur:2 cpbdur:2 q:41.21 aq:32.82 tex:16633 mv:5698 misc:2093 imb:377 pmb:641 smb:3302 d:s ref:0 ;
in:271 out:270 type:P dur:2 cpbdur:2 q:41.18 aq:32.94 tex:29409 mv:7285 misc:2122 imb:476 pmb:786 smb:3058 d:s ref:0 ;
in:270 out:271 type:b dur:2 cpbdur:2 q:41.19 aq:31.44 tex:471 mv:2500 misc:1461 imb:76 pmb:304 smb:3940 d:t ref:0 ;
in:273 out:272 type:P dur:2 cpbdur:2 q:41.13 aq:30.78 tex:28257 mv:6408 misc:2183 imb:378 pmb:724 smb:3218 d:s ref:0 ;
in:272 out:273 type:b dur:2 cpbdur:2 q:41.15 aq:38.46 tex:642 mv:1938 misc:1316 imb:19 pmb:324 smb:3977 d:t ref:0 ;
in:277 out:274 type:P dur:2 cpbdur:2 q:41.06 aq:31.37 tex:31115 mv:4932 misc:1737 imb:408 pmb:611 smb:3301 d:s ref:0 ;
in:275 out:275 type:B dur:2 cpbdur:2 q:41.09 aq:33.96 tex:615 mv:1353 misc:1120 imb:14 pmb:208 smb:4098 d:s ref:0 ;
in:274 out:276 type:b dur:2 cpbdur:2 q:41.11 aq:44.42 tex:130 mv:1268 misc:1010 imb:5 pmb:173 smb:4142 d:s ref:0 ;
in:276 out:277 type:b dur:2 cpbdur:2 q:41.07 aq:44.97 tex:124 mv:650 misc:594 imb:2 pmb:84 smb:4234 d:- ref:0 ;
in:281 out:278 type:P dur:2 cpbdur:2 q:41.22 aq:32.90 tex:17094 mv:2954 misc:1304 imb:253 pmb:483 smb:3584 d:s ref:0 ;
in:279 out:279 type:B dur:2 cpbdur:2 q:41.14 aq:42.26 tex:146 mv:523 misc:571 imb:1 pmb:64 smb:4255 d:t ref:0 ;
in:278 out:280 type:b dur:2 cpbdur:2 q:41.10 aq:45.00 tex:58 mv:366 misc:384 imb:22 pmb:17 smb:4281 d:s ref:0 ;
in:280 out:281 type:b dur:2 cpbdur:2 q:41.18 aq:41.96 tex:25 mv:60 misc:267 imb:1 pmb:3 smb:4316 d:- ref:0 ;
in:285 out:282 type:P dur:2 cpbdur:2 q:41.25 aq:35.77 tex:20291 mv:5636 misc:1753 imb:789 pmb:510 smb:3021 d:s ref:0 ;
in:283 out:283 type:B dur:2 cpbdur:2 q:41.24 aq:38.25 tex:109 mv:533 misc:670 imb:4 pmb:113 smb:4203 d:s ref:0 ;
in:282 out:284 type:b dur:2 cpbdur:2 q:41.23 aq:45.00 tex:1 mv:25 misc:262 imb:0 pmb:2 smb:4318 d:s ref:0 ;
in:284 out:285 type:b dur:2 cpbdur:2 q:41.24 aq:36.48 tex:203 mv:405 misc:600 imb:9 pmb:99 smb:4212 d:- ref:0 ;
in:287 out:286 type:P dur:2 cpbdur:2 q:41.41 aq:33.29 tex:25815 mv:6170 misc:1655 imb:1576 pmb:251 smb:2493 d:s ref:0 ;
in:286 out:287 type:b dur:2 cpbdur:2 q:41.33 aq:42.66 tex:1026 mv:734 misc:616 imb:38 pmb:70 smb:4212 d:s ref:0 ;
in:289 out:288 type:P dur:2 cpbdur:2 q:41.81 aq:34.59 tex:1299 mv:284 misc:577 imb:10 pmb:47 smb:4263 d:s ref:0 ;
in:288 out:289 type:b dur:2 cpbdur:2 q:41.61 aq:46.00 tex:16 mv:71 misc:289 imb:0 pmb:12 smb:4308 d:s ref:0 ;
in:290 out:290 type:P dur:2 cpbdur:2 q:41.96 aq:36.33 tex:501 mv:94 misc:341 imb:8 pmb:8 smb:4304 d:s ref:0 ;
in:294 out:291 type:P dur:2 cpbdur:2 q:41.91 aq:34.66 tex:3141 mv:2191 misc:1068 imb:890 pmb:83 smb:3347 d:s ref:0 ;
in:292 out:292 type:B dur:2 cpbdur:2 q:41.93 aq:30.46 tex:342 mv:338 misc:752 imb:8 pmb:111 smb:4201 d:s ref:0 ;
in:291 out:293 type:b dur:2 cpbdur:2 q:41.94 aq:45.81 tex:54 mv:82 misc:272 imb:1 pmb:5 smb:4314 d:t ref:0 ;
in:293 out:294 type:b dur:2 cpbdur:2 q:41.92 aq:46.00 tex:182 mv:79 misc:291 imb:0 pmb:9 smb:4311 d:- ref:0 ;
in:296 out:295 type:P dur:2 cpbdur:2 q:41.95 aq:31.94 tex:9397 mv:3757 misc:1086 imb:1143 pmb:194 smb:2983 d:s ref:0 ;
in:295 out:296 type:b dur:2 cpbdur:2 q:41.93 aq:29.38 tex:170 mv:396 misc:770 imb:13 pmb:162 smb:4145 d:s ref:0 ;
in:299 out:297 type:P dur:2 cpbdur:2 q:41.96 aq:33.88 tex:9759 mv:4433 misc:1376 imb:463 pmb:295 smb:3562 d:s ref:0 ;
in:297 out:298 type:B dur:2 cpbdur:2 q:41.96 aq:43.89 tex:404 mv:191 misc:341 imb:4 pmb:15 smb:4301 d:s ref:0 ;
in:298 out:299 type:b dur:2 cpbdur:2 q:41.96 aq:43.75 tex:285 mv:413 misc:478 imb:13 pmb:50 smb:4257 d:- ref:0 ;
in:300 out:300 type:P dur:2 cpbdur:2 q:41.95 aq:35.57 tex:2426 mv:1180 misc:1186 imb:156 pmb:105 smb:4059 d:s ref:0 ;
in:301 out:301 type:P dur:2 cpbdur:2 q:41.90 aq:35.31 tex:7446 mv:3300 misc:1222 imb:429 pmb:244 smb:3647 d:s ref:0 ;
in:302 out:302 type:P dur:2 cpbdur:2 q:41.89 aq:36.46 tex:3158 mv:1406 misc:1116 imb:87 pmb:174 smb:4059 d:s ref:0 ;
in:303 out:303 type:P dur:2 cpbdur:2 q:41.84 aq:28.82 tex:539 mv:341 misc:560 imb:26 pmb:31 smb:4263 d:s ref:0 ;
in:306 out:304 type:P dur:2 cpbdur:2 q:41.91 aq:34.92 tex:11314 mv:4214 misc:1272 imb:419 pmb:334 smb:3567 d:s ref:0 ;
in:304 out:305 type:B dur:2 cpbdur:2 q:41.86 aq:45.00 tex:163 mv:120 misc:349 imb:0 pmb:20 smb:4300 d:s ref:0 ;
in:305 out:306 type:b dur:2 cpbdur:2 q:41.89 aq:45.72 tex:135 mv:180 misc:357 imb:0 pmb:23 smb:4297 d:- ref:0 ;
in:309 out:307 type:P dur:2 cpbdur:2 q:41.76 aq:32.27 tex:6304 mv:1256 misc:1392 imb:106 pmb:252 smb:3962 d:s ref:0 w:7,119,1 ;
in:307 out:308 type:B dur:2 cpbdur:2 q:41.86 aq:40.56 tex:92 mv:301 misc:559 imb:9 pmb:50 smb:4261 d:s ref:0 ;
in:308 out:309 type:b dur:2 cpbdur:2 q:41.81 aq:42.95 tex:36 mv:172 misc:416 imb:2 pmb:30 smb:4288 d:- ref:0 ;
in:310 out:310 type:P dur:2 cpbdur:2 q:41.54 aq:33.26 tex:8950 mv:925 misc:1501 imb:47 pmb:318 smb:3955 d:s ref:0 w:7,123,1 ;
in:314 out:311 type:P dur:2 cpbdur:2 q:41.48 aq:35.29 tex:12727 mv:3666 misc:1015 imb:876 pmb:129 smb:3315 d:s ref:0 ;
in:312 out:312 type:B dur:2 cpbdur:2 q:41.51 aq:38.70 tex:1876 mv:1465 misc:995 imb:120 pmb:91 smb:4109 d:s ref:0 ;
in:311 out:313 type:b dur:2 cpbdur:2 q:41.53 aq:40.36 tex:247 mv:356 misc:381 imb:7 pmb:22 smb:4291 d:s ref:0 ;
in:313 out:314 type:b dur:2 cpbdur:2 q:41.50 aq:46.00 tex:101 mv:100 misc:303 imb:0 pmb:11 smb:4309 d:- ref:0 ;
in:316 out:315 type:P dur:2 cpbdur:2 q:41.32 aq:31.10 tex:8141 mv:2959 misc:1228 imb:794 pmb:104 smb:3422 d:s ref:0 ;
in:315 out:316 type:b dur:2 cpbdur:2 q:41.40 aq:42.80 tex:593 mv:613 misc:562 imb:17 pmb:64 smb:4239 d:s ref:0 ;
in:319 out:317 type:P dur:2 cpbdur:2 q:41.21 aq:28.27 tex:6770 mv:1662 misc:1096 imb:239 pmb:66 smb:4015 d:s ref:0 ;
in:317 out:318 type:B dur:2 cpbdur:2 q:41.28 aq:37.80 tex:356 mv:306 misc:466 imb:10 pmb:49 smb:4261 d:s ref:0 ;
in:318 out:319 type:b dur:2 cpbdur:2 q:41.25 aq:36.52 tex:64 mv:191 misc:537 imb:3 pmb:59 smb:4258 d:- ref:0 ;
in:323 out:320 type:P dur:2 cpbdur:2 q:41.08 aq:31.48 tex:868 mv:196 misc:496 imb:4 pmb:38 smb:4278 d:s ref:0 ;
in:321 out:321 type:B dur:2 cpbdur:2 q:41.14 aq:43.00 tex:0 mv:29 misc:283 imb:0 pmb:5 smb:4315 d:s ref:0 ;
in:320 out:322 type:b dur:2 cpbdur:2 q:41.18 aq:40.57 tex:26 mv:75 misc:267 imb:1 pmb:5 smb:4314 d:s ref:0 ;
in:322 out:323 type:b dur:2 cpbdur:2 q:41.11 aq:45.00 tex:2 mv:47 misc:271 imb:0 pmb:5 smb:4315 d:- ref:0 ;
in:327 out:324 type:P dur:2 cpbdur:2 q:40.84 aq:35.45 tex:17489 mv:2709 misc:1106 imb:815 pmb:116 smb:3389 d:s ref:0 ;
in:325 out:325 type:B dur:2 cpbdur:2 q:40.96 aq:38.42 tex:2328 mv:1346 misc:974 imb:41 pmb:211 smb:4068 d:s ref:0 ;
in:324 out:326 type:b dur:2 cpbdur:2 q:41.02 aq:40.59 tex:114 mv:175 misc:559 imb:1 pmb:70 smb:4249 d:s ref:0 ;
in:326 out:327 type:b dur:2 cpbdur:2 q:40.90 aq:40.94 tex:1922 mv:2064 misc:1038 imb:175 pmb:177 smb:3968 d:- ref:0 ;
in:331 out:328 type:P dur:2 cpbdur:2 q:40.79 aq:34.00 tex:26754 mv:4157 misc:825 imb:831 pmb:135 smb:3354 d:s ref:0 ;
in:329 out:329 type:B dur:2 cpbdur:2 q:40.81 aq:38.91 tex:373 mv:265 misc:362 imb:3 pmb:25 smb:4292 d:s ref:0 ;
in:328 out:330 type:b dur:2 cpbdur:2 q:40.82 aq:37.55 tex:304 mv:484 misc:660 imb:8 pmb:100 smb:4212 d:s ref:0 ;
in:330 out:331 type:b dur:2 cpbdur:2 q:40.80 aq:36.71 tex:199 mv:103 misc:298 imb:1 pmb:12 smb:4307 d:- ref:0 ;
in:334 out:332 type:P dur:2 cpbdur:2 q:40.83 aq:34.62 tex:1429 mv:255 misc:516 imb:19 pmb:32 smb:4269 d:s ref:0 ;
in:332 out:333 type:B dur:2 cpbdur:2 q:40.80 aq:40.35 tex:239 mv:159 misc:338 imb:3 pmb:14 smb:4303 d:s ref:0 ;
in:333 out:334 type:b dur:2 cpbdur:2 q:40.82 aq:44.36 tex:86 mv:138 misc:296 imb:2 pmb:14 smb:4304 d:- ref:0 ;
in:335 out:335 type:P dur:2 cpbdur:2 q:40.79 aq:28.19 tex:13303 mv:2021 misc:1492 imb:272 pmb:394 smb:3654 d:s ref:0 w:7,121,1 ;
in:339 out:336 type:P dur:2 cpbdur:2 q:40.75 aq:32.78 tex:17185 mv:4935 misc:1320 imb:698 pmb:309 smb:3313 d:s ref:0 ;
in:337 out:337 type:B dur:2 cpbdur:2 q:40.77 aq:37.71 tex:1455 mv:933 misc:940 imb:39 pmb:175 smb:4106 d:s ref:0 ;
in:336 out:338 type:b dur:2 cpbdur:2 q:40.78 aq:39.39 tex:285 mv:331 misc:704 imb:7 pmb:108 smb:4205 d:s ref:0 ;
in:338 out:339 type:b dur:2 cpbdur:2 q:40.76 aq:45.00 tex:229 mv:159 misc:332 imb:1 pmb:21 smb:4298 d:- ref:0 ;
in:342 out:340 type:P dur:2 cpbdur:2 q:40.63 aq:31.00 tex:11236 mv:3289 misc:1331 imb:346 pmb:300 smb:3674 d:s ref:0 ;
in:340 out:341 type:B dur:2 cpbdur:2 q:40.71 aq:43.17 tex:284 mv:203 misc:377 imb:2 pmb:26 smb:4292 d:s ref:0 ;
in:341 out:342 type:b dur:2 cpbdur:2 q:40.67 aq:45.00 tex:161 mv:115 misc:292 imb:0 pmb:13 smb:4307 d:- ref:0 ;
in:345 out:343 type:P dur:2 cpbdur:2 q:40.65 aq:30.53 tex:14245 mv:4866 misc:1745 imb:1149 pmb:371 smb:2800 d:s ref:0 ;
in:343 out:344 type:B dur:2 cpbdur:2 q:40.64 aq:43.31 tex:40 mv:60 misc:292 imb:0 pmb:6 smb:4314 d:s ref:0 ;
in:344 out:345 type:b dur:2 cpbdur:2 q:40.64 aq:34.52 tex:67 mv:351 misc:614 imb:7 pmb:81 smb:4232 d:- ref:0 ;
in:349 out:346 type:P dur:2 cpbdur:2 q:40.70 aq:30.85 tex:960 mv:261 misc:531 imb:6 pmb:40 smb:4274 d:s ref:0 ;
in:347 out:347 type:B dur:2 cpbdur:2 q:40.68 aq:43.00 tex:2 mv:39 misc:287 imb:0 pmb:6 smb:4314 d:s ref:0 ;
in:346 out:348 type:b dur:2 cpbdur:2 q:40.66 aq:44.72 tex:23 mv:29 misc:268 imb:0 pmb:5 smb:4315 d:s ref:0 ;
in:348 out:349 type:b dur:2 cpbdur:2 q:40.69 aq:45.00 tex:2 mv:32 misc:270 imb:0 pmb:4 smb:4316 d:- ref:0 ;
in:353 out:350 type:P dur:2 cpbdur:2 q:40.41 aq:31.12 tex:1645 mv:193 misc:610 imb:7 pmb:62 smb:4251 d:s ref:0 ;
in:351 out:351 type:B dur:2 cpbdur:2 q:40.56 aq:43.00 tex:1 mv:28 misc:283 imb:0 pmb:4 smb:4316 d:s ref:0 ;
in:350 out:352 type:b dur:2 cpbdur:2 q:40.63 aq:45.00 tex:0 mv:9 misc:263 imb:0 pmb:1 smb:4319 d:s ref:0 ;
in:352 out:353 type:b dur:2 cpbdur:2 q:40.48 aq:45.00 tex:0 mv:3 misc:261 imb:0 pmb:1 smb:4319 d:- ref:0 ;
in:355 out:354 type:P dur:2 cpbdur:2 q:40.32 aq:30.66 tex:2211 mv:344 misc:805 imb:7 pmb:92 smb:4221 d:s ref:0 ;
in:354 out:355 type:b dur:2 cpbdur:2 q:40.36 aq:45.00 tex:0 mv:38 misc:274 imb:0 pmb:5 smb:4315 d:t ref:0 ;
in:358 out:356 type:P dur:2 cpbdur:2 q:40.24 aq:31.46 tex:14887 mv:4288 misc:1209 imb:1066 pmb:307 smb:2947 d:s ref:0 ;
in:356 out:357 type:B dur:2 cpbdur:2 q:40.29 aq:43.10 tex:197 mv:53 misc:294 imb:0 pmb:8 smb:4312 d:t ref:0 ;
in:357 out:358 type:b dur:2 cpbdur:2 q:40.27 aq:29.35 tex:217 mv:71 misc:296 imb:0 pmb:11 smb:4309 d:- ref:0 ;
in:362 out:359 type:P dur:2 cpbdur:2 q:40.21 aq:28.94 tex:4080 mv:1591 misc:1521 imb:291 pmb:154 smb:3875 d:s ref:0 ;
in:360 out:360 type:B dur:2 cpbdur:2 q:40.23 aq:42.93 tex:86 mv:77 misc:293 imb:0 pmb:8 smb:4312 d:s ref:0 ;
in:359 out:361 type:b dur:2 cpbdur:2 q:40.23 aq:44.00 tex:1 mv:37 misc:266 imb:0 pmb:4 smb:4316 d:t ref:0 ;
in:361 out:362 type:b dur:2 cpbdur:2 q:40.22 aq:44.00 tex:84 mv:38 misc:278 imb:0 pmb:6 smb:4314 d:- ref:0 ;
in:366 out:363 type:P dur:2 cpbdur:2 q:40.03 aq:28.97 tex:2700 mv:835 misc:1105 imb:220 pmb:79 smb:4021 d:s ref:0 ;
in:364 out:364 type:B dur:2 cpbdur:2 q:40.12 aq:42.00 tex:0 mv:35 misc:293 imb:0 pmb:6 smb:4314 d:s ref:0 ;
in:363 out:365 type:b dur:2 cpbdur:2 q:40.17 aq:44.00 tex:0 mv:10 misc:270 imb:0 pmb:2 smb:4318 d:s ref:0 ;
in:365 out:366 type:b dur:2 cpbdur:2 q:40.08 aq:44.00 tex:1 mv:9 misc:270 imb:0 pmb:3 smb:4317 d:- ref:0 ;
in:370 out:367 type:P dur:2 cpbdur:2 q:39.80 aq:28.25 tex:3693 mv:1109 misc:1302 imb:193 pmb:88 smb:4039 d:s ref:0 ;
in:368 out:368 type:B dur:2 cpbdur:2 q:39.92 aq:42.00 tex:1 mv:12 misc:283 imb:0 pmb:3 smb:4317 d:s ref:0 ;
in:367 out:369 type:b dur:2 cpbdur:2 q:39.98 aq:44.00 tex:0 mv:0 misc:256 imb:0 pmb:0 smb:4320 d:s ref:0 ;
in:369 out:370 type:b dur:2 cpbdur:2 q:39.86 aq:44.00 tex:0 mv:7 misc:273 imb:0 pmb:3 smb:4317 d:- ref:0 ;
in:374 out:371 type:P dur:2 cpbdur:2 q:39.62 aq:31.46 tex:1894 mv:156 misc:614 imb:11 pmb:55 smb:4254 d:s ref:0 ;
in:372 out:372 type:B dur:2 cpbdur:2 q:39.71 aq:42.45 tex:287 mv:93 misc:292 imb:1 pmb:9 smb:4310 d:s ref:0 ;
in:371 out:373 type:b dur:2 cpbdur:2 q:39.75 aq:44.00 tex:57 mv:43 misc:276 imb:0 pmb:8 smb:4312 d:s ref:0 ;
in:373 out:374 type:b dur:2 cpbdur:2 q:39.67 aq:43.86 tex:240 mv:74 misc:278 imb:2 pmb:9 smb:4309 d:- ref:0 ;
in:376 out:375 type:P dur:2 cpbdur:2 q:39.34 aq:29.67 tex:4880 mv:538 misc:1086 imb:28 pmb:149 smb:4143 d:s ref:0 ;
in:375 out:376 type:b dur:2 cpbdur:2 q:39.48 aq:43.22 tex:72 mv:105 misc:279 imb:1 pmb:11 smb:4308 d:s ref:0 ;
in:380 out:377 type:P dur:2 cpbdur:2 q:39.22 aq:31.83 tex:5973 mv:2736 misc:1475 imb:256 pmb:204 smb:3860 d:s ref:0 ;
in:378 out:378 type:B dur:2 cpbdur:2 q:39.28 aq:40.39 tex:447 mv:350 misc:435 imb:2 pmb:40 smb:4278 d:s ref:0 ;
in:377 out:379 type:b dur:2 cpbdur:2 q:39.31 aq:39.77 tex:22 mv:110 misc:332 imb:1 pmb:14 smb:4305 d:s ref:0 ;
in:379 out:380 type:b dur:2 cpbdur:2 q:39.25 aq:40.84 tex:112 mv:165 misc:395 imb:0 pmb:32 smb:4288 d:- ref:0 ;
in:384 out:381 type:P dur:2 cpbdur:2 q:39.01 aq:30.53 tex:10246 mv:4467 misc:1695 imb:386 pmb:283 smb:3651 d:s ref:0 ;
in:382 out:382 type:B dur:2 cpbdur:2 q:39.11 aq:31.38 tex:984 mv:1885 misc:899 imb:45 pmb:166 smb:4109 d:s ref:0 ;
in:381 out:383 type:b dur:2 cpbdur:2 q:39.17 aq:40.15 tex:811 mv:1150 misc:703 imb:16 pmb:107 smb:4197 d:s ref:0 ;
in:383 out:384 type:b dur:2 cpbdur:2 q:39.06 aq:41.50 tex:59 mv:154 misc:379 imb:0 pmb:35 smb:4285 d:- ref:0 ;
in:388 out:385 type:P dur:2 cpbdur:2 q:38.82 aq:29.51 tex:5603 mv:3818 misc:1627 imb:197 pmb:295 smb:3828 d:s ref:0 ;
in:386 out:386 type:B dur:2 cpbdur:2 q:38.92 aq:28.59 tex:36 mv:66 misc:330 imb:3 pmb:7 smb:4310 d:s ref:0 ;
in:385 out:387 type:b dur:2 cpbdur:2 q:38.96 aq:43.00 tex:0 mv:49 misc:295 imb:0 pmb:6 smb:4314 d:s ref:0 ;
in:387 out:388 type:b dur:2 cpbdur:2 q:38.87 aq:43.00 tex:0 mv:0 misc:256 imb:0 pmb:0 smb:4320 d:- ref:0 ;
in:392 out:389 type:P dur:2 cpbdur:2 q:38.65 aq:32.65 tex:3885 mv:2563 misc:1352 imb:118 pmb:231 smb:3971 d:s ref:0 ;
in:390 out:390 type:B dur:2 cpbdur:2 q:38.73 aq:36.76 tex:274 mv:229 misc:537 imb:3 pmb:52 smb:4265 d:s ref:0 ;
in:389 out:391 type:b dur:2 cpbdur:2 q:38.78 aq:43.00 tex:0 mv:0 misc:256 imb:0 pmb:0 smb:4320 d:s ref:0 ;
in:391 out:392 type:b dur:2 cpbdur:2 q:38.69 aq:36.49 tex:26 mv:80 misc:374 imb:1 pmb:20 smb:4299 d:- ref:0 ;
in:396 out:393 type:P dur:2 cpbdur:2 q:38.51 aq:31.24 tex:5320 mv:3745 misc:1495 imb:229 pmb:279 smb:3812 d:s ref:0 ;
in:394 out:394 type:B dur:2 cpbdur:2 q:38.58 aq:35.44 tex:156 mv:125 misc:407 imb:3 pmb:20 smb:4297 d:s ref:0 ;
in:393 out:395 type:b dur:2 cpbdur:2 q:38.61 aq:43.00 tex:2 mv:25 misc:277 imb:0 pmb:5 smb:4315 d:s ref:0 ;
in:395 out:396 type:b dur:2 cpbdur:2 q:38.54 aq:43.00 tex:0 mv:0 misc:256 imb:0 pmb:0 smb:4320 d:- ref:0 ;
in:400 out:397 type:P dur:2 cpbdur:2 q:38.35 aq:31.57 tex:1738 mv:1647 misc:1071 imb:93 pmb:129 smb:4098 d:s ref:0 ;
in:398 out:398 type:B dur:2 cpbdur:2 q:38.43 aq:40.44 tex:192 mv:32 misc:320 imb:0 pmb:9 smb:4311 d:s ref:0 ;
in:397 out:399 type:b dur:2 cpbdur:2 q:38.47 aq:30.85 tex:27 mv:75 misc:314 imb:1 pmb:9 smb:4310 d:s ref:0 ;
in:399 out:400 type:b dur:2 cpbdur:2 q:38.39 aq:33.01 tex:34 mv:33 misc:277 imb:2 pmb:2 smb:4316 d:- ref:0 ;
in:404 out:401 type:P dur:2 cpbdur:2 q:38.23 aq:32.86 tex:6648 mv:3379 misc:1269 imb:298 pmb:206 smb:3816 d:s ref:0 ;
in:402 out:402 type:B dur:2 cpbdur:2 q:38.29 aq:35.13 tex:1724 mv:2483 misc:1097 imb:60 pmb:215 smb:4045 d:s ref:0 ;
in:401 out:403 type:b dur:2 cpbdur:2 q:38.32 aq:38.84 tex:320 mv:1010 misc:926 imb:10 pmb:169 smb:4141 d:s ref:0 ;
in:403 out:404 type:b dur:2 cpbdur:2 q:38.26 aq:40.11 tex:486 mv:589 misc:589 imb:7 pmb:76 smb:4237 d:- ref:0 ;
in:408 out:405 type:P dur:2 cpbdur:2 q:38.08 aq:33.67 tex:9479 mv:4130 misc:1295 imb:368 pmb:234 smb:3718 d:s ref:0 ;
in:406 out:406 type:B dur:2 cpbdur:2 q:38.15 aq:37.69 tex:2259 mv:3088 misc:1005 imb:76 pmb:232 smb:4012 d:s ref:0 ;
in:405 out:407 type:b dur:2 cpbdur:2 q:38.19 aq:39.40 tex:551 mv:648 misc:569 imb:9 pmb:60 smb:4251 d:s ref:0 ;
in:407 out:408 type:b dur:2 cpbdur:2 q:38.12 aq:39.72 tex:147 mv:291 misc:418 imb:8 pmb:29 smb:4283 d:- ref:0 ;
in:412 out:409 type:P dur:2 cpbdur:2 q:37.91 aq:29.66 tex:9035 mv:4656 misc:1317 imb:372 pmb:279 smb:3669 d:s ref:0 ;
in:410 out:410 type:B dur:2 cpbdur:2 q:38.00 aq:37.43 tex:1145 mv:1407 misc:800 imb:24 pmb:148 smb:4148 d:t ref:0 ;
in:409 out:411 type:b dur:2 cpbdur:2 q:38.04 aq:40.15 tex:39 mv:63 misc:362 imb:0 pmb:23 smb:4297 d:s ref:0 ;
in:411 out:412 type:b dur:2 cpbdur:2 q:37.95 aq:37.98 tex:432 mv:712 misc:632 imb:12 pmb:85 smb:4223 d:- ref:0 ;
in:416 out:413 type:P dur:2 cpbdur:2 q:37.80 aq:32.81 tex:4964 mv:3289 misc:1227 imb:176 pmb:242 smb:3902 d:s ref:0 ;
in:414 out:414 type:B dur:2 cpbdur:2 q:37.86 aq:36.77 tex:553 mv:577 misc:638 imb:16 pmb:86 smb:4218 d:s ref:0 ;
in:413 out:415 type:b dur:2 cpbdur:2 q:37.89 aq:42.00 tex:2 mv:115 misc:275 imb:0 pmb:8 smb:4312 d:s ref:0 ;
in:415 out:416 type:b dur:2 cpbdur:2 q:37.83 aq:40.68 tex:137 mv:216 misc:399 imb:1 pmb:37 smb:4282 d:- ref:0 ;
in:418 out:417 type:P dur:2 cpbdur:2 q:37.60 aq:30.61 tex:10524 mv:4695 misc:1589 imb:333 pmb:354 smb:3633 d:s ref:0 ;
in:417 out:418 type:b dur:2 cpbdur:2 q:37.70 aq:39.62 tex:419 mv:190 misc:407 imb:8 pmb:32 smb:4280 d:s ref:0 ;
in:420 out:419 type:P dur:2 cpbdur:2 q:37.58 aq:31.95 tex:2895 mv:1308 misc:1101 imb:53 pmb:172 smb:4095 d:s ref:0 ;
in:419 out:420 type:b dur:2 cpbdur:2 q:37.59 aq:39.28 tex:319 mv:119 misc:306 imb:5 pmb:17 smb:4298 d:s ref:0 ;
in:421 out:421 type:P dur:2 cpbdur:2 q:37.47 aq:29.36 tex:1147 mv:297 misc:580 imb:21 pmb:40 smb:4259 d:s ref:0 ;
in:422 out:422 type:P dur:2 cpbdur:2 q:37.40 aq:27.76 tex:1515 mv:445 misc:656 imb:45 pmb:34 smb:4241 d:s ref:0 ;
in:423 out:423 type:P dur:2 cpbdur:2 q:37.39 aq:26.87 tex:1087 mv:200 misc:433 imb:32 pmb:3 smb:4285 d:s ref:0 ;
in:424 out:424 type:P dur:2 cpbdur:2 q:37.34 aq:26.05 tex:1021 mv:229 misc:390 imb:27 pmb:6 smb:4287 d:s ref:0 ;
in:426 out:425 type:P dur:2 cpbdur:2 q:37.27 aq:25.90 tex:1214 mv:227 misc:407 imb:32 pmb:8 smb:4280 d:s ref:0 ;
in:425 out:426 type:b dur:2 cpbdur:2 q:37.30 aq:40.27 tex:587 mv:104 misc:293 imb:4 pmb:18 smb:4298 d:s ref:0 ;
in:429 out:427 type:P dur:2 cpbdur:2 q:37.14 aq:29.98 tex:6412 mv:3944 misc:1652 imb:299 pmb:386 smb:3635 d:s ref:0 ;
in:427 out:428 type:B dur:2 cpbdur:2 q:37.23 aq:24.38 tex:742 mv:1035 misc:975 imb:43 pmb:224 smb:4053 d:s ref:0 ;
in:428 out:429 type:b dur:2 cpbdur:2 q:37.18 aq:34.10 tex:616 mv:1090 misc:646 imb:71 pmb:91 smb:4158 d:- ref:0 ;
in:430 out:430 type:P dur:2 cpbdur:2 q:37.01 aq:30.14 tex:41026 mv:6600 misc:1630 imb:533 pmb:471 smb:3316 d:s ref:0 ;
in:431 out:431 type:P dur:2 cpbdur:2 q:37.06 aq:30.02 tex:16958 mv:4699 misc:1927 imb:277 pmb:480 smb:3563 d:s ref:0 ;
in:433 out:432 type:P dur:2 cpbdur:2 q:37.06 aq:26.46 tex:8188 mv:4012 misc:1912 imb:300 pmb:351 smb:3669 d:s ref:0 ;
in:432 out:433 type:b dur:2 cpbdur:2 q:37.06 aq:28.28 tex:1268 mv:2171 misc:1249 imb:67 pmb:274 smb:3979 d:t ref:0 ;
in:434 out:434 type:P dur:2 cpbdur:2 q:37.00 aq:25.95 tex:6409 mv:5210 misc:2093 imb:354 pmb:368 smb:3598 d:s ref:0 ;
in:435 out:435 type:P dur:2 cpbdur:2 q:37.06 aq:24.97 tex:7358 mv:3008 misc:1786 imb:295 pmb:299 smb:3726 d:s ref:0 ;
in:436 out:436 type:P dur:2 cpbdur:2 q:37.05 aq:27.94 tex:16851 mv:5774 misc:2335 imb:343 pmb:666 smb:3311 d:s ref:0 ;
in:438 out:437 type:P dur:2 cpbdur:2 q:37.07 aq:26.48 tex:38835 mv:9054 misc:2631 imb:572 pmb:860 smb:2888 d:s ref:0 ;
in:437 out:438 type:b dur:2 cpbdur:2 q:37.06 aq:26.69 tex:474 mv:2545 misc:1373 imb:99 pmb:255 smb:3966 d:s ref:0 ;
in:441 out:439 type:P dur:2 cpbdur:2 q:37.12 aq:25.22 tex:55650 mv:10098 misc:2588 imb:661 pmb:970 smb:2689 d:s ref:0 ;
in:439 out:440 type:B dur:2 cpbdur:2 q:37.09 aq:27.26 tex:914 mv:2987 misc:1467 imb:42 pmb:350 smb:3928 d:s ref:0 ;
in:440 out:441 type:b dur:2 cpbdur:2 q:37.10 aq:25.34 tex:335 mv:2778 misc:1439 imb:57 pmb:345 smb:3918 d:- ref:0 ;
in:445 out:442 type:P dur:2 cpbdur:2 q:37.22 aq:27.74 tex:43122 mv:7345 misc:2421 imb:444 pmb:828 smb:3048 d:s ref:0 ;
in:443 out:443 type:B dur:2 cpbdur:2 q:37.17 aq:24.14 tex:966 mv:2958 misc:1132 imb:154 pmb:213 smb:3953 d:s ref:0 ;
in:442 out:444 type:b dur:2 cpbdur:2 q:37.14 aq:26.65 tex:284 mv:2020 misc:872 imb:89 pmb:143 smb:4088 d:s ref:0 ;
in:444 out:445 type:b dur:2 cpbdur:2 q:37.19 aq:25.57 tex:279 mv:1349 misc:860 imb:36 pmb:131 smb:4153 d:- ref:0 ;
in:449 out:446 type:P dur:2 cpbdur:2 q:37.21 aq:28.87 tex:29447 mv:5718 misc:2459 imb:277 pmb:753 smb:3290 d:s ref:0 ;
in:447 out:447 type:B dur:2 cpbdur:2 q:37.21 aq:27.75 tex:446 mv:1592 misc:826 imb:59 pmb:122 smb:4139 d:s ref:0 ;
in:446 out:448 type:b dur:2 cpbdur:2 q:37.21 aq:40.65 tex:259 mv:300 misc:425 imb:7 pmb:30 smb:4283 d:s ref:0 ;
in:448 out:449 type:b dur:2 cpbdur:2 q:37.21 aq:38.57 tex:66 mv:98 misc:292 imb:1 pmb:8 smb:4311 d:- ref:0 ;
in:450 out:450 type:P dur:2 cpbdur:2 q:37.49 aq:29.91 tex:11897 mv:2734 misc:2393 imb:149 pmb:502 smb:3669 d:s ref:0 ;
in:451 out:451 type:P dur:2 cpbdur:2 q:37.53 aq:30.37 tex:9536 mv:2154 misc:2014 imb:91 pmb:408 smb:3821 d:s ref:0 ;
in:452 out:452 type:P dur:2 cpbdur:2 q:37.53 aq:30.86 tex:8606 mv:1940 misc:1798 imb:53 pmb:398 smb:3869 d:s ref:0 ;
in:453 out:453 type:P dur:2 cpbdur:2 q:37.51 aq:29.34 tex:7146 mv:1863 misc:1935 imb:103 pmb:325 smb:3892 d:s ref:0 ;
in:456 out:454 type:P dur:2 cpbdur:2 q:37.56 aq:32.06 tex:4718 mv:1401 misc:1545 imb:109 pmb:234 smb:3977 d:s ref:0 ;
in:454 out:455 type:B dur:2 cpbdur:2 q:37.53 aq:39.94 tex:365 mv:117 misc:366 imb:1 pmb:25 smb:4294 d:s ref:0 ;
in:455 out:456 type:b dur:2 cpbdur:2 q:37.55 aq:26.91 tex:412 mv:122 misc:322 imb:6 pmb:18 smb:4296 d:- ref:0 ;
in:457 out:457 type:P dur:2 cpbdur:2 q:37.87 aq:29.63 tex:1785 mv:577 misc:838 imb:62 pmb:65 smb:4193 d:s ref:0 ;
in:458 out:458 type:P dur:2 cpbdur:2 q:37.82 aq:32.01 tex:731 mv:291 misc:442 imb:29 pmb:18 smb:4273 d:s ref:0 ;
in:462 out:459 type:P dur:2 cpbdur:2 q:37.75 aq:29.29 tex:770 mv:294 misc:472 imb:35 pmb:12 smb:4273 d:s ref:0 ;
in:460 out:460 type:B dur:2 cpbdur:2 q:37.79 aq:36.98 tex:202 mv:119 misc:335 imb:1 pmb:24 smb:4295 d:s ref:0 ;
in:459 out:461 type:b dur:2 cpbdur:2 q:37.80 aq:38.45 tex:309 mv:113 misc:314 imb:4 pmb:22 smb:4294 d:s ref:0 ;
in:461 out:462 type:b dur:2 cpbdur:2 q:37.77 aq:38.20 tex:306 mv:79 misc:295 imb:2 pmb:17 smb:4301 d:- ref:0 ;
in:466 out:463 type:P dur:2 cpbdur:2 q:37.73 aq:31.61 tex:903 mv:202 misc:407 imb:23 pmb:8 smb:4289 d:s ref:0 ;
in:464 out:464 type:B dur:2 cpbdur:2 q:37.74 aq:33.16 tex:483 mv:78 misc:303 imb:2 pmb:17 smb:4301 d:s ref:0 ;
in:463 out:465 type:b dur:2 cpbdur:2 q:37.75 aq:38.05 tex:371 mv:58 misc:283 imb:1 pmb:13 smb:4306 d:s ref:0 ;
in:465 out:466 type:b dur:2 cpbdur:2 q:37.73 aq:37.38 tex:102 mv:95 misc:275 imb:0 pmb:10 smb:4310 d:- ref:0 ;
in:470 out:467 type:P dur:2 cpbdur:2 q:37.57 aq:36.29 tex:2952 mv:623 misc:529 imb:83 pmb:28 smb:4209 d:s ref:0 ;
in:468 out:468 type:B dur:2 cpbdur:2 q:37.65 aq:36.91 tex:213 mv:291 misc:448 imb:1 pmb:67 smb:4252 d:s ref:0 ;
in:467 out:469 type:b dur:2 cpbdur:2 q:37.69 aq:31.55 tex:125 mv:314 misc:441 imb:7 pmb:66 smb:4247 d:s ref:0 ;
in:469 out:470 type:b dur:2 cpbdur:2 q:37.61 aq:39.10 tex:55 mv:8 misc:265 imb:0 pmb:2 smb:4318 d:- ref:0 ;
in:471 out:471 type:P dur:2 cpbdur:2 q:37.52 aq:25.91 tex:2502 mv:1671 misc:1139 imb:185 pmb:136 smb:3999 d:s ref:0 ;
in:472 out:472 type:P dur:2 cpbdur:2 q:37.54 aq:28.79 tex:34993 mv:6890 misc:2077 imb:650 pmb:575 smb:3095 d:s ref:0 ;
in:475 out:473 type:P dur:2 cpbdur:2 q:37.58 aq:28.25 tex:25204 mv:5600 misc:1668 imb:419 pmb:522 smb:3379 d:s ref:0 ;
in:473 out:474 type:B dur:2 cpbdur:2 q:37.56 aq:24.93 tex:1463 mv:3244 misc:1325 imb:48 pmb:316 smb:3956 d:s ref:0 ;
in:474 out:475 type:b dur:2 cpbdur:2 q:37.57 aq:28.87 tex:728 mv:3019 misc:1333 imb:43 pmb:297 smb:3980 d:- ref:0 ;
in:476 out:476 type:P dur:2 cpbdur:2 q:37.54 aq:28.54 tex:7336 mv:3108 misc:1852 imb:218 pmb:370 smb:3732 d:s ref:0 ;
in:478 out:477 type:P dur:2 cpbdur:2 q:37.53 aq:25.54 tex:11694 mv:3919 misc:1851 imb:307 pmb:383 smb:3630 d:s ref:0 ;
in:477 out:478 type:b dur:2 cpbdur:2 q:37.54 aq:28.37 tex:859 mv:1547 misc:1186 imb:66 pmb:226 smb:4028 d:s ref:0 ;
in:479 out:479 type:P dur:2 cpbdur:2 q:37.51 aq:26.74 tex:19566 mv:5871 misc:2171 imb:388 pmb:691 smb:3241 d:s ref:0 ;
in:483 out:480 type:P dur:2 cpbdur:2 q:37.53 aq:25.32 tex:45402 mv:6258 misc:1916 imb:313 pmb:638 smb:3369 d:s ref:0 ;
in:481 out:481 type:B dur:2 cpbdur:2 q:37.52 aq:30.38 tex:1394 mv:3242 misc:1580 imb:67 pmb:414 smb:3839 d:s ref:0 ;
in:480 out:482 type:b dur:2 cpbdur:2 q:37.52 aq:26.77 tex:799 mv:3384 misc:1529 imb:153 pmb:340 smb:3827 d:s ref:0 ;
in:482 out:483 type:b dur:2 cpbdur:2 q:37.53 aq:29.93 tex:382 mv:1913 misc:1009 imb:36 pmb:250 smb:4034 d:- ref:0 ;
in:487 out:484 type:P dur:2 cpbdur:2 q:37.50 aq:27.51 tex:30823 mv:5151 misc:1922 imb:491 pmb:567 smb:3262 d:s ref:0 ;
in:485 out:485 type:B dur:2 cpbdur:2 q:37.51 aq:31.23 tex:489 mv:1617 misc:846 imb:88 pmb:126 smb:4106 d:s ref:0 ;
in:484 out:486 type:b dur:2 cpbdur:2 q:37.52 aq:38.57 tex:257 mv:1415 misc:904 imb:19 pmb:208 smb:4093 d:s ref:0 ;
in:486 out:487 type:b dur:2 cpbdur:2 q:37.51 aq:40.04 tex:186 mv:925 misc:617 imb:3 pmb:84 smb:4233 d:- ref:0 ;
in:490 out:488 type:P dur:2 cpbdur:2 q:37.39 aq:26.40 tex:29614 mv:4599 misc:1995 imb:316 pmb:601 smb:3403 d:s ref:0 ;
in:488 out:489 type:B dur:2 cpbdur:2 q:37.46 aq:39.74 tex:597 mv:570 misc:513 imb:1 pmb:62 smb:4257 d:t ref:0 ;
in:489 out:490 type:b dur:2 cpbdur:2 q:37.42 aq:27.53 tex:59 mv:120 misc:317 imb:1 pmb:12 smb:4307 d:- ref:0 ;
in:494 out:491 type:P dur:2 cpbdur:2 q:37.64 aq:28.22 tex:32633 mv:5402 misc:2245 imb:289 pmb:734 smb:3297 d:s ref:0 ;
in:492 out:492 type:B dur:2 cpbdur:2 q:37.52 aq:34.40 tex:258 mv:591 misc:639 imb:20 pmb:130 smb:4170 d:s ref:0 ;
in:491 out:493 type:b dur:2 cpbdur:2 q:37.45 aq:40.66 tex:34 mv:77 misc:273 imb:0 pmb:7 smb:4313 d:t ref:0 ;
in:493 out:494 type:b dur:2 cpbdur:2 q:37.58 aq:26.42 tex:37 mv:193 misc:530 imb:2 pmb:95 smb:4223 d:- ref:0 ;
in:495 out:495 type:P dur:2 cpbdur:2 q:37.70 aq:28.75 tex:5259 mv:695 misc:1270 imb:41 pmb:167 smb:4112 d:s ref:0 ;
in:496 out:496 type:P dur:2 cpbdur:2 q:37.66 aq:29.70 tex:6229 mv:772 misc:1055 imb:89 pmb:169 smb:4062 d:s ref:0 ;
in:499 out:497 type:P dur:2 cpbdur:2 q:37.72 aq:41.05 tex:239 mv:105 misc:280 imb:2 pmb:5 smb:4313 d:s ref:0 ;
in:497 out:498 type:B dur:2 cpbdur:2 q:37.68 aq:41.00 tex:1 mv:53 misc:290 imb:0 pmb:7 smb:4313 d:t ref:0 ;
in:498 out:499 type:b dur:2 cpbdur:2 q:37.70 aq:41.06 tex:68 mv:105 misc:275 imb:0 pmb:7 smb:4313 d:- ref:0 ;
in:500 out:500 type:I dur:2 cpbdur:2 q:34.66 aq:21.65 tex:157720 mv:37660 misc:532 imb:4320 pmb:0 smb:0 d:s ref:;
in:502 out:501 type:P dur:2 cpbdur:2 q:38.77 aq:29.25 tex:253 mv:132 misc:287 imb:6 pmb:5 smb:4309 d:s ref:0 ;
in:501 out:502 type:b dur:2 cpbdur:2 q:38.77 aq:42.00 tex:1 mv:71 misc:272 imb:0 pmb:7 smb:4313 d:t ref:0 ;
in:504 out:503 type:P dur:2 cpbdur:2 q:38.78 aq:38.62 tex:165 mv:84 misc:279 imb:1 pmb:7 smb:4312 d:s ref:0 ;
in:503 out:504 type:b dur:2 cpbdur:2 q:38.78 aq:42.10 tex:42 mv:55 misc:271 imb:0 pmb:6 smb:4314 d:t ref:0 ;
in:508 out:505 type:P dur:2 cpbdur:2 q:38.67 aq:35.17 tex:4106 mv:3729 misc:1181 imb:185 pmb:243 smb:3892 d:s ref:0 ;
in:506 out:506 type:B dur:2 cpbdur:2 q:38.73 aq:36.10 tex:131 mv:255 misc:366 imb:3 pmb:24 smb:4293 d:s ref:0 ;
in:505 out:507 type:b dur:2 cpbdur:2 q:38.75 aq:42.00 tex:2 mv:85 misc:273 imb:0 pmb:6 smb:4314 d:s ref:0 ;
in:507 out:508 type:b dur:2 cpbdur:2 q:38.70 aq:40.35 tex:158 mv:220 misc:406 imb:4 pmb:33 smb:4283 d:- ref:0 ;
in:512 out:509 type:P dur:2 cpbdur:2 q:38.70 aq:32.82 tex:6205 mv:4183 misc:1276 imb:358 pmb:225 smb:3737 d:s ref:0 ;
in:510 out:510 type:B dur:2 cpbdur:2 q:38.68 aq:38.44 tex:1826 mv:2444 misc:938 imb:74 pmb:174 smb:4072 d:s ref:0 ;
in:509 out:511 type:b dur:2 cpbdur:2 q:38.68 aq:38.43 tex:928 mv:1442 misc:878 imb:27 pmb:145 smb:4148 d:s ref:0 ;
in:511 out:512 type:b dur:2 cpbdur:2 q:38.69 aq:41.36 tex:100 mv:184 misc:428 imb:0 pmb:31 smb:4289 d:- ref:0 ;
in:516 out:513 type:P dur:2 cpbdur:2 q:38.52 aq:31.69 tex:5624 mv:3942 misc:1338 imb:287 pmb:241 smb:3792 d:s ref:0 ;
in:514 out:514 type:B dur:2 cpbdur:2 q:38.61 aq:37.16 tex:755 mv:1095 misc:678 imb:14 pmb:117 smb:4189 d:s ref:0 ;
in:513 out:515 type:b dur:2 cpbdur:2 q:38.65 aq:38.95 tex:17 mv:26 misc:285 imb:1 pmb:4 smb:4315 d:s ref:0 ;
in:515 out:516 type:b dur:2 cpbdur:2 q:38.56 aq:37.83 tex:191 mv:528 misc:521 imb:6 pmb:68 smb:4246 d:- ref:0 ;
in:520 out:517 type:P dur:2 cpbdur:2 q:38.44 aq:34.98 tex:2569 mv:1949 misc:962 imb:79 pmb:169 smb:4072 d:s ref:0 ;
in:518 out:518 type:B dur:2 cpbdur:2 q:38.48 aq:36.39 tex:269 mv:344 misc:499 imb:13 pmb:29 smb:4278 d:s ref:0 ;
in:517 out:519 type:b dur:2 cpbdur:2 q:38.50 aq:33.61 tex:26 mv:32 misc:278 imb:1 pmb:3 smb:4316 d:s ref:0 ;
in:519 out:520 type:b dur:2 cpbdur:2 q:38.46 aq:38.06 tex:21 mv:14 misc:261 imb:1 pmb:0 smb:4319 d:- ref:0 ;
in:524 out:521 type:P dur:2 cpbdur:2 q:38.18 aq:29.16 tex:7604 mv:4180 misc:1272 imb:350 pmb:242 smb:3728 d:s ref:0 ;
in:522 out:522 type:B dur:2 cpbdur:2 q:38.31 aq:35.32 tex:1098 mv:2324 misc:1034 imb:52 pmb:257 smb:4011 d:t ref:0 ;
in:521 out:523 type:b dur:2 cpbdur:2 q:38.38 aq:37.88 tex:314 mv:326 misc:464 imb:12 pmb:88 smb:4220 d:s ref:0 ;
in:523 out:524 type:b dur:2 cpbdur:2 q:38.25 aq:38.74 tex:56 mv:179 misc:725 imb:1 pmb:125 smb:4194 d:- ref:0 ;
in:528 out:525 type:P dur:2 cpbdur:2 q:38.03 aq:30.14 tex:17959 mv:6242 misc:1271 imb:499 pmb:336 smb:3485 d:s ref:0 ;
in:526 out:526 type:B dur:2 cpbdur:2 q:38.11 aq:37.98 tex:739 mv:2025 misc:1028 imb:25 pmb:232 smb:4063 d:s ref:0 ;
in:525 out:527 type:b dur:2 cpbdur:2 q:38.15 aq:38.35 tex:1878 mv:2651 misc:951 imb:69 pmb:201 smb:4050 d:s ref:0 ;
in:527 out:528 type:b dur:2 cpbdur:2 q:38.07 aq:42.00 tex:0 mv:0 misc:256 imb:0 pmb:0 smb:4320 d:- ref:0 ;
in:529 out:529 type:P dur:2 cpbdur:2 q:38.00 aq:31.33 tex:1158 mv:385 misc:737 imb:11 pmb:75 smb:4234 d:s ref:0 ;
in:533 out:530 type:P dur:2 cpbdur:2 q:37.96 aq:30.48 tex:6883 mv:2092 misc:1217 imb:133 pmb:213 smb:3974 d:s ref:0 ;
in:531 out:531 type:B dur:2 cpbdur:2 q:37.98 aq:40.00 tex:13 mv:123 misc:464 imb:0 pmb:76 smb:4244 d:s ref:0 ;
in:530 out:532 type:b dur:2 cpbdur:2 q:37.99 aq:42.00 tex:7 mv:35 misc:398 imb:0 pmb:46 smb:4274 d:s ref:0 ;
in:532 out:533 type:b dur:2 cpbdur:2 q:37.97 aq:42.00 tex:0 mv:0 misc:256 imb:0 pmb:0 smb:4320 d:- ref:0 ;
in:537 out:534 type:P dur:2 cpbdur:2 q:37.77 aq:32.57 tex:796 mv:195 misc:449 imb:13 pmb:29 smb:4278 d:s ref:0 ;
in:535 out:535 type:B dur:2 cpbdur:2 q:37.86 aq:35.43 tex:22 mv:83 misc:287 imb:1 pmb:7 smb:4312 d:s ref:0 ;
in:534 out:536 type:b dur:2 cpbdur:2 q:37.91 aq:42.00 tex:1 mv:49 misc:270 imb:0 pmb:5 smb:4315 d:s ref:0 ;
in:536 out:537 type:b dur:2 cpbdur:2 q:37.82 aq:39.58 tex:213 mv:127 misc:276 imb:2 pmb:8 smb:4310 d:- ref:0 ;
in:541 out:538 type:P dur:2 cpbdur:2 q:37.52 aq:32.72 tex:714 mv:200 misc:366 imb:13 pmb:14 smb:4293 d:s ref:0 ;
in:539 out:539 type:B dur:2 cpbdur:2 q:37.65 aq:35.79 tex:365 mv:149 misc:326 imb:6 pmb:16 smb:4298 d:s ref:0 ;
in:538 out:540 type:b dur:2 cpbdur:2 q:37.71 aq:40.06 tex:271 mv:65 misc:296 imb:1 pmb:15 smb:4304 d:s ref:0 ;
in:540 out:541 type:b dur:2 cpbdur:2 q:37.59 aq:40.43 tex:340 mv:118 misc:310 imb:3 pmb:19 smb:4298 d:- ref:0 ;
in:542 out:542 type:P dur:2 cpbdur:2 q:37.32 aq:31.03 tex:566 mv:199 misc:347 imb:16 pmb:10 smb:4294 d:s ref:0 ;
in:543 out:543 type:P dur:2 cpbdur:2 q:37.32 aq:27.76 tex:740 mv:156 misc:304 imb:13 pmb:5 smb:4302 d:s ref:0 ;
in:545 out:544 type:P dur:2 cpbdur:2 q:37.24 aq:28.83 tex:555 mv:120 misc:349 imb:19 pmb:8 smb:4293 d:s ref:0 ;
in:544 out:545 type:b dur:2 cpbdur:2 q:37.28 aq:38.87 tex:474 mv:105 misc:301 imb:3 pmb:20 smb:4297 d:s ref:0 ;
in:549 out:546 type:P dur:2 cpbdur:2 q:37.13 aq:29.47 tex:865 mv:142 misc:337 imb:19 pmb:8 smb:4293 d:s ref:0 ;
in:547 out:547 type:B dur:2 cpbdur:2 q:37.18 aq:23.12 tex:505 mv:112 misc:351 imb:4 pmb:21 smb:4295 d:s ref:0 ;
in:546 out:548 type:b dur:2 cpbdur:2 q:37.21 aq:26.70 tex:600 mv:78 misc:290 imb:3 pmb:13 smb:4304 d:s ref:0 ;
in:548 out:549 type:b dur:2 cpbdur:2 q:37.16 aq:41.31 tex:736 mv:224 misc:320 imb:15 pmb:19 smb:4286 d:- ref:0 ;
in:552 out:550 type:P dur:2 cpbdur:2 q:36.92 aq:33.16 tex:7551 mv:1668 misc:1117 imb:131 pmb:204 smb:3985 d:s ref:0 ;
in:550 out:551 type:B dur:2 cpbdur:2 q:37.06 aq:28.97 tex:582 mv:326 misc:876 imb:3 pmb:152 smb:4165 d:s ref:0 ;
in:551 out:552 type:b dur:2 cpbdur:2 q:36.99 aq:40.97 tex:222 mv:764 misc:630 imb:3 pmb:154 smb:4163 d:- ref:0 ;
in:553 out:553 type:P dur:2 cpbdur:2 q:36.86 aq:28.23 tex:31198 mv:4765 misc:1741 imb:375 pmb:579 smb:3366 d:s ref:0 ;
in:554 out:554 type:P dur:2 cpbdur:2 q:36.86 aq:29.38 tex:19560 mv:4261 misc:1803 imb:302 pmb:578 smb:3440 d:s ref:0 ;
in:555 out:555 type:P dur:2 cpbdur:2 q:36.87 aq:28.67 tex:10871 mv:3000 misc:1689 imb:262 pmb:314 smb:3744 d:s ref:0 ;
in:556 out:556 type:P dur:2 cpbdur:2 q:36.88 aq:26.85 tex:8339 mv:3359 misc:1734 imb:364 pmb:269 smb:3687 d:s ref:0 ;
in:557 out:557 type:P dur:2 cpbdur:2 q:36.88 aq:25.21 tex:8760 mv:3894 misc:1810 imb:340 pmb:333 smb:3647 d:s ref:0 ;
in:560 out:558 type:P dur:2 cpbdur:2 q:36.88 aq:23.44 tex:44777 mv:9422 misc:2449 imb:580 pmb:837 smb:2903 d:s ref:0 ;
in:558 out:559 type:B dur:2 cpbdur:2 q:36.88 aq:23.42 tex:928 mv:2992 misc:1632 imb:37 pmb:363 smb:3920 d:s ref:0 ;
in:559 out:560 type:b dur:2 cpbdur:2 q:36.88 aq:28.85 tex:428 mv:2585 misc:1467 imb:36 pmb:333 smb:3951 d:- ref:0 ;
in:564 out:561 type:P dur:2 cpbdur:2 q:36.98 aq:25.69 tex:52694 mv:8263 misc:2475 imb:437 pmb:874 smb:3009 d:s ref:0 ;
in:562 out:562 type:B dur:2 cpbdur:2 q:36.93 aq:25.29 tex:607 mv:3106 misc:1463 imb:73 pmb:375 smb:3872 d:s ref:0 ;
in:561 out:563 type:b dur:2 cpbdur:2 q:36.90 aq:31.06 tex:240 mv:2807 misc:1097 imb:35 pmb:247 smb:4038 d:s ref:0 ;
in:563 out:564 type:b dur:2 cpbdur:2 q:36.95 aq:25.75 tex:205 mv:1955 misc:1016 imb:14 pmb:239 smb:4067 d:- ref:0 ;
in:568 out:565 type:P dur:2 cpbdur:2 q:37.04 aq:25.43 tex:36617 mv:8211 misc:2660 imb:407 pmb:892 smb:3021 d:s ref:0 ;
in:566 out:566 type:B dur:2 cpbdur:2 q:37.01 aq:30.37 tex:1198 mv:2797 misc:1469 imb:32 pmb:398 smb:3890 d:s ref:0 ;
in:565 out:567 type:b dur:2 cpbdur:2 q:36.99 aq:29.89 tex:458 mv:2337 misc:1421 imb:52 pmb:350 smb:3918 d:s ref:0 ;
in:567 out:568 type:b dur:2 cpbdur:2 q:37.02 aq:40.47 tex:554 mv:628 misc:530 imb:2 pmb:58 smb:4260 d:- ref:0 ;
in:572 out:569 type:P dur:2 cpbdur:2 q:37.05 aq:28.53 tex:30352 mv:5426 misc:2622 imb:301 pmb:769 smb:3250 d:s ref:0 ;
in:570 out:570 type:B dur:2 cpbdur:2 q:37.04 aq:38.31 tex:968 mv:379 misc:501 imb:2 pmb:55 smb:4263 d:s ref:0 ;
in:569 out:571 type:b dur:2 cpbdur:2 q:37.04 aq:39.40 tex:516 mv:187 misc:329 imb:5 pmb:19 smb:4296 d:s ref:0 ;
in:571 out:572 type:b dur:2 cpbdur:2 q:37.04 aq:39.87 tex:517 mv:250 misc:385 imb:13 pmb:28 smb:4279 d:- ref:0 ;
in:573 out:573 type:P dur:2 cpbdur:2 q:37.30 aq:29.92 tex:7080 mv:1256 misc:1600 imb:59 pmb:277 smb:3984 d:s ref:0 ;
in:574 out:574 type:P dur:2 cpbdur:2 q:37.33 aq:28.95 tex:10057 mv:1714 misc:1853 imb:60 pmb:356 smb:3904 d:s ref:0 ;
in:575 out:575 type:P dur:2 cpbdur:2 q:37.33 aq:29.58 tex:6164 mv:1100 misc:1400 imb:48 pmb:225 smb:4047 d:s ref:0 ;
in:576 out:576 type:P dur:2 cpbdur:2 q:37.47 aq:30.63 tex:4826 mv:973 misc:1113 imb:24 pmb:194 smb:4102 d:s ref:0 ;
in:580 out:577 type:P dur:2 cpbdur:2 q:37.41 aq:30.97 tex:3273 mv:841 misc:1150 imb:49 pmb:144 smb:4127 d:s ref:0 ;
in:578 out:578 type:B dur:2 cpbdur:2 q:37.44 aq:38.42 tex:509 mv:107 misc:320 imb:3 pmb:13 smb:4304 d:s ref:0 ;
in:577 out:579 type:b dur:2 cpbdur:2 q:37.45 aq:40.61 tex:117 mv:138 misc:289 imb:0 pmb:12 smb:4308 d:s ref:0 ;
in:579 out:580 type:b dur:2 cpbdur:2 q:37.43 aq:37.00 tex:0 mv:92 misc:292 imb:0 pmb:11 smb:4309 d:- ref:0 ;
in:582 out:581 type:P dur:2 cpbdur:2 q:37.42 aq:31.32 tex:1148 mv:227 misc:537 imb:13 pmb:34 smb:4273 d:s ref:0 ;
in:581 out:582 type:b dur:2 cpbdur:2 q:37.42 aq:37.00 tex:21 mv:100 misc:271 imb:0 pmb:8 smb:4312 d:s ref:0 ;
in:584 out:583 type:P dur:2 cpbdur:2 q:37.45 aq:32.13 tex:421 mv:140 misc:327 imb:6 pmb:8 smb:4306 d:s ref:0 ;
in:583 out:584 type:b dur:2 cpbdur:2 q:37.44 aq:37.00 tex:1 mv:74 misc:269 imb:0 pmb:7 smb:4313 d:s ref:0 ;
in:585 out:585 type:P dur:2 cpbdur:2 q:37.34 aq:28.47 tex:446 mv:143 misc:355 imb:8 pmb:11 smb:4301 d:s ref:0 ;
in:586 out:586 type:P dur:2 cpbdur:2 q:37.27 aq:31.23 tex:494 mv:387 misc:407 imb:69 pmb:15 smb:4236 d:s ref:0 ;
in:589 out:587 type:P dur:2 cpbdur:2 q:37.33 aq:35.45 tex:142 mv:113 misc:305 imb:2 pmb:8 smb:4310 d:s ref:0 ;
in:587 out:588 type:B dur:2 cpbdur:2 q:37.29 aq:36.00 tex:0 mv:65 misc:287 imb:0 pmb:6 smb:4314 d:s ref:0 ;
in:588 out:589 type:b dur:2 cpbdur:2 q:37.31 aq:40.17 tex:39 mv:51 misc:270 imb:0 pmb:5 smb:4315 d:- ref:0 ;
in:593 out:590 type:P dur:2 cpbdur:2 q:37.07 aq:34.96 tex:3843 mv:337 misc:412 imb:30 pmb:18 smb:4272 d:s ref:0 ;
in:591 out:591 type:B dur:2 cpbdur:2 q:37.20 aq:38.68 tex:934 mv:166 misc:324 imb:2 pmb:25 smb:4293 d:s ref:0 ;
in:590 out:592 type:b dur:2 cpbdur:2 q:37.27 aq:39.65 tex:75 mv:65 misc:276 imb:0 pmb:8 smb:4312 d:s ref:0 ;
in:592 out:593 type:b dur:2 cpbdur:2 q:37.13 aq:39.10 tex:776 mv:237 misc:315 imb:1 pmb:30 smb:4289 d:- ref:0 ;
in:597 out:594 type:P dur:2 cpbdur:2 q:36.99 aq:32.94 tex:3860 mv:566 misc:398 imb:24 pmb:38 smb:4258 d:s ref:0 ;
in:595 out:595 type:B dur:2 cpbdur:2 q:37.03 aq:35.24 tex:858 mv:527 misc:367 imb:2 pmb:59 smb:4259 d:s ref:0 ;
in:594 out:596 type:b dur:2 cpbdur:2 q:37.05 aq:35.53 tex:640 mv:183 misc:353 imb:5 pmb:34 smb:4281 d:s ref:0 ;
in:596 out:597 type:b dur:2 cpbdur:2 q:37.01 aq:37.49 tex:256 mv:579 misc:333 imb:1 pmb:46 smb:4273 d:- ref:0 ;
in:600 out:598 type:P dur:2 cpbdur:2 q:36.80 aq:26.28 tex:2108 mv:804 misc:512 imb:30 pmb:54 smb:4236 d:s ref:0 ;
in:598 out:599 type:B dur:2 cpbdur:2 q:36.93 aq:36.15 tex:199 mv:201 misc:336 imb:2 pmb:29 smb:4289 d:s ref:0 ;
in:599 out:600 type:b dur:2 cpbdur:2 q:36.86 aq:36.83 tex:148 mv:294 misc:310 imb:0 pmb:30 smb:4290 d:- ref:0 ;
in:602 out:601 type:P dur:2 cpbdur:2 q:36.67 aq:32.46 tex:5452 mv:3455 misc:1685 imb:252 pmb:326 smb:3742 d:s ref:0 ;
in:601 out:602 type:b dur:2 cpbdur:2 q:36.73 aq:31.22 tex:131 mv:969 misc:1068 imb:32 pmb:293 smb:3995 d:s ref:0 ;
in:603 out:603 type:P dur:2 cpbdur:2 q:36.65 aq:26.39 tex:41147 mv:7689 misc:1932 imb:745 pmb:464 smb:3111 d:s ref:0 ;
in:605 out:604 type:P dur:2 cpbdur:2 q:36.68 aq:29.34 tex:16582 mv:5134 misc:1996 imb:299 pmb:531 smb:3490 d:s ref:0 ;
in:604 out:605 type:b dur:2 cpbdur:2 q:36.66 aq:27.44 tex:1361 mv:3055 misc:1472 imb:54 pmb:328 smb:3938 d:t ref:0 ;
in:607 out:606 type:P dur:2 cpbdur:2 q:36.67 aq:24.64 tex:5869 mv:3011 misc:1672 imb:256 pmb:250 smb:3814 d:s ref:0 ;
in:606 out:607 type:b dur:2 cpbdur:2 q:36.68 aq:26.37 tex:745 mv:1849 misc:1254 imb:32 pmb:274 smb:4014 d:t ref:0 ;
in:608 out:608 type:P dur:2 cpbdur:2 q:36.67 aq:26.14 tex:7891 mv:3369 misc:1812 imb:192 pmb:383 smb:3745 d:s ref:0 ;
in:609 out:609 type:P dur:2 cpbdur:2 q:36.68 aq:25.60 tex:14975 mv:5498 misc:2175 imb:421 pmb:546 smb:3353 d:s ref:0 ;
in:610 out:610 type:P dur:2 cpbdur:2 q:36.65 aq:24.11 tex:21595 mv:6458 misc:2187 imb:624 pmb:628 smb:3068 d:s ref:0 ;
in:613 out:611 type:P dur:2 cpbdur:2 q:36.69 aq:24.89 tex:46719 mv:6598 misc:2211 imb:357 pmb:721 smb:3242 d:s ref:0 ;
in:611 out:612 type:B dur:2 cpbdur:2 q:36.66 aq:26.59 tex:459 mv:1892 misc:1041 imb:27 pmb:222 smb:4071 d:s ref:0 ;
in:612 out:613 type:b dur:2 cpbdur:2 q:36.68 aq:30.06 tex:287 mv:1447 misc:834 imb:12 pmb:170 smb:4138 d:- ref:0 ;
in:617 out:614 type:P dur:2 cpbdur:2 q:36.76 aq:22.30 tex:42248 mv:6271 misc:2313 imb:486 pmb:701 smb:3133 d:s ref:0 ;
in:615 out:615 type:B dur:2 cpbdur:2 q:36.72 aq:25.40 tex:1065 mv:2445 misc:1250 imb:19 pmb:288 smb:4013 d:s ref:0 ;
in:614 out:616 type:b dur:2 cpbdur:2 q:36.70 aq:27.40 tex:646 mv:1924 misc:942 imb:41 pmb:187 smb:4092 d:s ref:0 ;
in:616 out:617 type:b dur:2 cpbdur:2 q:36.74 aq:39.91 tex:469 mv:1549 misc:830 imb:34 pmb:147 smb:4139 d:- ref:0 ;
in:621 out:618 type:P dur:2 cpbdur:2 q:36.76 aq:27.56 tex:24228 mv:4177 misc:2075 imb:295 pmb:583 smb:3442 d:s ref:0 ;
in:619 out:619 type:B dur:2 cpbdur:2 q:36.76 aq:38.54 tex:1430 mv:1001 misc:841 imb:3 pmb:141 smb:4176 d:s ref:0 ;
in:618 out:620 type:b dur:2 cpbdur:2 q:36.76 aq:40.89 tex:230 mv:966 misc:660 imb:31 pmb:79 smb:4210 d:t ref:0 ;
in:620 out:621 type:b dur:2 cpbdur:2 q:36.76 aq:41.72 tex:36 mv:114 misc:274 imb:0 pmb:11 smb:4309 d:- ref:0 ;
in:624 out:622 type:P dur:2 cpbdur:2 q:36.91 aq:27.76 tex:34002 mv:4210 misc:2244 imb:156 pmb:666 smb:3498 d:s ref:0 ;
in:622 out:623 type:B dur:2 cpbdur:2 q:36.81 aq:38.69 tex:124 mv:209 misc:323 imb:3 pmb:13 smb:4304 d:s ref:0 ;
in:623 out:624 type:b dur:2 cpbdur:2 q:36.86 aq:43.00 tex:0 mv:52 misc:268 imb:0 pmb:7 smb:4313 d:- ref:0 ;
in:625 out:625 type:P dur:2 cpbdur:2 q:36.95 aq:28.03 tex:8550 mv:1215 misc:1587 imb:26 pmb:298 smb:3996 d:s ref:0 ;
in:626 out:626 type:P dur:2 cpbdur:2 q:36.94 aq:28.24 tex:11043 mv:1121 misc:1452 imb:27 pmb:330 smb:3963 d:s ref:0 ;
in:630 out:627 type:P dur:2 cpbdur:2 q:36.96 aq:29.56 tex:8539 mv:1296 misc:1141 imb:193 pmb:235 smb:3892 d:s ref:0 ;
in:628 out:628 type:B dur:2 cpbdur:2 q:36.95 aq:42.00 tex:1 mv:11 misc:284 imb:0 pmb:5 smb:4315 d:s ref:0 ;
in:627 out:629 type:b dur:2 cpbdur:2 q:36.95 aq:43.00 tex:1 mv:19 misc:260 imb:0 pmb:2 smb:4318 d:s ref:0 ;
in:629 out:630 type:b dur:2 cpbdur:2 q:36.96 aq:43.00 tex:0 mv:0 misc:256 imb:0 pmb:0 smb:4320 d:- ref:0 ;
in:634 out:631 type:P dur:2 cpbdur:2 q:37.00 aq:28.66 tex:2292 mv:163 misc:633 imb:6 pmb:74 smb:4240 d:s ref:0 ;
in:632 out:632 type:B dur:2 cpbdur:2 q:36.98 aq:41.00 tex:0 mv:0 misc:272 imb:0 pmb:0 smb:4320 d:s ref:0 ;
in:631 out:633 type:b dur:2 cpbdur:2 q:36.97 aq:43.00 tex:0 mv:0 misc:256 imb:0 pmb:0 smb:4320 d:s ref:0 ;
in:633 out:634 type:b dur:2 cpbdur:2 q:36.99 aq:43.00 tex:0 mv:0 misc:256 imb:0 pmb:0 smb:4320 d:- ref:0 ;
in:638 out:635 type:P dur:2 cpbdur:2 q:36.92 aq:29.61 tex:9176 mv:4622 misc:1514 imb:466 pmb:276 smb:3578 d:s ref:0 ;
in:636 out:636 type:B dur:2 cpbdur:2 q:36.96 aq:36.99 tex:1494 mv:2176 misc:962 imb:44 pmb:204 smb:4072 d:s ref:0 ;
in:635 out:637 type:b dur:2 cpbdur:2 q:36.98 aq:38.03 tex:35 mv:167 misc:614 imb:1 pmb:86 smb:4233 d:s ref:0 ;
in:637 out:638 type:b dur:2 cpbdur:2 q:36.94 aq:37.39 tex:1884 mv:2015 misc:909 imb:45 pmb:189 smb:4086 d:- ref:0 ;
in:642 out:639 type:P dur:2 cpbdur:2 q:36.91 aq:28.55 tex:9963 mv:5245 misc:1608 imb:487 pmb:291 smb:3542 d:s ref:0 ;
in:640 out:640 type:B dur:2 cpbdur:2 q:36.91 aq:35.69 tex:3643 mv:4110 misc:1215 imb:99 pmb:319 smb:3902 d:s ref:0 ;
in:639 out:641 type:b dur:2 cpbdur:2 q:36.92 aq:35.82 tex:1287 mv:2297 misc:1120 imb:66 pmb:211 smb:4043 d:s ref:0 ;
in:641 out:642 type:b dur:2 cpbdur:2 q:36.91 aq:38.63 tex:363 mv:796 misc:769 imb:3 pmb:144 smb:4173 d:- ref:0 ;
in:644 out:643 type:P dur:2 cpbdur:2 q:36.92 aq:29.97 tex:3335 mv:2232 misc:1281 imb:91 pmb:206 smb:4023 d:s ref:0 ;
in:643 out:644 type:b dur:2 cpbdur:2 q:36.91 aq:41.43 tex:26 mv:63 misc:359 imb:0 pmb:18 smb:4302 d:s ref:0 ;
in:648 out:645 type:P dur:2 cpbdur:2 q:36.96 aq:31.12 tex:5257 mv:3254 misc:1185 imb:156 pmb:240 smb:3924 d:s ref:0 ;
in:646 out:646 type:B dur:2 cpbdur:2 q:36.94 aq:37.13 tex:793 mv:868 misc:707 imb:5 pmb:131 smb:4184 d:s ref:0 ;
in:645 out:647 type:b dur:2 cpbdur:2 q:36.93 aq:39.31 tex:309 mv:488 misc:507 imb:8 pmb:53 smb:4259 d:s ref:0 ;
in:647 out:648 type:b dur:2 cpbdur:2 q:36.95 aq:39.38 tex:287 mv:588 misc:557 imb:6 pmb:82 smb:4232 d:- ref:0 ;
in:652 out:649 type:P dur:2 cpbdur:2 q:36.85 aq:29.45 tex:11827 mv:4757 misc:1432 imb:371 pmb:302 smb:3647 d:s ref:0 ;
in:650 out:650 type:B dur:2 cpbdur:2 q:36.90 aq:36.18 tex:1655 mv:2122 misc:959 imb:44 pmb:187 smb:4089 d:t ref:0 ;
in:649 out:651 type:b dur:2 cpbdur:2 q:36.93 aq:36.62 tex:906 mv:989 misc:817 imb:23 pmb:122 smb:4175 d:s ref:0 ;
in:651 out:652 type:b dur:2 cpbdur:2 q:36.88 aq:38.74 tex:984 mv:1002 misc:742 imb:22 pmb:111 smb:4187 d:- ref:0 ;
in:656 out:653 type:P dur:2 cpbdur:2 q:36.78 aq:31.37 tex:5713 mv:3258 misc:1301 imb:139 pmb:280 smb:3901 d:s ref:0 ;
in:654 out:654 type:B dur:2 cpbdur:2 q:36.81 aq:36.84 tex:537 mv:498 misc:741 imb:7 pmb:112 smb:4201 d:s ref:0 ;
in:653 out:655 type:b dur:2 cpbdur:2 q:36.83 aq:37.33 tex:38 mv:127 misc:419 imb:2 pmb:30 smb:4288 d:s ref:0 ;
in:655 out:656 type:b dur:2 cpbdur:2 q:36.80 aq:43.00 tex:0 mv:0 misc:256 imb:0 pmb:0 smb:4320 d:- ref:0 ;
in:659 out:657 type:P dur:2 cpbdur:2 q:36.68 aq:31.23 tex:10486 mv:4496 misc:1426 imb:224 pmb:320 smb:3776 d:s ref:0 ;
in:657 out:658 type:B dur:2 cpbdur:2 q:36.75 aq:39.40 tex:142 mv:253 misc:669 imb:3 pmb:94 smb:4223 d:s ref:0 ;
in:658 out:659 type:b dur:2 cpbdur:2 q:36.71 aq:41.71 tex:32 mv:58 misc:318 imb:0 pmb:18 smb:4302 d:- ref:0 ;
in:660 out:660 type:P dur:2 cpbdur:2 q:36.66 aq:28.20 tex:3809 mv:1522 misc:1405 imb:64 pmb:215 smb:4041 d:s ref:0 ;
in:662 out:661 type:P dur:2 cpbdur:2 q:36.63 aq:29.92 tex:3787 mv:1599 misc:1222 imb:68 pmb:207 smb:4045 d:s ref:0 ;
in:661 out:662 type:b dur:2 cpbdur:2 q:36.64 aq:43.00 tex:0 mv:0 misc:256 imb:0 pmb:0 smb:4320 d:s ref:0 ;
in:666 out:663 type:P dur:2 cpbdur:2 q:36.54 aq:29.23 tex:3949 mv:2186 misc:1201 imb:59 pmb:237 smb:4024 d:s ref:0 ;
in:664 out:664 type:B dur:2 cpbdur:2 q:36.58 aq:34.16 tex:130 mv:146 misc:508 imb:1 pmb:52 smb:4267 d:s ref:0 ;
in:663 out:665 type:b dur:2 cpbdur:2 q:36.61 aq:43.00 tex:0 mv:0 misc:256 imb:0 pmb:0 smb:4320 d:s ref:0 ;
in:665 out:666 type:b dur:2 cpbdur:2 q:36.56 aq:34.77 tex:41 mv:125 misc:386 imb:4 pmb:25 smb:4291 d:- ref:0 ;
in:669 out:667 type:P dur:2 cpbdur:2 q:36.46 aq:27.90 tex:12032 mv:5684 misc:1532 imb:352 pmb:419 smb:3549 d:s ref:0 ;
in:667 out:668 type:B dur:2 cpbdur:2 q:36.51 aq:41.00 tex:0 mv:0 misc:272 imb:0 pmb:0 smb:4320 d:s ref:0 ;
in:668 out:669 type:b dur:2 cpbdur:2 q:36.49 aq:43.00 tex:0 mv:0 misc:256 imb:0 pmb:0 smb:4320 d:- ref:0 ;
in:670 out:670 type:P dur:2 cpbdur:2 q:36.42 aq:24.59 tex:3098 mv:769 misc:1197 imb:43 pmb:149 smb:4128 d:s ref:0 ;
in:674 out:671 type:P dur:2 cpbdur:2 q:36.39 aq:33.26 tex:4305 mv:393 misc:510 imb:28 pmb:38 smb:4254 d:s ref:0 ;
in:672 out:672 type:B dur:2 cpbdur:2 q:36.40 aq:35.15 tex:836 mv:213 misc:399 imb:2 pmb:46 smb:4272 d:s ref:0 ;
in:671 out:673 type:b dur:2 cpbdur:2 q:36.41 aq:43.00 tex:8 mv:52 misc:348 imb:0 pmb:36 smb:4284 d:s ref:0 ;
in:673 out:674 type:b dur:2 cpbdur:2 q:36.39 aq:43.00 tex:0 mv:0 misc:256 imb:0 pmb:0 smb:4320 d:- ref:0 ;
in:677 out:675 type:P dur:2 cpbdur:2 q:36.20 aq:25.86 tex:18706 mv:6200 misc:2038 imb:431 pmb:462 smb:3427 d:s ref:0 ;
in:675 out:676 type:B dur:2 cpbdur:2 q:36.32 aq:32.71 tex:56 mv:294 misc:394 imb:6 pmb:46 smb:4268 d:s ref:0 ;
in:676 out:677 type:b dur:2 cpbdur:2 q:36.26 aq:37.15 tex:51 mv:193 misc:572 imb:1 pmb:76 smb:4243 d:- ref:0 ;
in:678 out:678 type:P dur:2 cpbdur:2 q:36.17 aq:25.44 tex:5706 mv:1693 misc:1705 imb:100 pmb:263 smb:3957 d:s ref:0 ;
in:682 out:679 type:P dur:2 cpbdur:2 q:36.16 aq:26.09 tex:3862 mv:1568 misc:1178 imb:46 pmb:221 smb:4053 d:s ref:0 ;
in:680 out:680 type:B dur:2 cpbdur:2 q:36.17 aq:40.00 tex:1 mv:24 misc:335 imb:0 pmb:12 smb:4308 d:s ref:0 ;
in:679 out:681 type:b dur:2 cpbdur:2 q:36.17 aq:42.00 tex:0 mv:0 misc:256 imb:0 pmb:0 smb:4320 d:s ref:0 ;
in:681 out:682 type:b dur:2 cpbdur:2 q:36.16 aq:42.00 tex:0 mv:0 misc:256 imb:0 pmb:0 smb:4320 d:- ref:0 ;
in:686 out:683 type:P dur:2 cpbdur:2 q:35.97 aq:26.50 tex:1086 mv:164 misc:550 imb:4 pmb:43 smb:4273 d:s ref:0 ;
in:684 out:684 type:B dur:2 cpbdur:2 q:36.07 aq:40.00 tex:0 mv:0 misc:272 imb:0 pmb:0 smb:4320 d:s ref:0 ;
in:683 out:685 type:b dur:2 cpbdur:2 q:36.11 aq:42.00 tex:0 mv:0 misc:256 imb:0 pmb:0 smb:4320 d:s ref:0 ;
in:685 out:686 type:b dur:2 cpbdur:2 q:36.02 aq:42.00 tex:0 mv:0 misc:256 imb:0 pmb:0 smb:4320 d:- ref:0 ;
in:690 out:687 type:P dur:2 cpbdur:2 q:35.76 aq:23.28 tex:36813 mv:8225 misc:1850 imb:456 pmb:612 smb:3252 d:s ref:0 ;
in:688 out:688 type:B dur:2 cpbdur:2 q:35.87 aq:37.89 tex:96 mv:114 misc:382 imb:0 pmb:44 smb:4276 d:s ref:0 ;
in:687 out:689 type:b dur:2 cpbdur:2 q:35.92 aq:42.00 tex:2 mv:77 misc:369 imb:0 pmb:45 smb:4275 d:s ref:0 ;
in:689 out:690 type:b dur:2 cpbdur:2 q:35.81 aq:37.61 tex:30 mv:26 misc:264 imb:2 pmb:0 smb:4318 d:- ref:0 ;
in:691 out:691 type:P dur:2 cpbdur:2 q:35.83 aq:22.03 tex:4016 mv:1202 misc:1550 imb:62 pmb:227 smb:4031 d:s ref:0 ;
in:695 out:692 type:P dur:2 cpbdur:2 q:35.81 aq:24.90 tex:6772 mv:2088 misc:1452 imb:80 pmb:323 smb:3917 d:s ref:0 ;
in:693 out:693 type:B dur:2 cpbdur:2 q:35.82 aq:40.00 tex:0 mv:11 misc:285 imb:0 pmb:4 smb:4316 d:s ref:0 ;
in:692 out:694 type:b dur:2 cpbdur:2 q:35.83 aq:35.92 tex:24 mv:43 misc:261 imb:1 pmb:1 smb:4318 d:s ref:0 ;
in:694 out:695 type:b dur:2 cpbdur:2 q:35.82 aq:42.00 tex:0 mv:0 misc:256 imb:0 pmb:0 smb:4320 d:- ref:0 ;
in:699 out:696 type:P dur:2 cpbdur:2 q:35.70 aq:26.29 tex:734 mv:269 misc:637 imb:6 pmb:59 smb:4255 d:s ref:0 ;
in:697 out:697 type:B dur:2 cpbdur:2 q:35.75 aq:40.00 tex:0 mv:0 misc:272 imb:0 pmb:0 smb:4320 d:s ref:0 ;
in:696 out:698 type:b dur:2 cpbdur:2 q:35.78 aq:42.00 tex:0 mv:0 misc:256 imb:0 pmb:0 smb:4320 d:s ref:0 ;
in:698 out:699 type:b dur:2 cpbdur:2 q:35.73 aq:42.00 tex:0 mv:0 misc:256 imb:0 pmb:0 smb:4320 d:- ref:0 ;
in:703 out:700 type:P dur:2 cpbdur:2 q:35.46 aq:26.41 tex:1552 mv:226 misc:662 imb:11 pmb:55 smb:4254 d:s ref:0 ;
in:701 out:701 type:B dur:2 cpbdur:2 q:35.58 aq:40.00 tex:0 mv:0 misc:272 imb:0 pmb:0 smb:4320 d:s ref:0 ;
in:700 out:702 type:b dur:2 cpbdur:2 q:35.64 aq:42.00 tex:0 mv:0 misc:256 imb:0 pmb:0 smb:4320 d:s ref:0 ;
in:702 out:703 type:b dur:2 cpbdur:2 q:35.52 aq:42.00 tex:0 mv:0 misc:256 imb:0 pmb:0 smb:4320 d:- ref:0 ;
in:707 out:704 type:P dur:2 cpbdur:2 q:35.29 aq:24.20 tex:1302 mv:241 misc:537 imb:18 pmb:38 smb:4264 d:s ref:0 ;
in:705 out:705 type:B dur:2 cpbdur:2 q:35.38 aq:40.00 tex:0 mv:0 misc:272 imb:0 pmb:0 smb:4320 d:s ref:0 ;
in:704 out:706 type:b dur:2 cpbdur:2 q:35.42 aq:42.00 tex:0 mv:0 misc:256 imb:0 pmb:0 smb:4320 d:s ref:0 ;
in:706 out:707 type:b dur:2 cpbdur:2 q:35.33 aq:41.00 tex:0 mv:0 misc:256 imb:0 pmb:0 smb:4320 d:- ref:0 ;
in:711 out:708 type:P dur:2 cpbdur:2 q:35.06 aq:20.60 tex:223 mv:81 misc:376 imb:6 pmb:9 smb:4305 d:s ref:0 ;
in:709 out:709 type:B dur:2 cpbdur:2 q:35.17 aq:39.00 tex:0 mv:0 misc:272 imb:0 pmb:0 smb:4320 d:s ref:0 ;
in:708 out:710 type:b dur:2 cpbdur:2 q:35.23 aq:41.00 tex:0 mv:0 misc:256 imb:0 pmb:0 smb:4320 d:s ref:0 ;
in:710 out:711 type:b dur:2 cpbdur:2 q:35.12 aq:41.00 tex:0 mv:0 misc:256 imb:0 pmb:0 smb:4320 d:- ref:0 ;
in:715 out:712 type:P dur:2 cpbdur:2 q:34.84 aq:26.86 tex:1768 mv:403 misc:421 imb:44 pmb:14 smb:4262 d:s ref:0 ;
in:713 out:713 type:B dur:2 cpbdur:2 q:34.95 aq:39.00 tex:7 mv:45 misc:356 imb:0 pmb:41 smb:4279 d:s ref:0 ;
in:712 out:714 type:b dur:2 cpbdur:2 q:35.00 aq:41.00 tex:13 mv:37 misc:342 imb:0 pmb:41 smb:4279 d:s ref:0 ;
in:714 out:715 type:b dur:2 cpbdur:2 q:34.89 aq:41.00 tex:0 mv:0 misc:256 imb:0 pmb:0 smb:4320 d:- ref:0 ;
in:719 out:716 type:P dur:2 cpbdur:2 q:34.64 aq:25.56 tex:757 mv:275 misc:624 imb:7 pmb:52 smb:4261 d:s ref:0 ;
in:717 out:717 type:B dur:2 cpbdur:2 q:34.74 aq:39.00 tex:0 mv:0 misc:272 imb:0 pmb:0 smb:4320 d:s ref:0 ;
in:716 out:718 type:b dur:2 cpbdur:2 q:34.79 aq:41.00 tex:0 mv:0 misc:256 imb:0 pmb:0 smb:4320 d:s ref:0 ;
in:718 out:719 type:b dur:2 cpbdur:2 q:34.69 aq:41.00 tex:0 mv:0 misc:256 imb:0 pmb:0 smb:4320 d:- ref:0 ;
in:723 out:720 type:P dur:2 cpbdur:2 q:34.48 aq:26.11 tex:1187 mv:233 misc:500 imb:14 pmb:33 smb:4273 d:s ref:0 ;
in:721 out:721 type:B dur:2 cpbdur:2 q:34.56 aq:37.67 tex:516 mv:106 misc:306 imb:0 pmb:14 smb:4306 d:s ref:0 ;
in:720 out:722 type:b dur:2 cpbdur:2 q:34.60 aq:41.00 tex:22 mv:66 misc:272 imb:0 pmb:7 smb:4313 d:s ref:0 ;
in:722 out:723 type:b dur:2 cpbdur:2 q:34.52 aq:38.94 tex:417 mv:123 misc:284 imb:2 pmb:12 smb:4306 d:- ref:0 ;
in:727 out:724 type:P dur:2 cpbdur:2 q:34.36 aq:29.17 tex:956 mv:155 misc:393 imb:11 pmb:19 smb:4290 d:s ref:0 ;
in:725 out:725 type:B dur:2 cpbdur:2 q:34.42 aq:35.73 tex:516 mv:111 misc:325 imb:3 pmb:22 smb:4295 d:s ref:0 ;
in:724 out:726 type:b dur:2 cpbdur:2 q:34.45 aq:38.56 tex:280 mv:166 misc:306 imb:0 pmb:21 smb:4299 d:s ref:0 ;
in:726 out:727 type:b dur:2 cpbdur:2 q:34.39 aq:37.31 tex:465 mv:108 misc:307 imb:4 pmb:20 smb:4296 d:- ref:0 ;
in:729 out:728 type:P dur:2 cpbdur:2 q:34.17 aq:27.40 tex:1089 mv:208 misc:343 imb:9 pmb:11 smb:4300 d:s ref:0 ;
in:728 out:729 type:b dur:2 cpbdur:2 q:34.26 aq:38.34 tex:676 mv:85 misc:295 imb:1 pmb:20 smb:4299 d:t ref:0 ;
in:731 out:730 type:P dur:2 cpbdur:2 q:34.08 aq:24.66 tex:809 mv:131 misc:316 imb:10 pmb:5 smb:4305 d:s ref:0 ;
in:730 out:731 type:b dur:2 cpbdur:2 q:34.12 aq:35.64 tex:42 mv:123 misc:291 imb:0 pmb:18 smb:4302 d:s ref:0 ;
in:733 out:732 type:P dur:2 cpbdur:2 q:33.98 aq:22.55 tex:1058 mv:130 misc:340 imb:18 pmb:4 smb:4298 d:s ref:0 ;
in:732 out:733 type:b dur:2 cpbdur:2 q:34.03 aq:38.38 tex:723 mv:124 misc:305 imb:3 pmb:19 smb:4298 d:s ref:0 ;
in:737 out:734 type:P dur:2 cpbdur:2 q:33.85 aq:21.30 tex:985 mv:92 misc:299 imb:14 pmb:5 smb:4301 d:s ref:0 ;
in:735 out:735 type:B dur:2 cpbdur:2 q:33.92 aq:34.85 tex:842 mv:104 misc:334 imb:3 pmb:21 smb:4296 d:s ref:0 ;
in:734 out:736 type:b dur:2 cpbdur:2 q:33.95 aq:36.85 tex:625 mv:180 misc:307 imb:4 pmb:19 smb:4297 d:s ref:0 ;
in:736 out:737 type:b dur:2 cpbdur:2 q:33.89 aq:37.41 tex:875 mv:97 misc:292 imb:3 pmb:15 smb:4302 d:- ref:0 ;
in:741 out:738 type:P dur:2 cpbdur:2 q:33.57 aq:31.01 tex:4832 mv:3097 misc:1815 imb:90 pmb:470 smb:3760 d:s ref:0 ;
in:739 out:739 type:B dur:2 cpbdur:2 q:33.71 aq:20.29 tex:1054 mv:573 misc:781 imb:14 pmb:109 smb:4197 d:s ref:0 ;
in:738 out:740 type:b dur:2 cpbdur:2 q:33.78 aq:40.00 tex:396 mv:114 misc:274 imb:0 pmb:9 smb:4311 d:s ref:0 ;
in:740 out:741 type:b dur:2 cpbdur:2 q:33.64 aq:37.95 tex:282 mv:331 misc:699 imb:1 pmb:122 smb:4197 d:- ref:0 ;
in:742 out:742 type:P dur:2 cpbdur:2 q:33.51 aq:26.28 tex:44652 mv:6579 misc:1921 imb:446 pmb:555 smb:3319 d:s ref:0 ;
in:743 out:743 type:P dur:2 cpbdur:2 q:33.59 aq:24.59 tex:35409 mv:6509 misc:2226 imb:371 pmb:666 smb:3283 d:s ref:0 ;
in:744 out:744 type:P dur:2 cpbdur:2 q:33.63 aq:25.94 tex:21350 mv:4428 misc:2022 imb:278 pmb:506 smb:3536 d:s ref:0 ;
in:745 out:745 type:P dur:2 cpbdur:2 q:33.66 aq:25.60 tex:10989 mv:3102 misc:1933 imb:168 pmb:387 smb:3765 d:s ref:0 ;
in:746 out:746 type:P dur:2 cpbdur:2 q:33.69 aq:24.27 tex:12184 mv:4065 misc:2023 imb:157 pmb:480 smb:3683 d:s ref:0 ;
in:747 out:747 type:P dur:2 cpbdur:2 q:33.74 aq:22.37 tex:16824 mv:4442 misc:2086 imb:337 pmb:534 smb:3449 d:s ref:0 ;
in:748 out:748 type:P dur:2 cpbdur:2 q:33.77 aq:23.19 tex:25730 mv:6835 misc:2499 imb:432 pmb:708 smb:3180 d:s ref:0 ;
in:749 out:749 type:P dur:2 cpbdur:2 q:33.84 aq:30.31 tex:3256 mv:1308 misc:828 imb:157 pmb:96 smb:4067 d:s ref:0 ;
in:750 out:750 type:I dur:2 cpbdur:2 q:31.30 aq:18.55 tex:161117 mv:46595 misc:576 imb:4320 pmb:0 smb:0 d:s ref:;
in:752 out:751 type:P dur:2 cpbdur:2 q:34.93 aq:20.04 tex:33306 mv:4860 misc:1762 imb:422 pmb:558 smb:3340 d:s ref:0 ;
in:751 out:752 type:b dur:2 cpbdur:2 q:34.93 aq:23.64 tex:200 mv:1547 misc:1213 imb:13 pmb:313 smb:3994 d:s ref:0 ;
in:756 out:753 type:P dur:2 cpbdur:2 q:35.02 aq:23.74 tex:55826 mv:7929 misc:2301 imb:374 pmb:807 smb:3139 d:s ref:0 ;
in:754 out:754 type:B dur:2 cpbdur:2 q:34.97 aq:27.83 tex:1265 mv:3074 misc:1565 imb:30 pmb:343 smb:3947 d:s ref:0 ;
in:753 out:755 type:b dur:2 cpbdur:2 q:34.95 aq:22.84 tex:649 mv:2805 misc:1426 imb:45 pmb:349 smb:3926 d:s ref:0 ;
in:755 out:756 type:b dur:2 cpbdur:2 q:35.00 aq:34.87 tex:610 mv:1703 misc:783 imb:21 pmb:151 smb:4148 d:- ref:0 ;
in:760 out:757 type:P dur:2 cpbdur:2 q:35.03 aq:27.25 tex:26902 mv:4980 misc:2398 imb:228 pmb:700 smb:3392 d:s ref:0 ;
in:758 out:758 type:B dur:2 cpbdur:2 q:35.03 aq:28.98 tex:3842 mv:2923 misc:1331 imb:83 pmb:280 smb:3957 d:s ref:0 ;
in:757 out:759 type:b dur:2 cpbdur:2 q:35.02 aq:37.43 tex:985 mv:1353 misc:774 imb:9 pmb:151 smb:4160 d:s ref:0 ;
in:759 out:760 type:b dur:2 cpbdur:2 q:35.03 aq:36.42 tex:846 mv:172 misc:350 imb:5 pmb:24 smb:4291 d:- ref:0 ;
in:764 out:761 type:P dur:2 cpbdur:2 q:35.25 aq:25.97 tex:30084 mv:4067 misc:2353 imb:243 pmb:639 smb:3438 d:s ref:0 ;
in:762 out:762 type:B dur:2 cpbdur:2 q:35.14 aq:29.06 tex:907 mv:199 misc:414 imb:8 pmb:28 smb:4284 d:s ref:0 ;
in:761 out:763 type:b dur:2 cpbdur:2 q:35.09 aq:30.52 tex:579 mv:163 misc:298 imb:4 pmb:16 smb:4300 d:s ref:0 ;
in:763 out:764 type:b dur:2 cpbdur:2 q:35.19 aq:30.13 tex:102 mv:169 misc:289 imb:1 pmb:12 smb:4307 d:- ref:0 ;
in:765 out:765 type:P dur:2 cpbdur:2 q:35.47 aq:26.72 tex:4483 mv:1062 misc:1423 imb:92 pmb:198 smb:4030 d:s ref:0 ;
in:768 out:766 type:P dur:2 cpbdur:2 q:35.52 aq:29.82 tex:5325 mv:885 misc:1190 imb:69 pmb:174 smb:4077 d:s ref:0 ;
in:766 out:767 type:B dur:2 cpbdur:2 q:35.49 aq:25.80 tex:122 mv:129 misc:301 imb:1 pmb:8 smb:4311 d:s ref:0 ;
in:767 out:768 type:b dur:2 cpbdur:2 q:35.50 aq:35.74 tex:39 mv:138 misc:279 imb:0 pmb:9 smb:4311 d:- ref:0 ;
in:772 out:769 type:P dur:2 cpbdur:2 q:35.37 aq:31.40 tex:3601 mv:673 misc:678 imb:56 pmb:59 smb:4205 d:s ref:0 ;
in:770 out:770 type:B dur:2 cpbdur:2 q:35.44 aq:30.19 tex:3025 mv:369 misc:358 imb:7 pmb:40 smb:4273 d:s ref:0 ;
in:769 out:771 type:b dur:2 cpbdur:2 q:35.48 aq:31.67 tex:101 mv:115 misc:304 imb:3 pmb:17 smb:4300 d:s ref:0 ;
in:771 out:772 type:b dur:2 cpbdur:2 q:35.41 aq:23.00 tex:81 mv:169 misc:342 imb:1 pmb:32 smb:4287 d:- ref:0 ;
in:776 out:773 type:P dur:2 cpbdur:2 q:35.36 aq:30.35 tex:9877 mv:1428 misc:591 imb:122 pmb:88 smb:4110 d:s ref:0 ;
in:774 out:774 type:B dur:2 cpbdur:2 q:35.36 aq:28.55 tex:2275 mv:702 misc:607 imb:30 pmb:130 smb:4160 d:s ref:0 ;
in:773 out:775 type:b dur:2 cpbdur:2 q:35.37 aq:29.32 tex:2720 mv:560 misc:464 imb:21 pmb:91 smb:4208 d:s ref:0 ;
in:775 out:776 type:b dur:2 cpbdur:2 q:35.36 aq:29.31 tex:2610 mv:1008 misc:558 imb:40 pmb:112 smb:4168 d:- ref:0 ;
in:780 out:777 type:P dur:2 cpbdur:2 q:35.24 aq:25.83 tex:780 mv:214 misc:446 imb:17 pmb:19 smb:4284 d:s ref:0 ;
in:778 out:778 type:B dur:2 cpbdur:2 q:35.30 aq:25.70 tex:410 mv:99 misc:323 imb:4 pmb:13 smb:4303 d:t ref:0 ;
in:777 out:779 type:b dur:2 cpbdur:2 q:35.33 aq:36.09 tex:400 mv:67 misc:293 imb:2 pmb:14 smb:4304 d:s ref:0 ;
in:779 out:780 type:b dur:2 cpbdur:2 q:35.27 aq:37.45 tex:364 mv:59 misc:281 imb:1 pmb:11 smb:4308 d:- ref:0 ;
in:783 out:781 type:P dur:2 cpbdur:2 q:34.97 aq:24.68 tex:37530 mv:7139 misc:1891 imb:608 pmb:594 smb:3118 d:s ref:0 ;
in:781 out:782 type:B dur:2 cpbdur:2 q:35.15 aq:23.81 tex:165 mv:211 misc:336 imb:0 pmb:17 smb:4303 d:s ref:0 ;
in:782 out:783 type:b dur:2 cpbdur:2 q:35.06 aq:35.96 tex:1932 mv:3108 misc:1656 imb:39 pmb:432 smb:3849 d:- ref:0 ;
in:784 out:784 type:P dur:2 cpbdur:2 q:34.99 aq:27.44 tex:46708 mv:9842 misc:2258 imb:1001 pmb:638 smb:2681 d:s ref:0 ;
in:785 out:785 type:P dur:2 cpbdur:2 q:35.05 aq:29.39 tex:14601 mv:4177 misc:2030 imb:361 pmb:527 smb:3432 d:s ref:0 ;
in:786 out:786 type:P dur:2 cpbdur:2 q:35.07 aq:28.54 tex:5834 mv:3219 misc:1803 imb:220 pmb:319 smb:3781 d:s ref:0 ;
in:787 out:787 type:P dur:2 cpbdur:2 q:35.08 aq:25.42 tex:3626 mv:3566 misc:1824 imb:212 pmb:387 smb:3721 d:s ref:0 ;
in:788 out:788 type:P dur:2 cpbdur:2 q:35.11 aq:21.83 tex:5270 mv:2696 misc:1530 imb:175 pmb:318 smb:3827 d:s ref:0 ;
in:789 out:789 type:P dur:2 cpbdur:2 q:35.12 aq:25.65 tex:12423 mv:4429 misc:1932 imb:222 pmb:558 smb:3540 d:s ref:0 ;
in:790 out:790 type:P dur:2 cpbdur:2 q:35.15 aq:25.83 tex:21504 mv:6596 misc:1980 imb:458 pmb:689 smb:3173 d:s ref:0 ;
in:791 out:791 type:P dur:2 cpbdur:2 q:35.18 aq:25.29 tex:26729 mv:6250 misc:2117 imb:324 pmb:663 smb:3333 d:s ref:0 ;
in:793 out:792 type:P dur:2 cpbdur:2 q:35.24 aq:23.78 tex:44161 mv:8684 misc:2331 imb:415 pmb:720 smb:3185 d:s ref:0 ;
in:792 out:793 type:b dur:2 cpbdur:2 q:35.21 aq:27.39 tex:868 mv:3119 misc:1333 imb:42 pmb:317 smb:3961 d:s ref:0 ;
in:797 out:794 type:P dur:2 cpbdur:2 q:35.35 aq:21.82 tex:53254 mv:7228 misc:2134 imb:380 pmb:662 smb:3278 d:s ref:0 ;
in:795 out:795 type:B dur:2 cpbdur:2 q:35.30 aq:31.66 tex:2816 mv:3790 misc:1810 imb:77 pmb:427 smb:3816 d:s ref:0 ;
in:794 out:796 type:b dur:2 cpbdur:2 q:35.27 aq:30.25 tex:1169 mv:3500 misc:1483 imb:94 pmb:295 smb:3931 d:s ref:0 ;
in:796 out:797 type:b dur:2 cpbdur:2 q:35.33 aq:34.08 tex:1805 mv:1793 misc:1082 imb:30 pmb:198 smb:4092 d:- ref:0 ;
in:801 out:798 type:P dur:2 cpbdur:2 q:35.39 aq:26.79 tex:49485 mv:9877 misc:2278 imb:697 pmb:831 smb:2792 d:s ref:0 ;
in:799 out:799 type:B dur:2 cpbdur:2 q:35.37 aq:33.42 tex:4506 mv:3915 misc:1699 imb:99 pmb:375 smb:3846 d:s ref:0 ;
in:798 out:800 type:b dur:2 cpbdur:2 q:35.36 aq:32.15 tex:1338 mv:2496 misc:1214 imb:63 pmb:231 smb:4026 d:s ref:0 ;
in:800 out:801 type:b dur:2 cpbdur:2 q:35.38 aq:32.33 tex:1406 mv:866 misc:656 imb:11 pmb:80 smb:4229 d:- ref:0 ;
in:805 out:802 type:P dur:2 cpbdur:2 q:35.63 aq:25.97 tex:55040 mv:9255 misc:2273 imb:639 pmb:802 smb:2879 d:s ref:0 ;
in:803 out:803 type:B dur:2 cpbdur:2 q:35.51 aq:32.34 tex:4905 mv:4821 misc:1442 imb:122 pmb:350 smb:3848 d:s ref:0 ;
in:802 out:804 type:b dur:2 cpbdur:2 q:35.45 aq:31.82 tex:4113 mv:4597 misc:1146 imb:127 pmb:308 smb:3885 d:s ref:0 ;
in:804 out:805 type:b dur:2 cpbdur:2 q:35.57 aq:32.63 tex:424 mv:918 misc:610 imb:14 pmb:87 smb:4219 d:- ref:0 ;
in:806 out:806 type:P dur:2 cpbdur:2 q:35.72 aq:27.43 tex:16034 mv:3843 misc:2227 imb:162 pmb:549 smb:3609 d:s ref:0 ;
in:809 out:807 type:P dur:2 cpbdur:2 q:35.76 aq:27.39 tex:19380 mv:1517 misc:1215 imb:56 pmb:361 smb:3903 d:s ref:0 ;
in:807 out:808 type:B dur:2 cpbdur:2 q:35.73 aq:29.49 tex:70 mv:24 misc:298 imb:0 pmb:6 smb:4314 d:t ref:0 ;
in:808 out:809 type:b dur:2 cpbdur:2 q:35.75 aq:29.02 tex:827 mv:977 misc:612 imb:19 pmb:85 smb:4216 d:- ref:0 ;
in:813 out:810 type:P dur:2 cpbdur:2 q:35.93 aq:28.83 tex:16049 mv:5691 misc:1700 imb:359 pmb:397 smb:3564 d:s ref:0 ;
in:811 out:811 type:B dur:2 cpbdur:2 q:35.84 aq:32.69 tex:3952 mv:4448 misc:1184 imb:110 pmb:311 smb:3899 d:s ref:0 ;
in:810 out:812 type:b dur:2 cpbdur:2 q:35.80 aq:36.14 tex:1190 mv:914 misc:560 imb:16 pmb:83 smb:4221 d:s ref:0 ;
in:812 out:813 type:b dur:2 cpbdur:2 q:35.89 aq:33.79 tex:2734 mv:3408 misc:1018 imb:80 pmb:238 smb:4002 d:- ref:0 ;
in:817 out:814 type:P dur:2 cpbdur:2 q:36.10 aq:29.41 tex:10511 mv:5119 misc:1538 imb:331 pmb:340 smb:3649 d:s ref:0 ;
in:815 out:815 type:B dur:2 cpbdur:2 q:36.02 aq:26.73 tex:1496 mv:1420 misc:884 imb:41 pmb:134 smb:4145 d:s ref:0 ;
in:814 out:816 type:b dur:2 cpbdur:2 q:35.97 aq:28.32 tex:292 mv:408 misc:516 imb:5 pmb:55 smb:4260 d:s ref:0 ;
in:816 out:817 type:b dur:2 cpbdur:2 q:36.06 aq:30.12 tex:435 mv:458 misc:643 imb:1 pmb:95 smb:4224 d:- ref:0 ;
in:819 out:818 type:P dur:2 cpbdur:2 q:36.28 aq:26.91 tex:11352 mv:5374 misc:1826 imb:304 pmb:416 smb:3600 d:s ref:0 ;
in:818 out:819 type:b dur:2 cpbdur:2 q:36.19 aq:28.59 tex:96 mv:93 misc:347 imb:1 pmb:15 smb:4304 d:s ref:0 ;
in:823 out:820 type:P dur:2 cpbdur:2 q:36.42 aq:29.25 tex:6047 mv:946 misc:791 imb:86 pmb:78 smb:4156 d:s ref:0 ;
in:821 out:821 type:B dur:2 cpbdur:2 q:36.35 aq:30.29 tex:288 mv:230 misc:450 imb:2 pmb:86 smb:4232 d:s ref:0 ;
in:820 out:822 type:b dur:2 cpbdur:2 q:36.32 aq:26.22 tex:173 mv:391 misc:428 imb:17 pmb:67 smb:4236 d:s ref:0 ;
in:822 out:823 type:b dur:2 cpbdur:2 q:36.39 aq:21.00 tex:0 mv:0 misc:248 imb:0 pmb:0 smb:4320 d:- ref:0 ;
in:827 out:824 type:P dur:2 cpbdur:2 q:36.37 aq:25.50 tex:17291 mv:6812 misc:1681 imb:462 pmb:444 smb:3414 d:s ref:0 ;
in:825 out:825 type:B dur:2 cpbdur:2 q:36.40 aq:27.28 tex:286 mv:395 misc:535 imb:6 pmb:99 smb:4215 d:s ref:0 ;
in:824 out:826 type:b dur:2 cpbdur:2 q:36.41 aq:30.49 tex:299 mv:216 misc:605 imb:0 pmb:127 smb:4193 d:s ref:0 ;
in:826 out:827 type:b dur:2 cpbdur:2 q:36.39 aq:21.00 tex:19 mv:167 misc:414 imb:3 pmb:35 smb:4282 d:- ref:0 ;
in:829 out:828 type:P dur:2 cpbdur:2 q:36.48 aq:25.42 tex:2601 mv:1133 misc:1130 imb:39 pmb:150 smb:4131 d:s ref:0 ;
in:828 out:829 type:b dur:2 cpbdur:2 q:36.43 aq:22.00 tex:0 mv:0 misc:248 imb:0 pmb:0 smb:4320 d:s ref:0 ;
in:833 out:830 type:P dur:2 cpbdur:2 q:36.45 aq:25.31 tex:902 mv:384 misc:730 imb:7 pmb:69 smb:4244 d:s ref:0 ;
in:831 out:831 type:B dur:2 cpbdur:2 q:36.47 aq:26.55 tex:194 mv:64 misc:334 imb:2 pmb:11 smb:4307 d:s ref:0 ;
in:830 out:832 type:b dur:2 cpbdur:2 q:36.47 aq:23.00 tex:0 mv:0 misc:248 imb:0 pmb:0 smb:4320 d:s ref:0 ;
in:832 out:833 type:b dur:2 cpbdur:2 q:36.46 aq:22.00 tex:0 mv:0 misc:248 imb:0 pmb:0 smb:4320 d:- ref:0 ;
in:837 out:834 type:P dur:2 cpbdur:2 q:36.25 aq:23.34 tex:26250 mv:6063 misc:1567 imb:338 pmb:411 smb:3571 d:s ref:0 ;
in:835 out:835 type:B dur:2 cpbdur:2 q:36.35 aq:29.25 tex:678 mv:508 misc:590 imb:14 pmb:115 smb:4191 d:s ref:0 ;
in:834 out:836 type:b dur:2 cpbdur:2 q:36.40 aq:24.88 tex:62 mv:249 misc:561 imb:7 pmb:98 smb:4215 d:s ref:0 ;
in:836 out:837 type:b dur:2 cpbdur:2 q:36.30 aq:22.00 tex:0 mv:0 misc:248 imb:0 pmb:0 smb:4320 d:- ref:0 ;
in:838 out:838 type:P dur:2 cpbdur:2 q:36.17 aq:23.36 tex:10706 mv:3539 misc:1811 imb:162 pmb:453 smb:3705 d:s ref:0 ;
in:842 out:839 type:P dur:2 cpbdur:2 q:36.18 aq:21.50 tex:12586 mv:3635 misc:1811 imb:169 pmb:481 smb:3670 d:s ref:0 ;
in:840 out:840 type:B dur:2 cpbdur:2 q:36.17 aq:21.00 tex:7 mv:40 misc:329 imb:0 pmb:12 smb:4308 d:s ref:0 ;
in:839 out:841 type:b dur:2 cpbdur:2 q:36.17 aq:22.00 tex:0 mv:0 misc:248 imb:0 pmb:0 smb:4320 d:s ref:0 ;
in:841 out:842 type:b dur:2 cpbdur:2 q:36.17 aq:22.00 tex:0 mv:0 misc:248 imb:0 pmb:0 smb:4320 d:- ref:0 ;
in:846 out:843 type:P dur:2 cpbdur:2 q:36.09 aq:20.79 tex:1398 mv:381 misc:797 imb:18 pmb:69 smb:4233 d:s ref:0 ;
in:844 out:844 type:B dur:2 cpbdur:2 q:36.13 aq:21.00 tex:0 mv:0 misc:264 imb:0 pmb:0 smb:4320 d:s ref:0 ;
in:843 out:845 type:b dur:2 cpbdur:2 q:36.15 aq:22.00 tex:0 mv:0 misc:248 imb:0 pmb:0 smb:4320 d:s ref:0 ;
in:845 out:846 type:b dur:2 cpbdur:2 q:36.11 aq:22.00 tex:0 mv:0 misc:248 imb:0 pmb:0 smb:4320 d:- ref:0 ;
in:850 out:847 type:P dur:2 cpbdur:2 q:35.84 aq:19.45 tex:826 mv:246 misc:608 imb:8 pmb:46 smb:4266 d:s ref:0 ;
in:848 out:848 type:B dur:2 cpbdur:2 q:35.96 aq:21.00 tex:0 mv:0 misc:264 imb:0 pmb:0 smb:4320 d:s ref:0 ;
in:847 out:849 type:b dur:2 cpbdur:2 q:36.03 aq:22.00 tex:0 mv:0 misc:248 imb:0 pmb:0 smb:4320 d:s ref:0 ;
in:849 out:850 type:b dur:2 cpbdur:2 q:35.90 aq:22.00 tex:0 mv:0 misc:248 imb:0 pmb:0 smb:4320 d:- ref:0 ;
in:854 out:851 type:P dur:2 cpbdur:2 q:35.66 aq:30.70 tex:583 mv:80 misc:385 imb:1 pmb:15 smb:4304 d:s ref:0 ;
in:852 out:852 type:B dur:2 cpbdur:2 q:35.75 aq:20.00 tex:0 mv:0 misc:264 imb:0 pmb:0 smb:4320 d:s ref:0 ;
in:851 out:853 type:b dur:2 cpbdur:2 q:35.79 aq:22.00 tex:0 mv:0 misc:248 imb:0 pmb:0 smb:4320 d:s ref:0 ;
in:853 out:854 type:b dur:2 cpbdur:2 q:35.71 aq:22.00 tex:0 mv:0 misc:248 imb:0 pmb:0 smb:4320 d:- ref:0 ;
in:858 out:855 type:P dur:2 cpbdur:2 q:35.49 aq:28.33 tex:237 mv:57 misc:362 imb:0 pmb:11 smb:4309 d:s ref:0 ;
in:856 out:856 type:B dur:2 cpbdur:2 q:35.58 aq:20.00 tex:0 mv:0 misc:264 imb:0 pmb:0 smb:4320 d:s ref:0 ;
in:855 out:857 type:b dur:2 cpbdur:2 q:35.62 aq:22.00 tex:0 mv:0 misc:248 imb:0 pmb:0 smb:4320 d:s ref:0 ;
in:857 out:858 type:b dur:2 cpbdur:2 q:35.53 aq:22.00 tex:0 mv:0 misc:248 imb:0 pmb:0 smb:4320 d:- ref:0 ;
in:862 out:859 type:P dur:2 cpbdur:2 q:35.31 aq:17.00 tex:51 mv:71 misc:366 imb:4 pmb:5 smb:4311 d:s ref:0 ;
in:860 out:860 type:B dur:2 cpbdur:2 q:35.40 aq:20.00 tex:0 mv:0 misc:264 imb:0 pmb:0 smb:4320 d:s ref:0 ;
in:859 out:861 type:b dur:2 cpbdur:2 q:35.45 aq:21.00 tex:0 mv:0 misc:248 imb:0 pmb:0 smb:4320 d:s ref:0 ;
in:861 out:862 type:b dur:2 cpbdur:2 q:35.36 aq:21.00 tex:0 mv:0 misc:248 imb:0 pmb:0 smb:4320 d:- ref:0 ;
in:866 out:863 type:P dur:2 cpbdur:2 q:35.15 aq:20.24 tex:761 mv:160 misc:311 imb:10 pmb:7 smb:4303 d:s ref:0 ;
in:864 out:864 type:B dur:2 cpbdur:2 q:35.23 aq:27.33 tex:203 mv:117 misc:304 imb:1 pmb:12 smb:4307 d:s ref:0 ;
in:863 out:865 type:b dur:2 cpbdur:2 q:35.27 aq:21.00 tex:4 mv:58 misc:274 imb:0 pmb:7 smb:4313 d:s ref:0 ;
in:865 out:866 type:b dur:2 cpbdur:2 q:35.19 aq:26.80 tex:553 mv:123 misc:276 imb:2 pmb:13 smb:4305 d:- ref:0 ;
in:869 out:867 type:P dur:2 cpbdur:2 q:34.97 aq:21.07 tex:1447 mv:268 misc:533 imb:16 pmb:32 smb:4272 d:s ref:0 ;
in:867 out:868 type:B dur:2 cpbdur:2 q:35.09 aq:26.51 tex:228 mv:125 misc:303 imb:0 pmb:17 smb:4303 d:s ref:0 ;
in:868 out:869 type:b dur:2 cpbdur:2 q:35.03 aq:27.74 tex:140 mv:146 misc:274 imb:0 pmb:13 smb:4307 d:- ref:0 ;
in:870 out:870 type:P dur:2 cpbdur:2 q:34.88 aq:20.18 tex:5754 mv:1154 misc:652 imb:97 pmb:62 smb:4161 d:s ref:0 ;
in:872 out:871 type:P dur:2 cpbdur:2 q:34.82 aq:21.62 tex:774 mv:199 misc:403 imb:5 pmb:16 smb:4299 d:s ref:0 ;
in:871 out:872 type:b dur:2 cpbdur:2 q:34.85 aq:27.44 tex:70 mv:121 misc:265 imb:0 pmb:11 smb:4309 d:t ref:0 ;
in:876 out:873 type:P dur:2 cpbdur:2 q:34.74 aq:21.61 tex:1085 mv:156 misc:351 imb:13 pmb:10 smb:4297 d:s ref:0 ;
in:874 out:874 type:B dur:2 cpbdur:2 q:34.78 aq:27.22 tex:279 mv:82 misc:295 imb:0 pmb:15 smb:4305 d:s ref:0 ;
in:873 out:875 type:b dur:2 cpbdur:2 q:34.80 aq:27.83 tex:52 mv:61 misc:263 imb:0 pmb:7 smb:4313 d:t ref:0 ;
in:875 out:876 type:b dur:2 cpbdur:2 q:34.76 aq:26.70 tex:324 mv:156 misc:272 imb:2 pmb:12 smb:4306 d:- ref:0 ;
in:879 out:877 type:P dur:2 cpbdur:2 q:34.61 aq:24.55 tex:998 mv:214 misc:348 imb:19 pmb:8 smb:4293 d:s ref:0 ;
in:877 out:878 type:B dur:2 cpbdur:2 q:34.70 aq:26.33 tex:687 mv:132 misc:325 imb:4 pmb:28 smb:4288 d:s ref:0 ;
in:878 out:879 type:b dur:2 cpbdur:2 q:34.65 aq:29.49 tex:705 mv:154 misc:317 imb:4 pmb:27 smb:4289 d:- ref:0 ;
in:880 out:880 type:P dur:2 cpbdur:2 q:34.46 aq:19.28 tex:1406 mv:232 misc:394 imb:32 pmb:6 smb:4282 d:s ref:0 ;
in:884 out:881 type:P dur:2 cpbdur:2 q:34.42 aq:25.45 tex:890 mv:190 misc:344 imb:18 pmb:7 smb:4295 d:s ref:0 ;
in:882 out:882 type:B dur:2 cpbdur:2 q:34.44 aq:36.88 tex:825 mv:65 misc:334 imb:0 pmb:24 smb:4296 d:s ref:0 ;
in:881 out:883 type:b dur:2 cpbdur:2 q:34.45 aq:21.71 tex:811 mv:137 misc:316 imb:6 pmb:25 smb:4289 d:s ref:0 ;
in:883 out:884 type:b dur:2 cpbdur:2 q:34.43 aq:37.97 tex:700 mv:96 misc:276 imb:2 pmb:14 smb:4304 d:- ref:0 ;
in:887 out:885 type:P dur:2 cpbdur:2 q:34.26 aq:34.04 tex:4160 mv:1617 misc:903 imb:87 pmb:211 smb:4022 d:s ref:0 ;
in:885 out:886 type:B dur:2 cpbdur:2 q:34.37 aq:36.11 tex:625 mv:457 misc:630 imb:22 pmb:96 smb:4202 d:s ref:0 ;
in:886 out:887 type:b dur:2 cpbdur:2 q:34.31 aq:32.25 tex:449 mv:469 misc:410 imb:7 pmb:44 smb:4269 d:- ref:0 ;
in:888 out:888 type:P dur:2 cpbdur:2 q:34.22 aq:26.22 tex:44356 mv:7101 misc:1879 imb:704 pmb:349 smb:3267 d:s ref:0 ;
in:889 out:889 type:P dur:2 cpbdur:2 q:34.28 aq:27.00 tex:24470 mv:8316 misc:2358 imb:542 pmb:650 smb:3128 d:s ref:0 ;
in:890 out:890 type:P dur:2 cpbdur:2 q:34.32 aq:27.28 tex:11882 mv:4089 misc:1981 imb:148 pmb:504 smb:3668 d:s ref:0 ;
in:891 out:891 type:P dur:2 cpbdur:2 q:34.33 aq:27.92 tex:9391 mv:3269 misc:1868 imb:204 pmb:327 smb:3789 d:s ref:0 ;
in:892 out:892 type:P dur:2 cpbdur:2 q:34.36 aq:24.55 tex:8995 mv:3773 misc:1984 imb:289 pmb:306 smb:3725 d:s ref:0 ;
in:893 out:893 type:P dur:2 cpbdur:2 q:34.34 aq:24.76 tex:15630 mv:5757 misc:2101 imb:327 pmb:586 smb:3407 d:s ref:0 ;
in:894 out:894 type:P dur:2 cpbdur:2 q:34.39 aq:24.84 tex:23580 mv:8597 misc:2719 imb:502 pmb:784 smb:3034 d:s ref:0 ;
in:895 out:895 type:P dur:2 cpbdur:2 q:34.43 aq:24.18 tex:33800 mv:7524 misc:2380 imb:460 pmb:834 smb:3026 d:s ref:0 ;
in:897 out:896 type:P dur:2 cpbdur:2 q:34.48 aq:22.75 tex:68905 mv:12050 misc:2485 imb:886 pmb:997 smb:2437 d:s ref:0 ;
in:896 out:897 type:b dur:2 cpbdur:2 q:34.45 aq:26.92 tex:1383 mv:4464 misc:1601 imb:121 pmb:351 smb:3848 d:s ref:0 ;
in:900 out:898 type:P dur:2 cpbdur:2 q:34.59 aq:23.29 tex:87002 mv:13201 misc:2557 imb:773 pmb:1147 smb:2400 d:s ref:0 ;
in:898 out:899 type:B dur:2 cpbdur:2 q:34.52 aq:26.65 tex:837 mv:3564 misc:1255 imb:68 pmb:313 smb:3939 d:s ref:0 ;
in:899 out:900 type:b dur:2 cpbdur:2 q:34.55 aq:26.97 tex:628 mv:3052 misc:1240 imb:64 pmb:302 smb:3954 d:- ref:0 ;
in:904 out:901 type:P dur:2 cpbdur:2 q:34.74 aq:25.29 tex:59986 mv:8159 misc:2575 imb:514 pmb:915 smb:2891 d:s ref:0 ;
in:902 out:902 type:B dur:2 cpbdur:2 q:34.67 aq:27.90 tex:2641 mv:4058 misc:1461 imb:103 pmb:343 smb:3874 d:s ref:0 ;
in:901 out:903 type:b dur:2 cpbdur:2 q:34.63 aq:29.01 tex:413 mv:2180 misc:1071 imb:23 pmb:267 smb:4030 d:s ref:0 ;
in:903 out:904 type:b dur:2 cpbdur:2 q:34.70 aq:34.85 tex:627 mv:1898 misc:883 imb:61 pmb:186 smb:4073 d:- ref:0 ;
in:908 out:905 type:P dur:2 cpbdur:2 q:34.79 aq:27.34 tex:30022 mv:5264 misc:2866 imb:285 pmb:814 smb:3221 d:s ref:0 ;
in:906 out:906 type:B dur:2 cpbdur:2 q:34.76 aq:34.34 tex:3549 mv:2270 misc:1205 imb:15 pmb:285 smb:4020 d:s ref:0 ;
in:905 out:907 type:b dur:2 cpbdur:2 q:34.75 aq:38.31 tex:1496 mv:679 misc:681 imb:11 pmb:85 smb:4224 d:s ref:0 ;
in:907 out:908 type:b dur:2 cpbdur:2 q:34.77 aq:37.53 tex:627 mv:91 misc:290 imb:3 pmb:13 smb:4304 d:- ref:0 ;
in:909 out:909 type:P dur:2 cpbdur:2 q:35.04 aq:28.06 tex:19015 mv:2581 misc:2148 imb:63 pmb:576 smb:3681 d:s ref:0 ;
in:910 out:910 type:P dur:2 cpbdur:2 q:35.05 aq:27.22 tex:21643 mv:3478 misc:2527 imb:149 pmb:679 smb:3492 d:s ref:0 ;
in:911 out:911 type:P dur:2 cpbdur:2 q:35.09 aq:27.26 tex:11252 mv:2102 misc:2030 imb:67 pmb:448 smb:3805 d:s ref:0 ;
in:912 out:912 type:P dur:2 cpbdur:2 q:35.14 aq:27.75 tex:10985 mv:1470 misc:1721 imb:58 pmb:350 smb:3912 d:s ref:0 ;
in:913 out:913 type:P dur:2 cpbdur:2 q:35.23 aq:28.37 tex:7120 mv:1313 misc:1567 imb:119 pmb:243 smb:3958 d:s ref:0 ;
in:914 out:914 type:P dur:2 cpbdur:2 q:35.45 aq:30.30 tex:2920 mv:429 misc:715 imb:26 pmb:85 smb:4209 d:s ref:0 ;
in:915 out:915 type:P dur:2 cpbdur:2 q:35.40 aq:29.77 tex:1136 mv:274 misc:470 imb:15 pmb:25 smb:4280 d:s ref:0 ;
in:916 out:916 type:P dur:2 cpbdur:2 q:35.65 aq:27.41 tex:501 mv:191 misc:356 imb:5 pmb:12 smb:4303 d:s ref:0 ;
in:917 out:917 type:P dur:2 cpbdur:2 q:35.59 aq:27.57 tex:752 mv:353 misc:479 imb:38 pmb:16 smb:4266 d:s ref:0 ;
in:918 out:918 type:P dur:2 cpbdur:2 q:35.53 aq:27.94 tex:1011 mv:373 misc:528 imb:51 pmb:12 smb:4257 d:s ref:0 ;
in:922 out:919 type:P dur:2 cpbdur:2 q:35.67 aq:30.69 tex:527 mv:219 misc:358 imb:8 pmb:12 smb:4300 d:s ref:0 ;
in:920 out:920 type:B dur:2 cpbdur:2 q:35.60 aq:35.96 tex:89 mv:125 misc:282 imb:0 pmb:5 smb:4315 d:s ref:0 ;
in:919 out:921 type:b dur:2 cpbdur:2 q:35.57 aq:36.00 tex:0 mv:62 misc:266 imb:0 pmb:5 smb:4315 d:s ref:0 ;
in:921 out:922 type:b dur:2 cpbdur:2 q:35.64 aq:38.27 tex:38 mv:42 misc:280 imb:0 pmb:4 smb:4316 d:- ref:0 ;
in:926 out:923 type:P dur:2 cpbdur:2 q:35.53 aq:30.66 tex:2376 mv:239 misc:345 imb:11 pmb:18 smb:4291 d:s ref:0 ;
in:924 out:924 type:B dur:2 cpbdur:2 q:35.60 aq:36.94 tex:377 mv:99 misc:316 imb:2 pmb:19 smb:4299 d:s ref:0 ;
in:923 out:925 type:b dur:2 cpbdur:2 q:35.64 aq:37.98 tex:159 mv:46 misc:267 imb:0 pmb:5 smb:4315 d:s ref:0 ;
in:925 out:926 type:b dur:2 cpbdur:2 q:35.57 aq:37.41 tex:639 mv:220 misc:301 imb:2 pmb:21 smb:4297 d:- ref:0 ;
in:929 out:927 type:P dur:2 cpbdur:2 q:35.37 aq:32.85 tex:3276 mv:436 misc:352 imb:13 pmb:34 smb:4273 d:s ref:0 ;
in:927 out:928 type:B dur:2 cpbdur:2 q:35.48 aq:34.33 tex:552 mv:509 misc:355 imb:2 pmb:45 smb:4273 d:s ref:0 ;
in:928 out:929 type:b dur:2 cpbdur:2 q:35.43 aq:36.18 tex:251 mv:457 misc:332 imb:3 pmb:42 smb:4275 d:- ref:0 ;
in:933 out:930 type:P dur:2 cpbdur:2 q:35.38 aq:27.94 tex:1617 mv:778 misc:381 imb:23 pmb:40 smb:4257 d:s ref:0 ;
in:931 out:931 type:B dur:2 cpbdur:2 q:35.38 aq:34.40 tex:762 mv:576 misc:358 imb:4 pmb:51 smb:4265 d:s ref:0 ;
in:930 out:932 type:b dur:2 cpbdur:2 q:35.38 aq:35.68 tex:324 mv:185 misc:307 imb:1 pmb:22 smb:4297 d:s ref:0 ;
in:932 out:933 type:b dur:2 cpbdur:2 q:35.38 aq:36.07 tex:295 mv:724 misc:341 imb:1 pmb:48 smb:4271 d:- ref:0 ;
in:934 out:934 type:P dur:2 cpbdur:2 q:35.22 aq:31.09 tex:5421 mv:3776 misc:1507 imb:255 pmb:322 smb:3743 d:s ref:0 ;
in:935 out:935 type:P dur:2 cpbdur:2 q:35.22 aq:27.82 tex:55529 mv:12118 misc:2009 imb:1264 pmb:602 smb:2454 d:s ref:0 w:7,123,1,5,32,0,29,12 ;
in:936 out:936 type:P dur:2 cpbdur:2 q:35.28 aq:29.26 tex:19461 mv:6363 misc:2328 imb:414 pmb:638 smb:3268 d:s ref:0 ;
in:937 out:937 type:P dur:2 cpbdur:2 q:35.29 aq:29.42 tex:7926 mv:3635 misc:2055 imb:251 pmb:421 smb:3648 d:s ref:0 ;
in:939 out:938 type:P dur:2 cpbdur:2 q:35.29 aq:25.91 tex:26668 mv:4724 misc:1560 imb:674 pmb:270 smb:3376 d:s ref:0 ;
in:938 out:939 type:b dur:2 cpbdur:2 q:35.29 aq:27.70 tex:434 mv:1000 misc:790 imb:18 pmb:162 smb:4140 d:s ref:0 ;
in:940 out:940 type:P dur:2 cpbdur:2 q:35.32 aq:23.73 tex:7184 mv:3432 misc:1856 imb:233 pmb:426 smb:3661 d:s ref:0 ;
in:941 out:941 type:P dur:2 cpbdur:2 q:35.33 aq:27.75 tex:15822 mv:4489 misc:1945 imb:205 pmb:634 smb:3481 d:s ref:0 ;
in:942 out:942 type:P dur:2 cpbdur:2 q:35.36 aq:25.95 tex:22131 mv:5849 misc:2068 imb:398 pmb:718 smb:3204 d:s ref:0 ;
in:943 out:943 type:P dur:2 cpbdur:2 q:35.39 aq:24.36 tex:29405 mv:7978 misc:2241 imb:414 pmb:830 smb:3076 d:s ref:0 ;
in:944 out:944 type:P dur:2 cpbdur:2 q:35.42 aq:23.92 tex:34467 mv:8616 misc:2389 imb:406 pmb:870 smb:3044 d:s ref:0 ;
in:945 out:945 type:P dur:2 cpbdur:2 q:35.45 aq:23.26 tex:35316 mv:8403 misc:2713 imb:292 pmb:950 smb:3078 d:s ref:0 ;
in:949 out:946 type:P dur:2 cpbdur:2 q:35.50 aq:22.72 tex:56605 mv:9285 misc:2598 imb:451 pmb:906 smb:2963 d:s ref:0 ;
in:947 out:947 type:B dur:2 cpbdur:2 q:35.48 aq:25.28 tex:939 mv:4034 misc:1715 imb:63 pmb:412 smb:3845 d:s ref:0 ;
in:946 out:948 type:b dur:2 cpbdur:2 q:35.47 aq:22.12 tex:328 mv:3148 misc:1220 imb:45 pmb:268 smb:4007 d:s ref:0 ;
in:948 out:949 type:b dur:2 cpbdur:2 q:35.49 aq:27.55 tex:234 mv:2195 misc:1339 imb:15 pmb:336 smb:3969 d:- ref:0 ;
in:953 out:950 type:P dur:2 cpbdur:2 q:35.56 aq:25.16 tex:37674 mv:5632 misc:2502 imb:316 pmb:778 smb:3226 d:s ref:0 ;
in:951 out:951 type:B dur:2 cpbdur:2 q:35.53 aq:36.99 tex:1963 mv:1967 misc:1102 imb:12 pmb:216 smb:4092 d:s ref:0 ;
in:950 out:952 type:b dur:2 cpbdur:2 q:35.52 aq:33.63 tex:535 mv:1030 misc:675 imb:7 pmb:122 smb:4191 d:s ref:0 ;
in:952 out:953 type:b dur:2 cpbdur:2 q:35.55 aq:38.62 tex:609 mv:417 misc:470 imb:3 pmb:55 smb:4262 d:- ref:0 ;
in:956 out:954 type:P dur:2 cpbdur:2 q:35.78 aq:25.62 tex:49508 mv:5901 misc:2599 imb:173 pmb:906 smb:3241 d:s ref:0 ;
in:954 out:955 type:B dur:2 cpbdur:2 q:35.64 aq:35.43 tex:29 mv:15 misc:284 imb:0 pmb:3 smb:4317 d:s ref:0 ;
in:955 out:956 type:b dur:2 cpbdur:2 q:35.71 aq:35.00 tex:0 mv:0 misc:256 imb:0 pmb:0 smb:4320 d:- ref:0 ;
in:957 out:957 type:P dur:2 cpbdur:2 q:35.93 aq:26.60 tex:13725 mv:1627 misc:2048 imb:49 pmb:448 smb:3823 d:s ref:0 ;
in:958 out:958 type:P dur:2 cpbdur:2 q:35.94 aq:26.54 tex:21587 mv:2692 misc:2033 imb:58 pmb:583 smb:3679 d:s ref:0 ;
in:959 out:959 type:P dur:2 cpbdur:2 q:35.97 aq:24.66 tex:6733 mv:1548 misc:1455 imb:76 pmb:229 smb:4015 d:s ref:0 ;
in:960 out:960 type:P dur:2 cpbdur:2 q:36.00 aq:25.03 tex:8539 mv:1668 misc:2017 imb:129 pmb:294 smb:3897 d:s ref:0 ;
in:964 out:961 type:P dur:2 cpbdur:2 q:36.09 aq:26.55 tex:6781 mv:1284 misc:1103 imb:34 pmb:195 smb:4091 d:s ref:0 ;
in:962 out:962 type:B dur:2 cpbdur:2 q:36.05 aq:36.31 tex:97 mv:243 misc:372 imb:0 pmb:50 smb:4270 d:s ref:0 ;
in:961 out:963 type:b dur:2 cpbdur:2 q:36.02 aq:37.18 tex:31 mv:63 misc:274 imb:0 pmb:7 smb:4313 d:t ref:0 ;
in:963 out:964 type:b dur:2 cpbdur:2 q:36.07 aq:38.25 tex:44 mv:431 misc:341 imb:0 pmb:42 smb:4278 d:- ref:0 ;
in:968 out:965 type:P dur:2 cpbdur:2 q:36.36 aq:24.57 tex:2303 mv:882 misc:663 imb:24 pmb:75 smb:4221 d:s ref:0 ;
in:966 out:966 type:B dur:2 cpbdur:2 q:36.22 aq:35.36 tex:173 mv:591 misc:356 imb:2 pmb:46 smb:4272 d:s ref:0 ;
in:965 out:967 type:b dur:2 cpbdur:2 q:36.16 aq:36.00 tex:1 mv:98 misc:325 imb:0 pmb:26 smb:4294 d:s ref:0 ;
in:967 out:968 type:b dur:2 cpbdur:2 q:36.29 aq:36.00 tex:10 mv:66 misc:332 imb:0 pmb:39 smb:4281 d:- ref:0 ;
in:972 out:969 type:P dur:2 cpbdur:2 q:36.27 aq:27.47 tex:2107 mv:520 misc:557 imb:4 pmb:69 smb:4247 d:s ref:0 ;
in:970 out:970 type:B dur:2 cpbdur:2 q:36.32 aq:36.25 tex:41 mv:108 misc:339 imb:0 pmb:31 smb:4289 d:s ref:0 ;
in:969 out:971 type:b dur:2 cpbdur:2 q:36.34 aq:36.00 tex:1 mv:27 misc:308 imb:0 pmb:14 smb:4306 d:s ref:0 ;
in:971 out:972 type:b dur:2 cpbdur:2 q:36.29 aq:38.14 tex:54 mv:19 misc:263 imb:0 pmb:2 smb:4318 d:- ref:0 ;
in:976 out:973 type:P dur:2 cpbdur:2 q:36.18 aq:22.54 tex:4094 mv:1201 misc:1537 imb:100 pmb:168 smb:4052 d:s ref:0 ;
in:974 out:974 type:B dur:2 cpbdur:2 q:36.22 aq:36.14 tex:40 mv:9 misc:279 imb:0 pmb:3 smb:4317 d:s ref:0 ;
in:973 out:975 type:b dur:2 cpbdur:2 q:36.25 aq:36.00 tex:0 mv:38 misc:266 imb:0 pmb:2 smb:4318 d:s ref:0 ;
in:975 out:976 type:b dur:2 cpbdur:2 q:36.20 aq:36.00 tex:0 mv:0 misc:256 imb:0 pmb:0 smb:4320 d:- ref:0 ;
in:980 out:977 type:P dur:2 cpbdur:2 q:36.27 aq:23.96 tex:1992 mv:181 misc:443 imb:10 pmb:24 smb:4286 d:s ref:0 ;
in:978 out:978 type:B dur:2 cpbdur:2 q:36.22 aq:35.95 tex:94 mv:62 misc:292 imb:0 pmb:9 smb:4311 d:s ref:0 ;
in:977 out:979 type:b dur:2 cpbdur:2 q:36.20 aq:36.00 tex:0 mv:35 misc:269 imb:0 pmb:3 smb:4317 d:s ref:0 ;
in:979 out:980 type:b dur:2 cpbdur:2 q:36.24 aq:38.18 tex:272 mv:151 misc:281 imb:0 pmb:9 smb:4311 d:- ref:0 ;
in:984 out:981 type:P dur:2 cpbdur:2 q:36.15 aq:21.88 tex:3636 mv:416 misc:540 imb:21 pmb:47 smb:4252 d:s ref:0 ;
in:982 out:982 type:B dur:2 cpbdur:2 q:36.21 aq:35.19 tex:1149 mv:191 misc:356 imb:3 pmb:32 smb:4285 d:s ref:0 ;
in:981 out:983 type:b dur:2 cpbdur:2 q:36.24 aq:35.72 tex:605 mv:144 misc:307 imb:4 pmb:13 smb:4303 d:s ref:0 ;
in:983 out:984 type:b dur:2 cpbdur:2 q:36.18 aq:36.54 tex:699 mv:296 misc:341 imb:4 pmb:31 smb:4285 d:- ref:0 ;
in:986 out:985 type:P dur:2 cpbdur:2 q:36.03 aq:26.22 tex:3105 mv:376 misc:623 imb:22 pmb:59 smb:4239 d:s ref:0 ;
in:985 out:986 type:b dur:2 cpbdur:2 q:36.09 aq:36.05 tex:581 mv:570 misc:385 imb:6 pmb:47 smb:4267 d:s ref:0 ;
in:990 out:987 type:P dur:2 cpbdur:2 q:35.95 aq:31.01 tex:7169 mv:673 misc:510 imb:37 pmb:61 smb:4222 d:s ref:0 ;
in:988 out:988 type:B dur:2 cpbdur:2 q:35.99 aq:34.80 tex:1364 mv:801 misc:427 imb:4 pmb:75 smb:4241 d:s ref:0 ;
in:987 out:989 type:b dur:2 cpbdur:2 q:36.01 aq:35.79 tex:919 mv:635 misc:406 imb:5 pmb:59 smb:4256 d:s ref:0 ;
in:989 out:990 type:b dur:2 cpbdur:2 q:35.97 aq:37.04 tex:574 mv:355 misc:399 imb:3 pmb:46 smb:4271 d:- ref:0 ;
in:994 out:991 type:P dur:2 cpbdur:2 q:35.76 aq:25.39 tex:10134 mv:1089 misc:705 imb:32 pmb:102 smb:4186 d:s ref:0 ;
in:992 out:992 type:B dur:2 cpbdur:2 q:35.86 aq:35.47 tex:1378 mv:745 misc:413 imb:0 pmb:69 smb:4251 d:s ref:0 ;
in:991 out:993 type:b dur:2 cpbdur:2 q:35.90 aq:36.69 tex:365 mv:499 misc:384 imb:1 pmb:50 smb:4269 d:s ref:0 ;
in:993 out:994 type:b dur:2 cpbdur:2 q:35.81 aq:37.36 tex:569 mv:572 misc:395 imb:1 pmb:55 smb:4264 d:- ref:0 ;
in:997 out:995 type:P dur:2 cpbdur:2 q:35.54 aq:24.69 tex:2746 mv:745 misc:773 imb:17 pmb:100 smb:4203 d:s ref:0 ;
in:995 out:996 type:B dur:2 cpbdur:2 q:35.69 aq:34.98 tex:224 mv:302 misc:362 imb:0 pmb:28 smb:4292 d:s ref:0 ;
in:996 out:997 type:b dur:2 cpbdur:2 q:35.61 aq:32.51 tex:62 mv:162 misc:280 imb:0 pmb:10 smb:4310 d:- ref:0 ;
in:999 out:998 type:P dur:2 cpbdur:2 q:35.42 aq:35.49 tex:154 mv:134 misc:344 imb:0 pmb:16 smb:4304 d:s ref:0 ;
in:998 out:999 type:b dur:2 cpbdur:2 q:35.48 aq:33.55 tex:66 mv:77 misc:281 imb:0 pmb:6 smb:4314 d:t ref:0 ;
in:1000 out:1000 type:I dur:2 cpbdur:2 q:32.97 aq:17.92 tex:207690 mv:46488 misc:534 imb:4320 pmb:0 smb:0 d:s ref:;
in:1004 out:1001 type:P dur:2 cpbdur:2 q:36.11 aq:29.03 tex:484 mv:89 misc:307 imb:1 pmb:8 smb:4311 d:s ref:0 ;
in:1002 out:1002 type:B dur:2 cpbdur:2 q:36.11 aq:34.00 tex:2 mv:30 misc:272 imb:0 pmb:5 smb:4315 d:s ref:0 ;
in:1001 out:1003 type:b dur:2 cpbdur:2 q:36.11 aq:37.35 tex:46 mv:76 misc:270 imb:0 pmb:5 smb:4315 d:s ref:0 ;
in:1003 out:1004 type:b dur:2 cpbdur:2 q:36.11 aq:36.00 tex:0 mv:0 misc:256 imb:0 pmb:0 smb:4320 d:- ref:0 ;
in:1008 out:1005 type:P dur:2 cpbdur:2 q:36.02 aq:28.98 tex:321 mv:74 misc:293 imb:1 pmb:6 smb:4313 d:s ref:0 ;
in:1006 out:1006 type:B dur:2 cpbdur:2 q:36.06 aq:35.01 tex:38 mv:25 misc:281 imb:0 pmb:5 smb:4315 d:s ref:0 ;
in:1005 out:1007 type:b dur:2 cpbdur:2 q:36.09 aq:36.00 tex:0 mv:0 misc:256 imb:0 pmb:0 smb:4320 d:s ref:0 ;
in:1007 out:1008 type:b dur:2 cpbdur:2 q:36.04 aq:37.26 tex:38 mv:99 misc:263 imb:0 pmb:4 smb:4316 d:- ref:0 ;
in:1012 out:1009 type:P dur:2 cpbdur:2 q:35.94 aq:27.00 tex:734 mv:94 misc:300 imb:9 pmb:5 smb:4306 d:s ref:0 ;
in:1010 out:1010 type:B dur:2 cpbdur:2 q:35.98 aq:35.17 tex:337 mv:90 misc:317 imb:2 pmb:16 smb:4302 d:s ref:0 ;
in:1009 out:1011 type:b dur:2 cpbdur:2 q:36.00 aq:35.68 tex:442 mv:60 misc:282 imb:2 pmb:9 smb:4309 d:s ref:0 ;
in:1011 out:1012 type:b dur:2 cpbdur:2 q:35.96 aq:35.35 tex:371 mv:84 misc:289 imb:3 pmb:13 smb:4304 d:- ref:0 ;
in:1014 out:1013 type:P dur:2 cpbdur:2 q:35.81 aq:25.40 tex:532 mv:121 misc:323 imb:12 pmb:5 smb:4303 d:s ref:0 ;
in:1013 out:1014 type:b dur:2 cpbdur:2 q:35.87 aq:33.46 tex:18 mv:108 misc:290 imb:1 pmb:16 smb:4303 d:s ref:0 ;
in:1016 out:1015 type:P dur:2 cpbdur:2 q:35.75 aq:24.22 tex:897 mv:104 misc:311 imb:15 pmb:2 smb:4303 d:s ref:0 ;
in:1015 out:1016 type:b dur:2 cpbdur:2 q:35.78 aq:33.08 tex:19 mv:116 misc:281 imb:1 pmb:12 smb:4307 d:s ref:0 ;
in:1017 out:1017 type:P dur:2 cpbdur:2 q:35.68 aq:22.03 tex:509 mv:144 misc:291 imb:3 pmb:8 smb:4309 d:s ref:0 ;
in:1019 out:1018 type:P dur:2 cpbdur:2 q:35.76 aq:24.53 tex:754 mv:158 misc:296 imb:4 pmb:7 smb:4309 d:s ref:0 ;
in:1018 out:1019 type:b dur:2 cpbdur:2 q:35.72 aq:38.19 tex:102 mv:97 misc:281 imb:0 pmb:10 smb:4310 d:s ref:0 ;
in:1023 out:1020 type:P dur:2 cpbdur:2 q:35.69 aq:30.43 tex:6908 mv:4650 misc:1314 imb:257 pmb:303 smb:3760 d:s ref:0 ;
in:1021 out:1021 type:B dur:2 cpbdur:2 q:35.72 aq:32.20 tex:406 mv:675 misc:495 imb:17 pmb:77 smb:4226 d:s ref:0 ;
in:1020 out:1022 type:b dur:2 cpbdur:2 q:35.74 aq:38.79 tex:192 mv:176 misc:584 imb:0 pmb:95 smb:4225 d:s ref:0 ;
in:1022 out:1023 type:b dur:2 cpbdur:2 q:35.70 aq:29.91 tex:84 mv:340 misc:488 imb:4 pmb:45 smb:4271 d:- ref:0 ;
in:1027 out:1024 type:P dur:2 cpbdur:2 q:35.61 aq:29.45 tex:12405 mv:5451 misc:1432 imb:533 pmb:291 smb:3496 d:s ref:0 ;
in:1025 out:1025 type:B dur:2 cpbdur:2 q:35.65 aq:32.66 tex:3582 mv:3608 misc:1138 imb:84 pmb:295 smb:3941 d:s ref:0 ;
in:1024 out:1026 type:b dur:2 cpbdur:2 q:35.67 aq:33.44 tex:1575 mv:1826 misc:911 imb:38 pmb:172 smb:4110 d:s ref:0 ;
in:1026 out:1027 type:b dur:2 cpbdur:2 q:35.63 aq:33.65 tex:320 mv:182 misc:434 imb:8 pmb:24 smb:4288 d:- ref:0 ;
in:1030 out:1028 type:P dur:2 cpbdur:2 q:35.54 aq:25.48 tex:7481 mv:4668 misc:1531 imb:298 pmb:311 smb:3711 d:s ref:0 ;
in:1028 out:1029 type:B dur:2 cpbdur:2 q:35.59 aq:26.40 tex:26 mv:17 misc:293 imb:1 pmb:2 smb:4317 d:s ref:0 ;
in:1029 out:1030 type:b dur:2 cpbdur:2 q:35.56 aq:27.34 tex:33 mv:214 misc:529 imb:2 pmb:60 smb:4258 d:- ref:0 ;
in:1034 out:1031 type:P dur:2 cpbdur:2 q:35.53 aq:32.30 tex:3083 mv:1866 misc:923 imb:45 pmb:172 smb:4103 d:s ref:0 ;
in:1032 out:1032 type:B dur:2 cpbdur:2 q:35.54 aq:32.04 tex:843 mv:1236 misc:849 imb:24 pmb:141 smb:4155 d:s ref:0 ;
in:1031 out:1033 type:b dur:2 cpbdur:2 q:35.54 aq:35.00 tex:1 mv:2 misc:261 imb:0 pmb:1 smb:4319 d:s ref:0 ;
in:1033 out:1034 type:b dur:2 cpbdur:2 q:35.53 aq:35.80 tex:26 mv:14 misc:280 imb:0 pmb:5 smb:4315 d:- ref:0 ;
in:1038 out:1035 type:P dur:2 cpbdur:2 q:35.45 aq:27.09 tex:14595 mv:5428 misc:1169 imb:485 pmb:300 smb:3535 d:s ref:0 ;
in:1036 out:1036 type:B dur:2 cpbdur:2 q:35.49 aq:33.52 tex:4265 mv:4761 misc:1270 imb:101 pmb:361 smb:3858 d:s ref:0 ;
in:1035 out:1037 type:b dur:2 cpbdur:2 q:35.51 aq:34.98 tex:2677 mv:3044 misc:975 imb:83 pmb:218 smb:4019 d:s ref:0 ;
in:1037 out:1038 type:b dur:2 cpbdur:2 q:35.47 aq:34.11 tex:89 mv:305 misc:838 imb:3 pmb:149 smb:4168 d:- ref:0 ;
in:1040 out:1039 type:P dur:2 cpbdur:2 q:35.40 aq:25.32 tex:6962 mv:3658 misc:1516 imb:143 pmb:350 smb:3827 d:s ref:0 ;
in:1039 out:1040 type:b dur:2 cpbdur:2 q:35.42 aq:35.00 tex:1 mv:17 misc:270 imb:0 pmb:2 smb:4318 d:s ref:0 ;
in:1044 out:1041 type:P dur:2 cpbdur:2 q:35.38 aq:27.78 tex:5680 mv:2950 misc:1290 imb:117 pmb:289 smb:3914 d:s ref:0 ;
in:1042 out:1042 type:B dur:2 cpbdur:2 q:35.39 aq:33.44 tex:8331 mv:716 misc:769 imb:16 pmb:160 smb:4144 d:s ref:0 ;
in:1041 out:1043 type:b dur:2 cpbdur:2 q:35.40 aq:29.88 tex:51 mv:266 misc:443 imb:8 pmb:57 smb:4255 d:s ref:0 ;
in:1043 out:1044 type:b dur:2 cpbdur:2 q:35.39 aq:33.96 tex:263 mv:318 misc:603 imb:5 pmb:99 smb:4216 d:- ref:0 ;
in:1046 out:1045 type:P dur:2 cpbdur:2 q:35.33 aq:23.86 tex:15572 mv:5874 misc:1666 imb:399 pmb:435 smb:3486 d:s ref:0 ;
in:1045 out:1046 type:b dur:2 cpbdur:2 q:35.36 aq:34.45 tex:190 mv:199 misc:339 imb:4 pmb:16 smb:4300 d:s ref:0 ;
in:1048 out:1047 type:P dur:2 cpbdur:2 q:35.33 aq:25.83 tex:4483 mv:2053 misc:1280 imb:73 pmb:254 smb:3993 d:s ref:0 ;
in:1047 out:1048 type:b dur:2 cpbdur:2 q:35.33 aq:35.00 tex:0 mv:0 misc:256 imb:0 pmb:0 smb:4320 d:s ref:0 ;
in:1052 out:1049 type:P dur:2 cpbdur:2 q:35.27 aq:23.65 tex:2461 mv:983 misc:1172 imb:48 pmb:157 smb:4115 d:s ref:0 ;
in:1050 out:1050 type:B dur:2 cpbdur:2 q:35.30 aq:34.00 tex:0 mv:9 misc:303 imb:0 pmb:4 smb:4316 d:s ref:0 ;
in:1049 out:1051 type:b dur:2 cpbdur:2 q:35.31 aq:35.00 tex:0 mv:0 misc:256 imb:0 pmb:0 smb:4320 d:s ref:0 ;
in:1051 out:1052 type:b dur:2 cpbdur:2 q:35.28 aq:35.00 tex:0 mv:0 misc:256 imb:0 pmb:0 smb:4320 d:- ref:0 ;
in:1056 out:1053 type:P dur:2 cpbdur:2 q:35.24 aq:24.15 tex:20069 mv:2360 misc:1027 imb:92 pmb:226 smb:4002 d:s ref:0 ;
in:1054 out:1054 type:B dur:2 cpbdur:2 q:35.25 aq:32.20 tex:83 mv:320 misc:669 imb:4 pmb:119 smb:4197 d:s ref:0 ;
in:1053 out:1055 type:b dur:2 cpbdur:2 q:35.26 aq:35.00 tex:0 mv:0 misc:256 imb:0 pmb:0 smb:4320 d:s ref:0 ;
in:1055 out:1056 type:b dur:2 cpbdur:2 q:35.25 aq:30.25 tex:58 mv:178 misc:620 imb:2 pmb:107 smb:4211 d:- ref:0 ;
in:1060 out:1057 type:P dur:2 cpbdur:2 q:35.22 aq:21.51 tex:27883 mv:7467 misc:1538 imb:377 pmb:570 smb:3373 d:s ref:0 ;
in:1058 out:1058 type:B dur:2 cpbdur:2 q:35.23 aq:33.78 tex:365 mv:360 misc:411 imb:13 pmb:22 smb:4285 d:s ref:0 ;
in:1057 out:1059 type:b dur:2 cpbdur:2 q:35.23 aq:35.00 tex:8 mv:76 misc:388 imb:0 pmb:36 smb:4284 d:s ref:0 ;
in:1059 out:1060 type:b dur:2 cpbdur:2 q:35.22 aq:31.95 tex:16 mv:71 misc:321 imb:1 pmb:10 smb:4309 d:- ref:0 ;
in:1064 out:1061 type:P dur:2 cpbdur:2 q:35.31 aq:21.93 tex:5010 mv:1576 misc:1422 imb:66 pmb:273 smb:3981 d:s ref:0 ;
in:1062 out:1062 type:B dur:2 cpbdur:2 q:35.27 aq:33.00 tex:0 mv:0 misc:264 imb:0 pmb:0 smb:4320 d:s ref:0 ;
in:1061 out:1063 type:b dur:2 cpbdur:2 q:35.24 aq:35.00 tex:0 mv:0 misc:256 imb:0 pmb:0 smb:4320 d:s ref:0 ;
in:1063 out:1064 type:b dur:2 cpbdur:2 q:35.29 aq:35.00 tex:0 mv:0 misc:256 imb:0 pmb:0 smb:4320 d:- ref:0 ;
in:1068 out:1065 type:P dur:2 cpbdur:2 q:35.25 aq:23.08 tex:731 mv:266 misc:651 imb:2 pmb:65 smb:4253 d:s ref:0 ;
in:1066 out:1066 type:B dur:2 cpbdur:2 q:35.28 aq:33.00 tex:0 mv:0 misc:264 imb:0 pmb:0 smb:4320 d:s ref:0 ;
in:1065 out:1067 type:b dur:2 cpbdur:2 q:35.30 aq:35.00 tex:0 mv:0 misc:256 imb:0 pmb:0 smb:4320 d:s ref:0 ;
in:1067 out:1068 type:b dur:2 cpbdur:2 q:35.27 aq:35.00 tex:0 mv:0 misc:256 imb:0 pmb:0 smb:4320 d:- ref:0 ;
in:1072 out:1069 type:P dur:2 cpbdur:2 q:35.06 aq:21.14 tex:214 mv:76 misc:390 imb:2 pmb:14 smb:4304 d:s ref:0 ;
in:1070 out:1070 type:B dur:2 cpbdur:2 q:35.15 aq:33.00 tex:0 mv:0 misc:264 imb:0 pmb:0 smb:4320 d:s ref:0 ;
in:1069 out:1071 type:b dur:2 cpbdur:2 q:35.20 aq:35.00 tex:0 mv:0 misc:256 imb:0 pmb:0 smb:4320 d:s ref:0 ;
in:1071 out:1072 type:b dur:2 cpbdur:2 q:35.11 aq:35.00 tex:0 mv:0 misc:256 imb:0 pmb:0 smb:4320 d:- ref:0 ;
in:1076 out:1073 type:P dur:2 cpbdur:2 q:34.91 aq:21.19 tex:159 mv:97 misc:392 imb:3 pmb:13 smb:4304 d:s ref:0 ;
in:1074 out:1074 type:B dur:2 cpbdur:2 q:34.99 aq:33.00 tex:0 mv:0 misc:264 imb:0 pmb:0 smb:4320 d:s ref:0 ;
in:1073 out:1075 type:b dur:2 cpbdur:2 q:35.02 aq:35.00 tex:0 mv:0 misc:256 imb:0 pmb:0 smb:4320 d:s ref:0 ;
in:1075 out:1076 type:b dur:2 cpbdur:2 q:34.95 aq:35.00 tex:0 mv:0 misc:256 imb:0 pmb:0 smb:4320 d:- ref:0 ;
in:1080 out:1077 type:P dur:2 cpbdur:2 q:34.70 aq:25.33 tex:231 mv:106 misc:423 imb:1 pmb:23 smb:4296 d:s ref:0 ;
in:1078 out:1078 type:B dur:2 cpbdur:2 q:34.81 aq:33.00 tex:0 mv:0 misc:264 imb:0 pmb:0 smb:4320 d:s ref:0 ;
in:1077 out:1079 type:b dur:2 cpbdur:2 q:34.86 aq:35.00 tex:0 mv:0 misc:256 imb:0 pmb:0 smb:4320 d:s ref:0 ;
in:1079 out:1080 type:b dur:2 cpbdur:2 q:34.75 aq:35.00 tex:0 mv:0 misc:256 imb:0 pmb:0 smb:4320 d:- ref:0 ;
in:1084 out:1081 type:P dur:2 cpbdur:2 q:34.46 aq:23.24 tex:3316 mv:818 misc:506 imb:64 pmb:34 smb:4222 d:s ref:0 ;
in:1082 out:1082 type:B dur:2 cpbdur:2 q:34.58 aq:32.00 tex:9 mv:119 misc:448 imb:0 pmb:64 smb:4256 d:s ref:0 ;
in:1081 out:1083 type:b dur:2 cpbdur:2 q:34.64 aq:34.00 tex:0 mv:0 misc:256 imb:0 pmb:0 smb:4320 d:s ref:0 ;
in:1083 out:1084 type:b dur:2 cpbdur:2 q:34.52 aq:34.00 tex:15 mv:95 misc:434 imb:0 pmb:66 smb:4254 d:- ref:0 ;
in:1088 out:1085 type:P dur:2 cpbdur:2 q:34.27 aq:23.86 tex:416 mv:122 misc:390 imb:2 pmb:19 smb:4299 d:s ref:0 ;
in:1086 out:1086 type:B dur:2 cpbdur:2 q:34.37 aq:32.00 tex:1 mv:33 misc:278 imb:0 pmb:6 smb:4314 d:s ref:0 ;
in:1085 out:1087 type:b dur:2 cpbdur:2 q:34.41 aq:34.00 tex:0 mv:0 misc:256 imb:0 pmb:0 smb:4320 d:s ref:0 ;
in:1087 out:1088 type:b dur:2 cpbdur:2 q:34.32 aq:34.00 tex:3 mv:26 misc:267 imb:0 pmb:4 smb:4316 d:- ref:0 ;
in:1092 out:1089 type:P dur:2 cpbdur:2 q:34.15 aq:25.21 tex:955 mv:131 misc:298 imb:7 pmb:6 smb:4307 d:s ref:0 ;
in:1090 out:1090 type:B dur:2 cpbdur:2 q:34.21 aq:34.91 tex:679 mv:77 misc:300 imb:1 pmb:19 smb:4300 d:s ref:0 ;
in:1089 out:1091 type:b dur:2 cpbdur:2 q:34.24 aq:36.85 tex:393 mv:155 misc:276 imb:1 pmb:10 smb:4309 d:s ref:0 ;
in:1091 out:1092 type:b dur:2 cpbdur:2 q:34.18 aq:35.99 tex:536 mv:59 misc:285 imb:1 pmb:14 smb:4305 d:- ref:0 ;
in:1093 out:1093 type:P dur:2 cpbdur:2 q:34.06 aq:26.53 tex:1032 mv:143 misc:321 imb:14 pmb:5 smb:4301 d:s ref:0 ;
in:1096 out:1094 type:P dur:2 cpbdur:2 q:34.03 aq:22.98 tex:1072 mv:144 misc:344 imb:17 pmb:7 smb:4296 d:s ref:0 ;
in:1094 out:1095 type:B dur:2 cpbdur:2 q:34.05 aq:35.35 tex:708 mv:90 misc:314 imb:3 pmb:20 smb:4297 d:s ref:0 ;
in:1095 out:1096 type:b dur:2 cpbdur:2 q:34.04 aq:36.99 tex:631 mv:159 misc:298 imb:2 pmb:19 smb:4299 d:- ref:0 ;
in:1097 out:1097 type:P dur:2 cpbdur:2 q:33.93 aq:24.79 tex:1081 mv:236 misc:355 imb:12 pmb:11 smb:4297 d:s ref:0 ;
in:1099 out:1098 type:P dur:2 cpbdur:2 q:33.90 aq:17.26 tex:2174 mv:205 misc:397 imb:19 pmb:23 smb:4278 d:s ref:0 ;
in:1098 out:1099 type:b dur:2 cpbdur:2 q:33.92 aq:21.05 tex:79 mv:179 misc:294 imb:1 pmb:12 smb:4307 d:s ref:0 ;
in:1100 out:1100 type:P dur:2 cpbdur:2 q:33.83 aq:10.62 tex:1175 mv:204 misc:373 imb:8 pmb:23 smb:4289 d:s ref:0 ;
in:1103 out:1101 type:P dur:2 cpbdur:2 q:33.79 aq:23.51 tex:42818 mv:5643 misc:1755 imb:286 pmb:657 smb:3377 d:s ref:0 ;
in:1101 out:1102 type:B dur:2 cpbdur:2 q:33.82 aq:32.24 tex:2044 mv:1693 misc:1303 imb:25 pmb:312 smb:3983 d:s ref:0 ;
in:1102 out:1103 type:b dur:2 cpbdur:2 q:33.80 aq:34.58 tex:1734 mv:2089 misc:1009 imb:35 pmb:203 smb:4082 d:- ref:0 ;
in:1106 out:1104 type:P dur:2 cpbdur:2 q:33.87 aq:23.17 tex:25550 mv:3848 misc:1690 imb:242 pmb:504 smb:3574 d:s ref:0 ;
in:1104 out:1105 type:B dur:2 cpbdur:2 q:33.82 aq:33.93 tex:2291 mv:1921 misc:948 imb:59 pmb:189 smb:4072 d:s ref:0 ;
in:1105 out:1106 type:b dur:2 cpbdur:2 q:33.84 aq:36.97 tex:834 mv:1665 misc:861 imb:26 pmb:180 smb:4114 d:- ref:0 ;
in:1110 out:1107 type:P dur:2 cpbdur:2 q:33.90 aq:20.99 tex:35140 mv:5359 misc:1709 imb:435 pmb:513 smb:3372 d:s ref:0 ;
in:1108 out:1108 type:B dur:2 cpbdur:2 q:33.89 aq:21.47 tex:1151 mv:1615 misc:810 imb:25 pmb:153 smb:4142 d:s ref:0 ;
in:1107 out:1109 type:b dur:2 cpbdur:2 q:33.88 aq:34.81 tex:631 mv:1307 misc:742 imb:17 pmb:145 smb:4158 d:s ref:0 ;
in:1109 out:1110 type:b dur:2 cpbdur:2 q:33.90 aq:37.11 tex:767 mv:1311 misc:842 imb:24 pmb:147 smb:4149 d:- ref:0 ;
in:1114 out:1111 type:P dur:2 cpbdur:2 q:33.98 aq:23.01 tex:39308 mv:4414 misc:1686 imb:272 pmb:619 smb:3429 d:s ref:0 ;
in:1112 out:1112 type:B dur:2 cpbdur:2 q:33.94 aq:32.08 tex:4892 mv:2857 misc:1363 imb:39 pmb:368 smb:3913 d:s ref:0 ;
in:1111 out:1113 type:b dur:2 cpbdur:2 q:33.92 aq:31.11 tex:1060 mv:1315 misc:729 imb:21 pmb:189 smb:4110 d:s ref:0 ;
in:1113 out:1114 type:b dur:2 cpbdur:2 q:33.96 aq:25.68 tex:963 mv:1528 misc:669 imb:79 pmb:109 smb:4132 d:- ref:0 ;
in:1118 out:1115 type:P dur:2 cpbdur:2 q:33.96 aq:23.36 tex:45414 mv:5864 misc:2298 imb:434 pmb:612 smb:3274 d:s ref:0 ;
in:1116 out:1116 type:B dur:2 cpbdur:2 q:33.97 aq:31.10 tex:2477 mv:2375 misc:1540 imb:36 pmb:383 smb:3901 d:s ref:0 ;
in:1115 out:1117 type:b dur:2 cpbdur:2 q:33.98 aq:24.62 tex:909 mv:756 misc:559 imb:15 pmb:124 smb:4181 d:s ref:0 ;
in:1117 out:1118 type:b dur:2 cpbdur:2 q:33.97 aq:24.67 tex:1005 mv:2290 misc:1433 imb:40 pmb:300 smb:3980 d:- ref:0 ;
in:1119 out:1119 type:P dur:2 cpbdur:2 q:34.12 aq:23.81 tex:29187 mv:5131 misc:2106 imb:276 pmb:590 smb:3454 d:s ref:0 ;
in:1123 out:1120 type:P dur:2 cpbdur:2 q:34.16 aq:24.79 tex:41352 mv:4162 misc:1926 imb:277 pmb:540 smb:3503 d:s ref:0 ;
in:1121 out:1121 type:B dur:2 cpbdur:2 q:34.14 aq:24.05 tex:588 mv:1709 misc:1343 imb:34 pmb:254 smb:4032 d:s ref:0 ;
in:1120 out:1122 type:b dur:2 cpbdur:2 q:34.13 aq:24.53 tex:562 mv:2392 misc:1198 imb:46 pmb:328 smb:3946 d:s ref:0 ;
in:1122 out:1123 type:b dur:2 cpbdur:2 q:34.15 aq:30.08 tex:229 mv:478 misc:493 imb:3 pmb:52 smb:4265 d:- ref:0 ;
in:1124 out:1124 type:P dur:2 cpbdur:2 q:34.13 aq:26.13 tex:10165 mv:514 misc:1033 imb:17 pmb:230 smb:4073 d:s ref:0 ;
in:1127 out:1125 type:P dur:2 cpbdur:2 q:34.16 aq:23.56 tex:74429 mv:10073 misc:1474 imb:2850 pmb:422 smb:1048 d:s ref:0 ;
in:1125 out:1126 type:B dur:2 cpbdur:2 q:34.14 aq:25.38 tex:2205 mv:3193 misc:1386 imb:145 pmb:261 smb:3914 d:s ref:0 ;
in:1126 out:1127 type:b dur:2 cpbdur:2 q:34.15 aq:27.22 tex:796 mv:1701 misc:1199 imb:21 pmb:228 smb:4071 d:- ref:0 ;
in:1131 out:1128 type:P dur:2 cpbdur:2 q:34.21 aq:23.05 tex:11603 mv:4478 misc:2087 imb:330 pmb:413 smb:3577 d:s ref:0 ;
in:1129 out:1129 type:B dur:2 cpbdur:2 q:34.18 aq:27.00 tex:1080 mv:2071 misc:1217 imb:27 pmb:265 smb:4028 d:s ref:0 ;
in:1128 out:1130 type:b dur:2 cpbdur:2 q:34.17 aq:26.55 tex:894 mv:2156 misc:1166 imb:37 pmb:300 smb:3983 d:s ref:0 ;
in:1130 out:1131 type:b dur:2 cpbdur:2 q:34.19 aq:25.45 tex:523 mv:2375 misc:1126 imb:15 pmb:313 smb:3992 d:- ref:0 ;
in:1135 out:1132 type:P dur:2 cpbdur:2 q:34.32 aq:21.26 tex:8196 mv:4935 misc:2157 imb:245 pmb:443 smb:3632 d:s ref:0 ;
in:1133 out:1133 type:B dur:2 cpbdur:2 q:34.27 aq:26.00 tex:999 mv:3243 misc:1446 imb:35 pmb:367 smb:3918 d:s ref:0 ;
in:1132 out:1134 type:b dur:2 cpbdur:2 q:34.24 aq:22.42 tex:536 mv:1916 misc:1124 imb:21 pmb:292 smb:4007 d:s ref:0 ;
in:1134 out:1135 type:b dur:2 cpbdur:2 q:34.29 aq:24.14 tex:300 mv:2533 misc:1151 imb:14 pmb:268 smb:4038 d:- ref:0 ;
in:1139 out:1136 type:P dur:2 cpbdur:2 q:34.45 aq:20.48 tex:7779 mv:4688 misc:2021 imb:217 pmb:426 smb:3677 d:s ref:0 ;
in:1137 out:1137 type:B dur:2 cpbdur:2 q:34.38 aq:24.04 tex:535 mv:1874 misc:1247 imb:21 pmb:296 smb:4003 d:s ref:0 ;
in:1136 out:1138 type:b dur:2 cpbdur:2 q:34.35 aq:19.36 tex:93 mv:327 misc:716 imb:1 pmb:124 smb:4195 d:s ref:0 ;
in:1138 out:1139 type:b dur:2 cpbdur:2 q:34.42 aq:24.75 tex:525 mv:2020 misc:983 imb:32 pmb:207 smb:4081 d:- ref:0 ;
in:1143 out:1140 type:P dur:2 cpbdur:2 q:34.60 aq:21.23 tex:8060 mv:5683 misc:2233 imb:221 pmb:516 smb:3583 d:s ref:0 ;
in:1141 out:1141 type:B dur:2 cpbdur:2 q:34.52 aq:23.30 tex:174 mv:544 misc:1026 imb:7 pmb:252 smb:4061 d:s ref:0 ;
in:1140 out:1142 type:b dur:2 cpbdur:2 q:34.48 aq:19.93 tex:187 mv:2672 misc:1493 imb:23 pmb:475 smb:3822 d:s ref:0 ;
in:1142 out:1143 type:b dur:2 cpbdur:2 q:34.56 aq:20.00 tex:3 mv:47 misc:262 imb:0 pmb:4 smb:4316 d:- ref:0 ;
in:1147 out:1144 type:P dur:2 cpbdur:2 q:34.80 aq:21.35 tex:5051 mv:2262 misc:1919 imb:69 pmb:349 smb:3902 d:s ref:0 ;
in:1145 out:1145 type:B dur:2 cpbdur:2 q:34.70 aq:29.44 tex:97 mv:193 misc:614 imb:1 pmb:90 smb:4229 d:s ref:0 ;
in:1144 out:1146 type:b dur:2 cpbdur:2 q:34.65 aq:20.00 tex:18 mv:215 misc:479 imb:0 pmb:43 smb:4277 d:s ref:0 ;
in:1146 out:1147 type:b dur:2 cpbdur:2 q:34.75 aq:27.40 tex:214 mv:138 misc:272 imb:0 pmb:9 smb:4311 d:- ref:0 ;
in:1149 out:1148 type:P dur:2 cpbdur:2 q:34.73 aq:22.66 tex:1797 mv:439 misc:708 imb:29 pmb:47 smb:4244 d:s ref:0 ;
in:1148 out:1149 type:b dur:2 cpbdur:2 q:34.76 aq:33.08 tex:245 mv:185 misc:282 imb:4 pmb:15 smb:4301 d:s ref:0 ;
in:1150 out:1150 type:P dur:2 cpbdur:2 q:34.60 aq:23.31 tex:1607 mv:308 misc:573 imb:27 pmb:33 smb:4260 d:s ref:0 ;
in:1151 out:1151 type:P dur:2 cpbdur:2 q:34.57 aq:20.10 tex:2091 mv:284 misc:489 imb:23 pmb:27 smb:4270 d:s ref:0 ;
in:1153 out:1152 type:P dur:2 cpbdur:2 q:34.51 aq:17.30 tex:809 mv:112 misc:367 imb:13 pmb:5 smb:4302 d:s ref:0 ;
in:1152 out:1153 type:b dur:2 cpbdur:2 q:34.54 aq:34.86 tex:332 mv:139 misc:281 imb:1 pmb:13 smb:4306 d:s ref:0 ;
in:1154 out:1154 type:P dur:2 cpbdur:2 q:34.39 aq:20.89 tex:648 mv:284 misc:524 imb:16 pmb:23 smb:4281 d:s ref:0 ;
in:1158 out:1155 type:P dur:2 cpbdur:2 q:34.35 aq:20.70 tex:860 mv:235 misc:329 imb:3 pmb:15 smb:4302 d:s ref:0 ;
in:1156 out:1156 type:B dur:2 cpbdur:2 q:34.37 aq:20.81 tex:405 mv:118 misc:293 imb:1 pmb:12 smb:4307 d:s ref:0 ;
in:1155 out:1157 type:b dur:2 cpbdur:2 q:34.38 aq:22.65 tex:137 mv:262 misc:265 imb:1 pmb:9 smb:4310 d:s ref:0 ;
in:1157 out:1158 type:b dur:2 cpbdur:2 q:34.36 aq:35.37 tex:474 mv:88 misc:270 imb:2 pmb:7 smb:4311 d:- ref:0 ;
in:1161 out:1159 type:P dur:2 cpbdur:2 q:34.10 aq:25.11 tex:3411 mv:299 misc:506 imb:19 pmb:41 smb:4260 d:s ref:0 ;
in:1159 out:1160 type:B dur:2 cpbdur:2 q:34.27 aq:31.92 tex:553 mv:214 misc:321 imb:4 pmb:24 smb:4292 d:s ref:0 ;
in:1160 out:1161 type:b dur:2 cpbdur:2 q:34.19 aq:20.31 tex:768 mv:143 misc:297 imb:6 pmb:15 smb:4299 d:- ref:0 ;
in:1163 out:1162 type:P dur:2 cpbdur:2 q:33.87 aq:25.10 tex:2601 mv:204 misc:619 imb:16 pmb:56 smb:4248 d:s ref:0 ;
in:1162 out:1163 type:b dur:2 cpbdur:2 q:33.99 aq:33.16 tex:211 mv:188 misc:289 imb:0 pmb:19 smb:4301 d:s ref:0 ;
in:1165 out:1164 type:P dur:2 cpbdur:2 q:33.76 aq:31.03 tex:1367 mv:174 misc:419 imb:13 pmb:14 smb:4293 d:s ref:0 ;
in:1164 out:1165 type:b dur:2 cpbdur:2 q:33.81 aq:30.91 tex:123 mv:237 misc:272 imb:0 pmb:13 smb:4307 d:s ref:0 ;
in:1169 out:1166 type:P dur:2 cpbdur:2 q:33.67 aq:25.19 tex:12269 mv:4808 misc:1555 imb:207 pmb:397 smb:3716 d:s ref:0 ;
in:1167 out:1167 type:B dur:2 cpbdur:2 q:33.72 aq:22.02 tex:514 mv:405 misc:945 imb:3 pmb:196 smb:4121 d:s ref:0 ;
in:1166 out:1168 type:b dur:2 cpbdur:2 q:33.74 aq:28.38 tex:153 mv:185 misc:270 imb:0 pmb:10 smb:4310 d:t ref:0 ;
in:1168 out:1169 type:b dur:2 cpbdur:2 q:33.69 aq:30.15 tex:126 mv:255 misc:827 imb:0 pmb:155 smb:4165 d:- ref:0 ;
in:1171 out:1170 type:P dur:2 cpbdur:2 q:33.70 aq:24.49 tex:8288 mv:3725 misc:1683 imb:165 pmb:386 smb:3769 d:s ref:0 ;
in:1170 out:1171 type:b dur:2 cpbdur:2 q:33.69 aq:27.01 tex:136 mv:279 misc:513 imb:0 pmb:60 smb:4260 d:s ref:0 ;
in:1172 out:1172 type:P dur:2 cpbdur:2 q:33.70 aq:25.52 tex:2686 mv:1197 misc:1037 imb:39 pmb:150 smb:4131 d:s ref:0 ;
in:1176 out:1173 type:P dur:2 cpbdur:2 q:33.68 aq:23.44 tex:21719 mv:7145 misc:1664 imb:593 pmb:447 smb:3280 d:s ref:0 ;
in:1174 out:1174 type:B dur:2 cpbdur:2 q:33.69 aq:26.53 tex:1398 mv:1452 misc:846 imb:12 pmb:159 smb:4149 d:s ref:0 ;
in:1173 out:1175 type:b dur:2 cpbdur:2 q:33.69 aq:24.47 tex:178 mv:443 misc:755 imb:4 pmb:130 smb:4186 d:s ref:0 ;
in:1175 out:1176 type:b dur:2 cpbdur:2 q:33.68 aq:19.00 tex:0 mv:0 misc:248 imb:0 pmb:0 smb:4320 d:- ref:0 ;
in:1177 out:1177 type:P dur:2 cpbdur:2 q:33.69 aq:22.98 tex:2218 mv:918 misc:1128 imb:39 pmb:132 smb:4149 d:s ref:0 ;
in:1181 out:1178 type:P dur:2 cpbdur:2 q:33.68 aq:19.79 tex:641 mv:292 misc:547 imb:4 pmb:41 smb:4275 d:s ref:0 ;
in:1179 out:1179 type:B dur:2 cpbdur:2 q:33.68 aq:22.91 tex:301 mv:78 misc:373 imb:0 pmb:18 smb:4302 d:s ref:0 ;
in:1178 out:1180 type:b dur:2 cpbdur:2 q:33.68 aq:19.00 tex:1 mv:11 misc:260 imb:0 pmb:1 smb:4319 d:s ref:0 ;
in:1180 out:1181 type:b dur:2 cpbdur:2 q:33.68 aq:19.00 tex:0 mv:0 misc:248 imb:0 pmb:0 smb:4320 d:- ref:0 ;
in:1185 out:1182 type:P dur:2 cpbdur:2 q:33.61 aq:20.24 tex:30175 mv:7935 misc:1450 imb:568 pmb:478 smb:3274 d:s ref:0 ;
in:1183 out:1183 type:B dur:2 cpbdur:2 q:33.64 aq:30.34 tex:3791 mv:3774 misc:1067 imb:50 pmb:278 smb:3992 d:t ref:0 ;
in:1182 out:1184 type:b dur:2 cpbdur:2 q:33.66 aq:24.95 tex:320 mv:146 misc:390 imb:2 pmb:31 smb:4287 d:s ref:0 ;
in:1184 out:1185 type:b dur:2 cpbdur:2 q:33.63 aq:25.48 tex:1323 mv:1557 misc:824 imb:24 pmb:162 smb:4134 d:- ref:0 ;
in:1189 out:1186 type:P dur:2 cpbdur:2 q:33.68 aq:20.70 tex:22527 mv:5819 misc:1622 imb:212 pmb:603 smb:3505 d:s ref:0 ;
in:1187 out:1187 type:B dur:2 cpbdur:2 q:33.65 aq:22.63 tex:130 mv:22 misc:320 imb:0 pmb:6 smb:4314 d:s ref:0 ;
in:1186 out:1188 type:b dur:2 cpbdur:2 q:33.63 aq:19.00 tex:3 mv:22 misc:303 imb:0 pmb:6 smb:4314 d:s ref:0 ;
in:1188 out:1189 type:b dur:2 cpbdur:2 q:33.67 aq:19.00 tex:0 mv:0 misc:248 imb:0 pmb:0 smb:4320 d:- ref:0 ;
in:1193 out:1190 type:P dur:2 cpbdur:2 q:33.69 aq:18.57 tex:1845 mv:440 misc:835 imb:5 pmb:102 smb:4213 d:s ref:0 ;
in:1191 out:1191 type:B dur:2 cpbdur:2 q:33.69 aq:17.00 tex:4 mv:15 misc:285 imb:0 pmb:3 smb:4317 d:s ref:0 ;
in:1190 out:1192 type:b dur:2 cpbdur:2 q:33.69 aq:19.00 tex:0 mv:0 misc:248 imb:0 pmb:0 smb:4320 d:s ref:0 ;
in:1192 out:1193 type:b dur:2 cpbdur:2 q:33.69 aq:27.83 tex:78 mv:25 misc:265 imb:0 pmb:4 smb:4316 d:- ref:0 ;
in:1197 out:1194 type:P dur:2 cpbdur:2 q:33.54 aq:22.05 tex:5971 mv:2038 misc:1783 imb:28 pmb:396 smb:3896 d:s ref:0 ;
in:1195 out:1195 type:B dur:2 cpbdur:2 q:33.62 aq:23.78 tex:214 mv:189 misc:453 imb:0 pmb:32 smb:4288 d:s ref:0 ;
in:1194 out:1196 type:b dur:2 cpbdur:2 q:33.65 aq:30.85 tex:92 mv:45 misc:263 imb:0 pmb:3 smb:4317 d:s ref:0 ;
in:1196 out:1197 type:b dur:2 cpbdur:2 q:33.58 aq:24.44 tex:125 mv:298 misc:409 imb:1 pmb:27 smb:4292 d:- ref:0 ;
in:1201 out:1198 type:P dur:2 cpbdur:2 q:33.48 aq:19.67 tex:24896 mv:8240 misc:2520 imb:474 pmb:897 smb:2949 d:s ref:0 ;
in:1199 out:1199 type:B dur:2 cpbdur:2 q:33.51 aq:22.37 tex:384 mv:2141 misc:1155 imb:20 pmb:285 smb:4015 d:s ref:0 ;
in:1198 out:1200 type:b dur:2 cpbdur:2 q:33.53 aq:26.15 tex:730 mv:3275 misc:1123 imb:39 pmb:310 smb:3971 d:s ref:0 ;
in:1200 out:1201 type:b dur:2 cpbdur:2 q:33.50 aq:23.12 tex:102 mv:317 misc:861 imb:4 pmb:200 smb:4116 d:- ref:0 ;
in:1203 out:1202 type:P dur:2 cpbdur:2 q:33.60 aq:18.56 tex:3233 mv:759 misc:1232 imb:32 pmb:151 smb:4137 d:s ref:0 ;
in:1202 out:1203 type:b dur:2 cpbdur:2 q:33.54 aq:29.09 tex:89 mv:79 misc:264 imb:0 pmb:5 smb:4315 d:s ref:0 ;
in:1207 out:1204 type:P dur:2 cpbdur:2 q:33.52 aq:17.34 tex:1514 mv:397 misc:681 imb:18 pmb:50 smb:4252 d:s ref:0 ;
in:1205 out:1205 type:B dur:2 cpbdur:2 q:33.56 aq:26.29 tex:123 mv:85 misc:288 imb:0 pmb:6 smb:4314 d:s ref:0 ;
in:1204 out:1206 type:b dur:2 cpbdur:2 q:33.58 aq:30.36 tex:122 mv:55 misc:263 imb:0 pmb:4 smb:4316 d:s ref:0 ;
in:1206 out:1207 type:b dur:2 cpbdur:2 q:33.54 aq:30.08 tex:66 mv:51 misc:259 imb:0 pmb:4 smb:4316 d:- ref:0 ;
in:1211 out:1208 type:P dur:2 cpbdur:2 q:33.34 aq:20.99 tex:4622 mv:924 misc:1190 imb:21 pmb:169 smb:4130 d:s ref:0 ;
in:1209 out:1209 type:B dur:2 cpbdur:2 q:33.43 aq:25.35 tex:289 mv:57 misc:286 imb:0 pmb:6 smb:4314 d:s ref:0 ;
in:1208 out:1210 type:b dur:2 cpbdur:2 q:33.47 aq:18.00 tex:3 mv:11 misc:266 imb:0 pmb:2 smb:4318 d:s ref:0 ;
in:1210 out:1211 type:b dur:2 cpbdur:2 q:33.39 aq:18.00 tex:5 mv:65 misc:274 imb:0 pmb:6 smb:4314 d:- ref:0 ;
in:1214 out:1212 type:P dur:2 cpbdur:2 q:33.21 aq:21.53 tex:2715 mv:373 misc:712 imb:22 pmb:55 smb:4243 d:s ref:0 ;
in:1212 out:1213 type:B dur:2 cpbdur:2 q:33.30 aq:27.06 tex:563 mv:192 misc:317 imb:4 pmb:16 smb:4300 d:s ref:0 ;
in:1213 out:1214 type:b dur:2 cpbdur:2 q:33.25 aq:27.98 tex:808 mv:114 misc:294 imb:5 pmb:16 smb:4299 d:- ref:0 ;
in:1215 out:1215 type:P dur:2 cpbdur:2 q:33.01 aq:21.51 tex:3880 mv:444 misc:852 imb:36 pmb:82 smb:4202 d:s ref:0 ;
in:1218 out:1216 type:P dur:2 cpbdur:2 q:32.98 aq:18.37 tex:3569 mv:337 misc:662 imb:42 pmb:46 smb:4232 d:s ref:0 ;
in:1216 out:1217 type:B dur:2 cpbdur:2 q:33.00 aq:28.14 tex:831 mv:205 misc:364 imb:6 pmb:27 smb:4287 d:s ref:0 ;
in:1217 out:1218 type:b dur:2 cpbdur:2 q:32.99 aq:35.24 tex:212 mv:191 misc:293 imb:1 pmb:15 smb:4304 d:- ref:0 ;
in:1221 out:1219 type:P dur:2 cpbdur:2 q:32.73 aq:19.98 tex:5038 mv:476 misc:766 imb:43 pmb:69 smb:4208 d:s ref:0 ;
in:1219 out:1220 type:B dur:2 cpbdur:2 q:32.90 aq:35.15 tex:190 mv:161 misc:305 imb:0 pmb:11 smb:4309 d:s ref:0 ;
in:1220 out:1221 type:b dur:2 cpbdur:2 q:32.81 aq:18.75 tex:249 mv:183 misc:288 imb:1 pmb:11 smb:4308 d:- ref:0 ;
in:1225 out:1222 type:P dur:2 cpbdur:2 q:32.64 aq:16.63 tex:2111 mv:268 misc:437 imb:13 pmb:23 smb:4284 d:s ref:0 ;
in:1223 out:1223 type:B dur:2 cpbdur:2 q:32.69 aq:34.35 tex:546 mv:211 misc:299 imb:0 pmb:16 smb:4304 d:s ref:0 ;
in:1222 out:1224 type:b dur:2 cpbdur:2 q:32.71 aq:35.17 tex:332 mv:160 misc:284 imb:0 pmb:13 smb:4307 d:s ref:0 ;
in:1224 out:1225 type:b dur:2 cpbdur:2 q:32.67 aq:36.90 tex:326 mv:75 misc:271 imb:0 pmb:4 smb:4316 d:- ref:0 ;
in:1229 out:1226 type:P dur:2 cpbdur:2 q:32.50 aq:22.81 tex:4414 mv:184 misc:610 imb:7 pmb:63 smb:4250 d:s ref:0 ;
in:1227 out:1227 type:B dur:2 cpbdur:2 q:32.57 aq:16.82 tex:439 mv:85 misc:292 imb:1 pmb:5 smb:4314 d:s ref:0 ;
in:1226 out:1228 type:b dur:2 cpbdur:2 q:32.61 aq:37.23 tex:255 mv:72 misc:273 imb:0 pmb:6 smb:4314 d:s ref:0 ;
in:1228 out:1229 type:b dur:2 cpbdur:2 q:32.53 aq:35.99 tex:258 mv:12 misc:274 imb:0 pmb:3 smb:4317 d:- ref:0 ;
in:1233 out:1230 type:P dur:2 cpbdur:2 q:32.40 aq:20.02 tex:6085 mv:443 misc:504 imb:24 pmb:40 smb:4256 d:s ref:0 ;
in:1231 out:1231 type:B dur:2 cpbdur:2 q:32.45 aq:31.56 tex:828 mv:87 misc:317 imb:0 pmb:21 smb:4299 d:s ref:0 ;
in:1230 out:1232 type:b dur:2 cpbdur:2 q:32.47 aq:17.00 tex:14 mv:47 misc:291 imb:1 pmb:12 smb:4307 d:s ref:0 ;
in:1232 out:1233 type:b dur:2 cpbdur:2 q:32.42 aq:17.00 tex:9 mv:33 misc:286 imb:0 pmb:7 smb:4313 d:- ref:0 ;
in:1236 out:1234 type:P dur:2 cpbdur:2 q:32.32 aq:23.43 tex:3209 mv:169 misc:486 imb:9 pmb:30 smb:4281 d:s ref:0 ;
in:1234 out:1235 type:B dur:2 cpbdur:2 q:32.37 aq:18.17 tex:562 mv:130 misc:308 imb:1 pmb:12 smb:4307 d:s ref:0 ;
in:1235 out:1236 type:b dur:2 cpbdur:2 q:32.35 aq:32.16 tex:667 mv:125 misc:288 imb:1 pmb:14 smb:4305 d:- ref:0 ;
in:1238 out:1237 type:P dur:2 cpbdur:2 q:32.23 aq:23.09 tex:3048 mv:236 misc:572 imb:19 pmb:44 smb:4257 d:s ref:0 ;
in:1237 out:1238 type:b dur:2 cpbdur:2 q:32.27 aq:30.36 tex:846 mv:100 misc:302 imb:3 pmb:18 smb:4299 d:s ref:0 ;
in:1240 out:1239 type:P dur:2 cpbdur:2 q:32.16 aq:23.17 tex:2522 mv:177 misc:525 imb:17 pmb:32 smb:4271 d:s ref:0 ;
in:1239 out:1240 type:b dur:2 cpbdur:2 q:32.19 aq:30.00 tex:312 mv:178 misc:286 imb:0 pmb:20 smb:4300 d:s ref:0 ;
in:1241 out:1241 type:P dur:2 cpbdur:2 q:32.09 aq:23.43 tex:3471 mv:338 misc:631 imb:8 pmb:66 smb:4246 d:s ref:0 ;
in:1245 out:1242 type:P dur:2 cpbdur:2 q:32.00 aq:23.07 tex:17307 mv:6149 misc:1704 imb:336 pmb:451 smb:3533 d:s ref:0 ;
in:1243 out:1243 type:B dur:2 cpbdur:2 q:32.04 aq:22.20 tex:730 mv:397 misc:929 imb:2 pmb:200 smb:4118 d:s ref:0 ;
in:1242 out:1244 type:b dur:2 cpbdur:2 q:32.07 aq:28.21 tex:281 mv:231 misc:296 imb:1 pmb:11 smb:4308 d:s ref:0 ;
in:1244 out:1245 type:b dur:2 cpbdur:2 q:32.02 aq:25.40 tex:212 mv:396 misc:880 imb:1 pmb:178 smb:4141 d:- ref:0 ;
in:1247 out:1246 type:P dur:2 cpbdur:2 q:31.97 aq:21.58 tex:14165 mv:5245 misc:1966 imb:245 pmb:544 smb:3531 d:s ref:0 ;
in:1246 out:1247 type:b dur:2 cpbdur:2 q:31.98 aq:28.34 tex:129 mv:164 misc:371 imb:0 pmb:20 smb:4300 d:s ref:0 ;
in:1248 out:1248 type:P dur:2 cpbdur:2 q:32.01 aq:21.05 tex:6895 mv:2467 misc:1622 imb:89 pmb:348 smb:3883 d:s ref:0 ;
in:1249 out:1249 type:P dur:2 cpbdur:2 q:32.02 aq:19.95 tex:230 mv:211 misc:367 imb:4 pmb:16 smb:4300 d:s ref:0 ;
in:1250 out:1250 type:I dur:2 cpbdur:2 q:29.58 aq:15.69 tex:223391 mv:43360 misc:545 imb:4320 pmb:0 smb:0 d:s ref:;
in:1254 out:1251 type:P dur:2 cpbdur:2 q:33.07 aq:27.46 tex:302 mv:62 misc:324 imb:0 pmb:8 smb:4312 d:s ref:0 ;
in:1252 out:1252 type:B dur:2 cpbdur:2 q:33.07 aq:26.21 tex:101 mv:27 misc:272 imb:0 pmb:3 smb:4317 d:s ref:0 ;
in:1251 out:1253 type:b dur:2 cpbdur:2 q:33.07 aq:28.68 tex:73 mv:4 misc:267 imb:0 pmb:1 smb:4319 d:s ref:0 ;
in:1253 out:1254 type:b dur:2 cpbdur:2 q:33.07 aq:18.00 tex:0 mv:0 misc:256 imb:0 pmb:0 smb:4320 d:- ref:0 ;
in:1258 out:1255 type:P dur:2 cpbdur:2 q:32.94 aq:21.34 tex:25620 mv:7523 misc:1545 imb:539 pmb:457 smb:3324 d:s ref:0 ;
in:1256 out:1256 type:B dur:2 cpbdur:2 q:33.00 aq:25.17 tex:209 mv:91 misc:364 imb:1 pmb:22 smb:4297 d:s ref:0 ;
in:1255 out:1257 type:b dur:2 cpbdur:2 q:33.04 aq:20.11 tex:122 mv:67 misc:315 imb:0 pmb:18 smb:4302 d:s ref:0 ;
in:1257 out:1258 type:b dur:2 cpbdur:2 q:32.97 aq:23.68 tex:104 mv:392 misc:640 imb:0 pmb:83 smb:4237 d:- ref:0 ;
in:1259 out:1259 type:P dur:2 cpbdur:2 q:33.08 aq:20.48 tex:4098 mv:1795 misc:1355 imb:54 pmb:258 smb:4008 d:s ref:0 ;
in:1263 out:1260 type:P dur:2 cpbdur:2 q:33.09 aq:21.65 tex:3403 mv:1306 misc:1147 imb:29 pmb:205 smb:4086 d:s ref:0 ;
in:1261 out:1261 type:B dur:2 cpbdur:2 q:33.08 aq:17.00 tex:9 mv:52 misc:347 imb:0 pmb:11 smb:4309 d:s ref:0 ;
in:1260 out:1262 type:b dur:2 cpbdur:2 q:33.08 aq:28.18 tex:61 mv:9 misc:274 imb:0 pmb:2 smb:4318 d:s ref:0 ;
in:1262 out:1263 type:b dur:2 cpbdur:2 q:33.08 aq:18.00 tex:0 mv:0 misc:256 imb:0 pmb:0 smb:4320 d:- ref:0 ;
in:1267 out:1264 type:P dur:2 cpbdur:2 q:32.94 aq:26.03 tex:596 mv:152 misc:372 imb:0 pmb:17 smb:4303 d:s ref:0 ;
in:1265 out:1265 type:B dur:2 cpbdur:2 q:33.01 aq:26.81 tex:55 mv:39 misc:290 imb:0 pmb:7 smb:4313 d:s ref:0 ;
in:1264 out:1266 type:b dur:2 cpbdur:2 q:33.05 aq:18.00 tex:0 mv:0 misc:256 imb:0 pmb:0 smb:4320 d:s ref:0 ;
in:1266 out:1267 type:b dur:2 cpbdur:2 q:32.97 aq:27.70 tex:84 mv:66 misc:274 imb:0 pmb:4 smb:4316 d:- ref:0 ;
in:1271 out:1268 type:P dur:2 cpbdur:2 q:32.64 aq:22.89 tex:7132 mv:8173 misc:2247 imb:293 pmb:595 smb:3432 d:s ref:0 ;
in:1269 out:1269 type:B dur:2 cpbdur:2 q:32.79 aq:20.22 tex:985 mv:5339 misc:1708 imb:38 pmb:524 smb:3758 d:s ref:0 ;
in:1268 out:1270 type:b dur:2 cpbdur:2 q:32.86 aq:20.12 tex:207 mv:2188 misc:1437 imb:16 pmb:388 smb:3916 d:s ref:0 ;
in:1270 out:1271 type:b dur:2 cpbdur:2 q:32.71 aq:24.68 tex:327 mv:3887 misc:1482 imb:13 pmb:428 smb:3879 d:- ref:0 ;
in:1274 out:1272 type:P dur:2 cpbdur:2 q:32.67 aq:22.77 tex:3457 mv:4774 misc:1993 imb:118 pmb:439 smb:3763 d:s ref:0 ;
in:1272 out:1273 type:B dur:2 cpbdur:2 q:32.65 aq:23.83 tex:439 mv:1625 misc:1200 imb:3 pmb:244 smb:4073 d:s ref:0 ;
in:1273 out:1274 type:b dur:2 cpbdur:2 q:32.66 aq:25.53 tex:359 mv:1063 misc:1298 imb:3 pmb:324 smb:3993 d:- ref:0 ;
in:1275 out:1275 type:P dur:2 cpbdur:2 q:32.56 aq:23.68 tex:6908 mv:7735 misc:2389 imb:297 pmb:586 smb:3437 d:s ref:0 ;
in:1278 out:1276 type:P dur:2 cpbdur:2 q:32.55 aq:23.29 tex:12408 mv:9967 misc:2689 imb:548 pmb:671 smb:3101 d:s ref:0 ;
in:1276 out:1277 type:B dur:2 cpbdur:2 q:32.56 aq:23.68 tex:1109 mv:3928 misc:1915 imb:40 pmb:469 smb:3811 d:s ref:0 ;
in:1277 out:1278 type:b dur:2 cpbdur:2 q:32.56 aq:27.68 tex:341 mv:1329 misc:730 imb:3 pmb:119 smb:4198 d:- ref:0 ;
in:1281 out:1279 type:P dur:2 cpbdur:2 q:32.59 aq:20.52 tex:1769 mv:3504 misc:1615 imb:63 pmb:309 smb:3948 d:s ref:0 ;
in:1279 out:1280 type:B dur:2 cpbdur:2 q:32.57 aq:22.87 tex:295 mv:945 misc:1344 imb:14 pmb:313 smb:3993 d:s ref:0 ;
in:1280 out:1281 type:b dur:2 cpbdur:2 q:32.58 aq:26.50 tex:646 mv:2592 misc:1434 imb:10 pmb:379 smb:3931 d:- ref:0 ;
in:1284 out:1282 type:P dur:2 cpbdur:2 q:32.56 aq:19.81 tex:31932 mv:8238 misc:1486 imb:1291 pmb:304 smb:2725 d:s ref:0 ;
in:1282 out:1283 type:B dur:2 cpbdur:2 q:32.58 aq:25.59 tex:4974 mv:9636 misc:2326 imb:164 pmb:809 smb:3347 d:s ref:0 ;
in:1283 out:1284 type:b dur:2 cpbdur:2 q:32.57 aq:24.82 tex:2132 mv:6183 misc:1893 imb:95 pmb:577 smb:3648 d:- ref:0 ;
in:1286 out:1285 type:P dur:2 cpbdur:2 q:32.63 aq:17.94 tex:16019 mv:6383 misc:1430 imb:537 pmb:374 smb:3409 d:s ref:0 ;
in:1285 out:1286 type:b dur:2 cpbdur:2 q:32.59 aq:26.08 tex:1376 mv:3946 misc:1678 imb:49 pmb:445 smb:3826 d:s ref:0 ;
in:1290 out:1287 type:P dur:2 cpbdur:2 q:32.63 aq:16.38 tex:16513 mv:5688 misc:1079 imb:427 pmb:338 smb:3555 d:s ref:0 ;
in:1288 out:1288 type:B dur:2 cpbdur:2 q:32.63 aq:21.64 tex:1712 mv:4364 misc:1412 imb:49 pmb:411 smb:3860 d:s ref:0 ;
in:1287 out:1289 type:b dur:2 cpbdur:2 q:32.63 aq:25.05 tex:1252 mv:4436 misc:1312 imb:39 pmb:410 smb:3871 d:s ref:0 ;
in:1289 out:1290 type:b dur:2 cpbdur:2 q:32.63 aq:24.05 tex:352 mv:2264 misc:984 imb:10 pmb:256 smb:4054 d:- ref:0 ;
in:1294 out:1291 type:P dur:2 cpbdur:2 q:32.54 aq:19.25 tex:11856 mv:4671 misc:1033 imb:242 pmb:309 smb:3769 d:s ref:0 ;
in:1292 out:1292 type:B dur:2 cpbdur:2 q:32.58 aq:20.37 tex:1037 mv:3891 misc:1000 imb:20 pmb:340 smb:3960 d:s ref:0 ;
in:1291 out:1293 type:b dur:2 cpbdur:2 q:32.61 aq:23.74 tex:586 mv:552 misc:726 imb:3 pmb:148 smb:4169 d:s ref:0 ;
in:1293 out:1294 type:b dur:2 cpbdur:2 q:32.56 aq:23.16 tex:457 mv:2700 misc:899 imb:12 pmb:252 smb:4056 d:- ref:0 ;
in:1298 out:1295 type:P dur:2 cpbdur:2 q:32.45 aq:23.21 tex:4873 mv:3782 misc:977 imb:88 pmb:305 smb:3927 d:s ref:0 ;
in:1296 out:1296 type:B dur:2 cpbdur:2 q:32.50 aq:20.74 tex:866 mv:1154 misc:844 imb:7 pmb:171 smb:4142 d:s ref:0 ;
in:1295 out:1297 type:b dur:2 cpbdur:2 q:32.52 aq:22.68 tex:106 mv:68 misc:298 imb:0 pmb:8 smb:4312 d:s ref:0 ;
in:1297 out:1298 type:b dur:2 cpbdur:2 q:32.47 aq:18.37 tex:388 mv:2196 misc:896 imb:13 pmb:219 smb:4088 d:- ref:0 ;
in:1302 out:1299 type:P dur:2 cpbdur:2 q:32.30 aq:21.81 tex:49809 mv:9400 misc:1791 imb:560 pmb:754 smb:3006 d:s ref:0 ;
in:1300 out:1300 type:B dur:2 cpbdur:2 q:32.37 aq:27.88 tex:4050 mv:5946 misc:1756 imb:176 pmb:484 smb:3660 d:s ref:0 ;
in:1299 out:1301 type:b dur:2 cpbdur:2 q:32.41 aq:31.44 tex:2915 mv:4421 misc:1720 imb:50 pmb:556 smb:3714 d:s ref:0 ;
in:1301 out:1302 type:b dur:2 cpbdur:2 q:32.33 aq:29.08 tex:748 mv:3882 misc:1562 imb:106 pmb:381 smb:3833 d:- ref:0 ;
in:1306 out:1303 type:P dur:2 cpbdur:2 q:32.56 aq:22.07 tex:39881 mv:6306 misc:1989 imb:320 pmb:751 smb:3249 d:s ref:0 ;
in:1304 out:1304 type:B dur:2 cpbdur:2 q:32.43 aq:21.98 tex:1198 mv:3237 misc:1365 imb:75 pmb:316 smb:3929 d:s ref:0 ;
in:1303 out:1305 type:b dur:2 cpbdur:2 q:32.36 aq:29.96 tex:233 mv:1622 misc:769 imb:32 pmb:143 smb:4145 d:s ref:0 ;
in:1305 out:1306 type:b dur:2 cpbdur:2 q:32.50 aq:19.07 tex:498 mv:1529 misc:949 imb:36 pmb:230 smb:4054 d:- ref:0 ;
in:1310 out:1307 type:P dur:2 cpbdur:2 q:32.70 aq:22.18 tex:38570 mv:5742 misc:1912 imb:240 pmb:753 smb:3327 d:s ref:0 ;
in:1308 out:1308 type:B dur:2 cpbdur:2 q:32.63 aq:29.64 tex:2649 mv:2203 misc:1220 imb:46 pmb:238 smb:4036 d:s ref:0 ;
in:1307 out:1309 type:b dur:2 cpbdur:2 q:32.60 aq:30.84 tex:1328 mv:1878 misc:1170 imb:49 pmb:204 smb:4067 d:s ref:0 ;
in:1309 out:1310 type:b dur:2 cpbdur:2 q:32.66 aq:36.43 tex:3137 mv:1039 misc:864 imb:10 pmb:155 smb:4155 d:- ref:0 ;
in:1314 out:1311 type:P dur:2 cpbdur:2 q:32.77 aq:21.78 tex:54156 mv:5217 misc:1899 imb:297 pmb:695 smb:3328 d:s ref:0 ;
in:1312 out:1312 type:B dur:2 cpbdur:2 q:32.73 aq:33.67 tex:4209 mv:1776 misc:1159 imb:29 pmb:247 smb:4044 d:s ref:0 ;
in:1311 out:1313 type:b dur:2 cpbdur:2 q:32.71 aq:36.31 tex:2148 mv:1204 misc:672 imb:53 pmb:99 smb:4168 d:s ref:0 ;
in:1313 out:1314 type:b dur:2 cpbdur:2 q:32.75 aq:33.69 tex:152 mv:283 misc:397 imb:2 pmb:28 smb:4290 d:- ref:0 ;
in:1318 out:1315 type:P dur:2 cpbdur:2 q:32.86 aq:22.03 tex:53254 mv:8203 misc:2007 imb:327 pmb:896 smb:3097 d:s ref:0 ;
in:1316 out:1316 type:B dur:2 cpbdur:2 q:32.81 aq:26.29 tex:435 mv:1168 misc:853 imb:12 pmb:170 smb:4138 d:s ref:0 ;
in:1315 out:1317 type:b dur:2 cpbdur:2 q:32.79 aq:35.51 tex:169 mv:144 misc:295 imb:2 pmb:8 smb:4310 d:s ref:0 ;
in:1317 out:1318 type:b dur:2 cpbdur:2 q:32.84 aq:27.70 tex:187 mv:2537 misc:1068 imb:10 pmb:266 smb:4044 d:- ref:0 ;
in:1320 out:1319 type:P dur:2 cpbdur:2 q:33.22 aq:23.63 tex:23916 mv:8101 misc:2087 imb:282 pmb:884 smb:3154 d:s ref:0 ;
in:1319 out:1320 type:b dur:2 cpbdur:2 q:33.04 aq:22.53 tex:209 mv:2839 misc:1176 imb:11 pmb:321 smb:3988 d:s ref:0 ;
in:1322 out:1321 type:P dur:2 cpbdur:2 q:33.33 aq:24.88 tex:12535 mv:1567 misc:1778 imb:131 pmb:370 smb:3819 d:s ref:0 ;
in:1321 out:1322 type:b dur:2 cpbdur:2 q:33.27 aq:38.00 tex:2 mv:36 misc:274 imb:0 pmb:7 smb:4313 d:t ref:0 ;
in:1326 out:1323 type:P dur:2 cpbdur:2 q:33.28 aq:26.20 tex:4796 mv:771 misc:1265 imb:28 pmb:183 smb:4109 d:s ref:0 ;
in:1324 out:1324 type:B dur:2 cpbdur:2 q:33.30 aq:23.28 tex:43 mv:131 misc:314 imb:8 pmb:6 smb:4306 d:s ref:0 ;
in:1323 out:1325 type:b dur:2 cpbdur:2 q:33.32 aq:38.00 tex:2 mv:31 misc:263 imb:0 pmb:5 smb:4315 d:t ref:0 ;
in:1325 out:1326 type:b dur:2 cpbdur:2 q:33.29 aq:38.00 tex:37 mv:19 misc:264 imb:0 pmb:3 smb:4317 d:- ref:0 ;
in:1330 out:1327 type:P dur:2 cpbdur:2 q:33.20 aq:26.41 tex:1964 mv:267 misc:553 imb:26 pmb:39 smb:4255 d:s ref:0 ;
in:1328 out:1328 type:B dur:2 cpbdur:2 q:33.24 aq:37.00 tex:47 mv:60 misc:293 imb:0 pmb:11 smb:4309 d:s ref:0 ;
in:1327 out:1329 type:b dur:2 cpbdur:2 q:33.26 aq:38.00 tex:0 mv:25 misc:263 imb:0 pmb:2 smb:4318 d:s ref:0 ;
in:1329 out:1330 type:b dur:2 cpbdur:2 q:33.22 aq:34.98 tex:487 mv:140 misc:277 imb:2 pmb:9 smb:4309 d:- ref:0 ;
in:1332 out:1331 type:P dur:2 cpbdur:2 q:33.13 aq:24.74 tex:1206 mv:159 misc:395 imb:16 pmb:15 smb:4289 d:s ref:0 ;
in:1331 out:1332 type:b dur:2 cpbdur:2 q:33.17 aq:36.36 tex:568 mv:103 misc:297 imb:1 pmb:21 smb:4298 d:s ref:0 ;
in:1333 out:1333 type:P dur:2 cpbdur:2 q:33.13 aq:23.34 tex:1305 mv:189 misc:386 imb:16 pmb:13 smb:4291 d:s ref:0 ;
in:1336 out:1334 type:P dur:2 cpbdur:2 q:33.07 aq:19.70 tex:1114 mv:111 misc:375 imb:15 pmb:11 smb:4294 d:s ref:0 ;
in:1334 out:1335 type:B dur:2 cpbdur:2 q:33.11 aq:32.72 tex:743 mv:151 misc:314 imb:8 pmb:13 smb:4299 d:s ref:0 ;
in:1335 out:1336 type:b dur:2 cpbdur:2 q:33.09 aq:36.43 tex:237 mv:167 misc:284 imb:0 pmb:20 smb:4300 d:- ref:0 ;
in:1337 out:1337 type:P dur:2 cpbdur:2 q:32.76 aq:20.47 tex:1823 mv:306 misc:471 imb:27 pmb:20 smb:4273 d:s ref:0 ;
in:1338 out:1338 type:P dur:2 cpbdur:2 q:32.71 aq:14.09 tex:850 mv:240 misc:398 imb:16 pmb:14 smb:4290 d:s ref:0 ;
in:1339 out:1339 type:P dur:2 cpbdur:2 q:32.70 aq:19.70 tex:2334 mv:345 misc:425 imb:24 pmb:25 smb:4271 d:s ref:0 ;
in:1342 out:1340 type:P dur:2 cpbdur:2 q:32.67 aq:15.62 tex:1663 mv:210 misc:407 imb:26 pmb:9 smb:4285 d:s ref:0 ;
in:1340 out:1341 type:B dur:2 cpbdur:2 q:32.69 aq:31.80 tex:307 mv:193 misc:300 imb:0 pmb:11 smb:4309 d:s ref:0 ;
in:1341 out:1342 type:b dur:2 cpbdur:2 q:32.68 aq:38.86 tex:189 mv:145 misc:274 imb:0 pmb:7 smb:4313 d:- ref:0 ;
in:1344 out:1343 type:P dur:2 cpbdur:2 q:32.56 aq:22.69 tex:8947 mv:3395 misc:1722 imb:179 pmb:461 smb:3680 d:s ref:0 ;
in:1343 out:1344 type:b dur:2 cpbdur:2 q:32.61 aq:35.30 tex:3814 mv:2133 misc:1093 imb:35 pmb:234 smb:4051 d:s ref:0 ;
in:1346 out:1345 type:P dur:2 cpbdur:2 q:32.60 aq:20.55 tex:27597 mv:6703 misc:2084 imb:376 pmb:649 smb:3295 d:s ref:0 ;
in:1345 out:1346 type:b dur:2 cpbdur:2 q:32.58 aq:29.37 tex:1057 mv:2541 misc:1210 imb:34 pmb:296 smb:3990 d:s ref:0 ;
in:1350 out:1347 type:P dur:2 cpbdur:2 q:32.67 aq:18.35 tex:26948 mv:5253 misc:2079 imb:360 pmb:642 smb:3318 d:s ref:0 ;
in:1348 out:1348 type:B dur:2 cpbdur:2 q:32.64 aq:19.42 tex:1389 mv:1456 misc:1011 imb:39 pmb:204 smb:4077 d:s ref:0 ;
in:1347 out:1349 type:b dur:2 cpbdur:2 q:32.62 aq:29.29 tex:574 mv:1894 misc:1100 imb:12 pmb:228 smb:4080 d:s ref:0 ;
in:1349 out:1350 type:b dur:2 cpbdur:2 q:32.65 aq:25.37 tex:289 mv:894 misc:457 imb:70 pmb:32 smb:4218 d:- ref:0 ;
in:1354 out:1351 type:P dur:2 cpbdur:2 q:32.79 aq:20.71 tex:43548 mv:4890 misc:1906 imb:334 pmb:608 smb:3378 d:s ref:0 ;
in:1352 out:1352 type:B dur:2 cpbdur:2 q:32.73 aq:24.25 tex:2134 mv:2400 misc:954 imb:120 pmb:164 smb:4036 d:s ref:0 ;
in:1351 out:1353 type:b dur:2 cpbdur:2 q:32.70 aq:27.64 tex:1144 mv:1975 misc:793 imb:93 pmb:147 smb:4080 d:s ref:0 ;
in:1353 out:1354 type:b dur:2 cpbdur:2 q:32.76 aq:33.76 tex:1582 mv:1743 misc:899 imb:31 pmb:200 smb:4089 d:- ref:0 ;
in:1358 out:1355 type:P dur:2 cpbdur:2 q:32.85 aq:22.74 tex:49064 mv:4062 misc:1874 imb:261 pmb:560 smb:3499 d:s ref:0 ;
in:1356 out:1356 type:B dur:2 cpbdur:2 q:32.82 aq:29.67 tex:5398 mv:2113 misc:1137 imb:27 pmb:298 smb:3995 d:s ref:0 ;
in:1355 out:1357 type:b dur:2 cpbdur:2 q:32.81 aq:36.12 tex:2057 mv:1734 misc:937 imb:65 pmb:204 smb:4051 d:s ref:0 ;
in:1357 out:1358 type:b dur:2 cpbdur:2 q:32.84 aq:36.01 tex:1138 mv:418 misc:580 imb:23 pmb:48 smb:4249 d:- ref:0 ;
in:1362 out:1359 type:P dur:2 cpbdur:2 q:32.86 aq:22.86 tex:55661 mv:5407 misc:2196 imb:218 pmb:725 smb:3377 d:s ref:0 ;
in:1360 out:1360 type:B dur:2 cpbdur:2 q:32.86 aq:25.18 tex:829 mv:299 misc:440 imb:10 pmb:28 smb:4282 d:s ref:0 ;
in:1359 out:1361 type:b dur:2 cpbdur:2 q:32.85 aq:35.08 tex:309 mv:98 misc:313 imb:2 pmb:19 smb:4299 d:s ref:0 ;
in:1361 out:1362 type:b dur:2 cpbdur:2 q:32.86 aq:36.86 tex:77 mv:28 misc:271 imb:0 pmb:3 smb:4317 d:- ref:0 ;
in:1363 out:1363 type:P dur:2 cpbdur:2 q:32.97 aq:24.31 tex:14827 mv:975 misc:1478 imb:16 pmb:357 smb:3947 d:s ref:0 ;
in:1364 out:1364 type:P dur:2 cpbdur:2 q:32.95 aq:23.45 tex:21949 mv:1354 misc:1273 imb:52 pmb:386 smb:3882 d:s ref:0 ;
in:1365 out:1365 type:P dur:2 cpbdur:2 q:32.92 aq:22.94 tex:14815 mv:1365 misc:1724 imb:55 pmb:363 smb:3902 d:s ref:0 ;
in:1367 out:1366 type:P dur:2 cpbdur:2 q:32.87 aq:23.38 tex:17633 mv:1104 misc:1391 imb:51 pmb:342 smb:3927 d:s ref:0 ;
in:1366 out:1367 type:b dur:2 cpbdur:2 q:32.89 aq:20.12 tex:886 mv:116 misc:294 imb:5 pmb:20 smb:4295 d:s ref:0 ;
in:1370 out:1368 type:P dur:2 cpbdur:2 q:32.77 aq:24.27 tex:6796 mv:1058 misc:1170 imb:151 pmb:158 smb:4011 d:s ref:0 ;
in:1368 out:1369 type:B dur:2 cpbdur:2 q:32.84 aq:19.09 tex:448 mv:209 misc:319 imb:4 pmb:20 smb:4296 d:s ref:0 ;
in:1369 out:1370 type:b dur:2 cpbdur:2 q:32.80 aq:21.44 tex:299 mv:196 misc:281 imb:2 pmb:17 smb:4301 d:- ref:0 ;
in:1371 out:1371 type:P dur:2 cpbdur:2 q:32.75 aq:24.21 tex:3086 mv:388 misc:750 imb:20 pmb:78 smb:4222 d:s ref:0 ;
in:1372 out:1372 type:P dur:2 cpbdur:2 q:32.69 aq:22.44 tex:2968 mv:322 misc:646 imb:11 pmb:63 smb:4246 d:s ref:0 ;
in:1376 out:1373 type:P dur:2 cpbdur:2 q:32.78 aq:26.03 tex:2788 mv:273 misc:531 imb:7 pmb:38 smb:4275 d:s ref:0 ;
in:1374 out:1374 type:B dur:2 cpbdur:2 q:32.73 aq:22.61 tex:496 mv:136 misc:296 imb:0 pmb:12 smb:4308 d:s ref:0 ;
in:1373 out:1375 type:b dur:2 cpbdur:2 q:32.71 aq:24.83 tex:295 mv:172 misc:285 imb:0 pmb:10 smb:4310 d:s ref:0 ;
in:1375 out:1376 type:b dur:2 cpbdur:2 q:32.76 aq:26.31 tex:185 mv:125 misc:274 imb:0 pmb:6 smb:4314 d:- ref:0 ;
in:1379 out:1377 type:P dur:2 cpbdur:2 q:32.75 aq:24.05 tex:16538 mv:4193 misc:1149 imb:240 pmb:302 smb:3778 d:s ref:0 ;
in:1377 out:1378 type:B dur:2 cpbdur:2 q:32.77 aq:25.82 tex:105 mv:135 misc:312 imb:0 pmb:11 smb:4309 d:s ref:0 ;
in:1378 out:1379 type:b dur:2 cpbdur:2 q:32.76 aq:24.70 tex:271 mv:147 misc:318 imb:3 pmb:13 smb:4304 d:- ref:0 ;
in:1381 out:1380 type:P dur:2 cpbdur:2 q:32.68 aq:22.02 tex:6233 mv:2028 misc:1379 imb:55 pmb:286 smb:3979 d:s ref:0 ;
in:1380 out:1381 type:b dur:2 cpbdur:2 q:32.72 aq:25.38 tex:65 mv:54 misc:281 imb:0 pmb:7 smb:4313 d:s ref:0 ;
in:1385 out:1382 type:P dur:2 cpbdur:2 q:32.78 aq:21.13 tex:2356 mv:609 misc:763 imb:14 pmb:112 smb:4194 d:s ref:0 ;
in:1383 out:1383 type:B dur:2 cpbdur:2 q:32.73 aq:25.90 tex:118 mv:23 misc:299 imb:0 pmb:5 smb:4315 d:s ref:0 ;
in:1382 out:1384 type:b dur:2 cpbdur:2 q:32.71 aq:27.90 tex:60 mv:7 misc:269 imb:0 pmb:2 smb:4318 d:s ref:0 ;
in:1384 out:1385 type:b dur:2 cpbdur:2 q:32.76 aq:18.00 tex:0 mv:0 misc:256 imb:0 pmb:0 smb:4320 d:- ref:0 ;
in:1389 out:1386 type:P dur:2 cpbdur:2 q:32.85 aq:24.89 tex:4516 mv:1301 misc:799 imb:22 pmb:159 smb:4139 d:s ref:0 ;
in:1387 out:1387 type:B dur:2 cpbdur:2 q:32.81 aq:17.00 tex:24 mv:160 misc:552 imb:1 pmb:60 smb:4259 d:s ref:0 ;
in:1386 out:1388 type:b dur:2 cpbdur:2 q:32.80 aq:18.00 tex:0 mv:0 misc:256 imb:0 pmb:0 smb:4320 d:s ref:0 ;
in:1388 out:1389 type:b dur:2 cpbdur:2 q:32.83 aq:18.00 tex:14 mv:99 misc:415 imb:0 pmb:31 smb:4289 d:- ref:0 ;
in:1392 out:1390 type:P dur:2 cpbdur:2 q:32.80 aq:18.53 tex:15815 mv:4395 misc:990 imb:150 pmb:344 smb:3826 d:s ref:0 ;
in:1390 out:1391 type:B dur:2 cpbdur:2 q:32.83 aq:17.00 tex:0 mv:0 misc:272 imb:0 pmb:0 smb:4320 d:s ref:0 ;
in:1391 out:1392 type:b dur:2 cpbdur:2 q:32.81 aq:22.49 tex:67 mv:25 misc:276 imb:0 pmb:3 smb:4317 d:- ref:0 ;
in:1396 out:1393 type:P dur:2 cpbdur:2 q:32.83 aq:18.25 tex:9590 mv:2233 misc:1185 imb:56 pmb:334 smb:3930 d:s ref:0 ;
in:1394 out:1394 type:B dur:2 cpbdur:2 q:32.81 aq:17.00 tex:8 mv:54 misc:322 imb:0 pmb:9 smb:4311 d:s ref:0 ;
in:1393 out:1395 type:b dur:2 cpbdur:2 q:32.81 aq:18.00 tex:0 mv:0 misc:256 imb:0 pmb:0 smb:4320 d:s ref:0 ;
in:1395 out:1396 type:b dur:2 cpbdur:2 q:32.82 aq:25.82 tex:78 mv:120 misc:282 imb:0 pmb:8 smb:4312 d:- ref:0 ;
in:1399 out:1397 type:P dur:2 cpbdur:2 q:32.71 aq:20.89 tex:2521 mv:445 misc:738 imb:13 pmb:73 smb:4234 d:s ref:0 ;
in:1397 out:1398 type:B dur:2 cpbdur:2 q:32.79 aq:25.31 tex:436 mv:201 misc:299 imb:0 pmb:12 smb:4308 d:s ref:0 ;
in:1398 out:1399 type:b dur:2 cpbdur:2 q:32.75 aq:24.34 tex:145 mv:108 misc:275 imb:0 pmb:10 smb:4310 d:- ref:0 ;
in:1400 out:1400 type:P dur:2 cpbdur:2 q:32.54 aq:21.80 tex:1179 mv:324 misc:585 imb:13 pmb:45 smb:4262 d:s ref:0 ;
in:1402 out:1401 type:P dur:2 cpbdur:2 q:32.51 aq:20.85 tex:702 mv:293 misc:429 imb:13 pmb:15 smb:4292 d:s ref:0 ;
in:1401 out:1402 type:b dur:2 cpbdur:2 q:32.53 aq:23.06 tex:107 mv:114 misc:283 imb:0 pmb:11 smb:4309 d:t ref:0 ;
in:1406 out:1403 type:P dur:2 cpbdur:2 q:32.39 aq:22.26 tex:1341 mv:258 misc:385 imb:15 pmb:17 smb:4288 d:s ref:0 ;
in:1404 out:1404 type:B dur:2 cpbdur:2 q:32.45 aq:22.79 tex:406 mv:183 misc:307 imb:0 pmb:18 smb:4302 d:s ref:0 ;
in:1403 out:1405 type:b dur:2 cpbdur:2 q:32.48 aq:23.20 tex:131 mv:176 misc:277 imb:1 pmb:11 smb:4308 d:s ref:0 ;
in:1405 out:1406 type:b dur:2 cpbdur:2 q:32.42 aq:21.52 tex:215 mv:169 misc:280 imb:0 pmb:16 smb:4304 d:- ref:0 ;
in:1407 out:1407 type:P dur:2 cpbdur:2 q:32.23 aq:25.14 tex:1091 mv:225 misc:380 imb:8 pmb:14 smb:4298 d:s ref:0 ;
in:1411 out:1408 type:P dur:2 cpbdur:2 q:32.20 aq:25.82 tex:1884 mv:327 misc:421 imb:15 pmb:15 smb:4290 d:s ref:0 ;
in:1409 out:1409 type:B dur:2 cpbdur:2 q:32.21 aq:21.54 tex:493 mv:194 misc:297 imb:0 pmb:14 smb:4306 d:t ref:0 ;
in:1408 out:1410 type:b dur:2 cpbdur:2 q:32.22 aq:22.18 tex:235 mv:184 misc:277 imb:0 pmb:9 smb:4311 d:s ref:0 ;
in:1410 out:1411 type:b dur:2 cpbdur:2 q:32.21 aq:22.21 tex:194 mv:87 misc:271 imb:0 pmb:7 smb:4313 d:- ref:0 ;
in:1415 out:1412 type:P dur:2 cpbdur:2 q:31.99 aq:22.65 tex:24933 mv:5006 misc:1957 imb:275 pmb:607 smb:3438 d:s ref:0 ;
in:1413 out:1413 type:B dur:2 cpbdur:2 q:32.09 aq:21.25 tex:173 mv:665 misc:530 imb:71 pmb:44 smb:4205 d:s ref:0 ;
in:1412 out:1414 type:b dur:2 cpbdur:2 q:32.15 aq:22.36 tex:190 mv:97 misc:273 imb:0 pmb:5 smb:4315 d:s ref:0 ;
in:1414 out:1415 type:b dur:2 cpbdur:2 q:32.04 aq:34.98 tex:4609 mv:2710 misc:1209 imb:145 pmb:231 smb:3944 d:- ref:0 ;
in:1418 out:1416 type:P dur:2 cpbdur:2 q:31.99 aq:17.46 tex:39180 mv:6679 misc:2085 imb:449 pmb:712 smb:3159 d:s ref:0 ;
in:1416 out:1417 type:B dur:2 cpbdur:2 q:31.99 aq:31.01 tex:2317 mv:2363 misc:1024 imb:128 pmb:147 smb:4045 d:s ref:0 ;
in:1417 out:1418 type:b dur:2 cpbdur:2 q:31.99 aq:28.92 tex:1317 mv:2195 misc:976 imb:95 pmb:162 smb:4063 d:- ref:0 ;
in:1422 out:1419 type:P dur:2 cpbdur:2 q:32.06 aq:18.86 tex:49309 mv:5705 misc:1898 imb:346 pmb:580 smb:3394 d:s ref:0 ;
in:1420 out:1420 type:B dur:2 cpbdur:2 q:32.03 aq:26.87 tex:3593 mv:3866 misc:1253 imb:134 pmb:228 smb:3958 d:s ref:0 ;
in:1419 out:1421 type:b dur:2 cpbdur:2 q:32.01 aq:28.89 tex:685 mv:2443 misc:904 imb:85 pmb:178 smb:4057 d:t ref:0 ;
in:1421 out:1422 type:b dur:2 cpbdur:2 q:32.04 aq:31.28 tex:881 mv:2055 misc:896 imb:14 pmb:234 smb:4072 d:- ref:0 ;
in:1426 out:1423 type:P dur:2 cpbdur:2 q:32.11 aq:21.02 tex:48117 mv:6999 misc:2164 imb:415 pmb:701 smb:3204 d:s ref:0 ;
in:1424 out:1424 type:B dur:2 cpbdur:2 q:32.08 aq:31.71 tex:3504 mv:4233 misc:1431 imb:108 pmb:331 smb:3881 d:s ref:0 ;
in:1423 out:1425 type:b dur:2 cpbdur:2 q:32.07 aq:34.60 tex:2086 mv:2655 misc:1171 imb:46 pmb:247 smb:4027 d:s ref:0 ;
in:1425 out:1426 type:b dur:2 cpbdur:2 q:32.10 aq:34.34 tex:2735 mv:931 misc:846 imb:3 pmb:220 smb:4097 d:- ref:0 ;
in:1430 out:1427 type:P dur:2 cpbdur:2 q:32.20 aq:22.66 tex:59716 mv:5860 misc:2216 imb:255 pmb:805 smb:3260 d:s ref:0 ;
in:1428 out:1428 type:B dur:2 cpbdur:2 q:32.15 aq:33.15 tex:3711 mv:865 misc:808 imb:8 pmb:138 smb:4174 d:s ref:0 ;
in:1427 out:1429 type:b dur:2 cpbdur:2 q:32.13 aq:37.19 tex:262 mv:109 misc:309 imb:0 pmb:10 smb:4310 d:s ref:0 ;
in:1429 out:1430 type:b dur:2 cpbdur:2 q:32.18 aq:37.00 tex:79 mv:87 misc:266 imb:0 pmb:4 smb:4316 d:- ref:0 ;
in:1431 out:1431 type:P dur:2 cpbdur:2 q:32.28 aq:23.06 tex:21327 mv:1916 misc:2037 imb:78 pmb:508 smb:3734 d:s ref:0 ;
in:1432 out:1432 type:P dur:2 cpbdur:2 q:32.29 aq:22.96 tex:25779 mv:1655 misc:1606 imb:38 pmb:480 smb:3802 d:s ref:0 ;
in:1433 out:1433 type:P dur:2 cpbdur:2 q:32.28 aq:22.60 tex:17766 mv:1121 misc:1801 imb:22 pmb:434 smb:3864 d:s ref:0 ;
in:1434 out:1434 type:P dur:2 cpbdur:2 q:32.36 aq:23.55 tex:16291 mv:1208 misc:1669 imb:45 pmb:399 smb:3876 d:s ref:0 ;
in:1435 out:1435 type:P dur:2 cpbdur:2 q:32.34 aq:23.62 tex:15150 mv:822 misc:1468 imb:24 pmb:327 smb:3969 d:s ref:0 ;
in:1436 out:1436 type:P dur:2 cpbdur:2 q:32.31 aq:24.28 tex:9032 mv:603 misc:1173 imb:31 pmb:216 smb:4073 d:s ref:0 ;
in:1437 out:1437 type:P dur:2 cpbdur:2 q:32.39 aq:24.91 tex:6440 mv:476 misc:1060 imb:17 pmb:168 smb:4135 d:s ref:0 ;
in:1439 out:1438 type:P dur:2 cpbdur:2 q:32.38 aq:24.68 tex:6290 mv:540 misc:994 imb:28 pmb:153 smb:4139 d:s ref:0 ;
in:1438 out:1439 type:b dur:2 cpbdur:2 q:32.39 aq:36.57 tex:68 mv:118 misc:270 imb:0 pmb:8 smb:4312 d:t ref:0 ;
in:1443 out:1440 type:P dur:2 cpbdur:2 q:32.30 aq:21.40 tex:6654 mv:583 misc:1331 imb:15 pmb:213 smb:4092 d:s ref:0 ;
in:1441 out:1441 type:B dur:2 cpbdur:2 q:32.34 aq:34.89 tex:111 mv:95 misc:290 imb:0 pmb:7 smb:4313 d:s ref:0 ;
in:1440 out:1442 type:b dur:2 cpbdur:2 q:32.36 aq:37.66 tex:92 mv:80 misc:276 imb:0 pmb:6 smb:4314 d:s ref:0 ;
in:1442 out:1443 type:b dur:2 cpbdur:2 q:32.32 aq:35.87 tex:50 mv:77 misc:265 imb:0 pmb:6 smb:4314 d:- ref:0 ;
in:1444 out:1444 type:P dur:2 cpbdur:2 q:32.31 aq:23.20 tex:5079 mv:309 misc:972 imb:4 pmb:134 smb:4182 d:s ref:0 ;
in:1445 out:1445 type:P dur:2 cpbdur:2 q:32.41 aq:25.87 tex:963 mv:225 misc:468 imb:16 pmb:23 smb:4281 d:s ref:0 ;
in:1446 out:1446 type:P dur:2 cpbdur:2 q:32.35 aq:23.62 tex:1741 mv:316 misc:551 imb:11 pmb:43 smb:4266 d:s ref:0 ;
in:1447 out:1447 type:P dur:2 cpbdur:2 q:32.34 aq:24.98 tex:1159 mv:198 misc:459 imb:6 pmb:28 smb:4286 d:s ref:0 ;
in:1448 out:1448 type:P dur:2 cpbdur:2 q:32.27 aq:19.21 tex:3126 mv:490 misc:800 imb:34 pmb:69 smb:4217 d:s ref:0 ;
in:1452 out:1449 type:P dur:2 cpbdur:2 q:32.30 aq:26.85 tex:1962 mv:230 misc:344 imb:13 pmb:10 smb:4297 d:s ref:0 ;
in:1450 out:1450 type:B dur:2 cpbdur:2 q:32.29 aq:35.94 tex:467 mv:122 misc:299 imb:0 pmb:15 smb:4305 d:s ref:0 ;
in:1449 out:1451 type:b dur:2 cpbdur:2 q:32.28 aq:37.37 tex:332 mv:108 misc:272 imb:0 pmb:9 smb:4311 d:s ref:0 ;
in:1451 out:1452 type:b dur:2 cpbdur:2 q:32.30 aq:36.55 tex:239 mv:116 misc:277 imb:0 pmb:10 smb:4310 d:- ref:0 ;
in:1453 out:1453 type:P dur:2 cpbdur:2 q:32.41 aq:26.79 tex:497 mv:106 misc:317 imb:3 pmb:8 smb:4309 d:s ref:0 ;
in:1455 out:1454 type:P dur:2 cpbdur:2 q:32.42 aq:25.45 tex:1809 mv:174 misc:393 imb:5 pmb:18 smb:4297 d:s ref:0 ;
in:1454 out:1455 type:b dur:2 cpbdur:2 q:32.41 aq:36.73 tex:112 mv:99 misc:277 imb:0 pmb:9 smb:4311 d:t ref:0 ;
in:1457 out:1456 type:P dur:2 cpbdur:2 q:32.37 aq:24.07 tex:1140 mv:143 misc:341 imb:4 pmb:13 smb:4303 d:s ref:0 ;
in:1456 out:1457 type:b dur:2 cpbdur:2 q:32.39 aq:37.32 tex:273 mv:111 misc:272 imb:0 pmb:6 smb:4314 d:s ref:0 ;
in:1459 out:1458 type:P dur:2 cpbdur:2 q:32.30 aq:21.99 tex:1658 mv:190 misc:384 imb:8 pmb:13 smb:4299 d:s ref:0 ;
in:1458 out:1459 type:b dur:2 cpbdur:2 q:32.34 aq:36.51 tex:77 mv:132 misc:271 imb:0 pmb:8 smb:4312 d:s ref:0 ;
in:1463 out:1460 type:P dur:2 cpbdur:2 q:32.21 aq:25.07 tex:1895 mv:165 misc:380 imb:4 pmb:24 smb:4292 d:s ref:0 ;
in:1461 out:1461 type:B dur:2 cpbdur:2 q:32.26 aq:35.28 tex:125 mv:90 misc:297 imb:0 pmb:8 smb:4312 d:s ref:0 ;
in:1460 out:1462 type:b dur:2 cpbdur:2 q:32.28 aq:38.00 tex:11 mv:83 misc:274 imb:0 pmb:6 smb:4314 d:s ref:0 ;
in:1462 out:1463 type:b dur:2 cpbdur:2 q:32.23 aq:36.53 tex:134 mv:41 misc:265 imb:0 pmb:6 smb:4314 d:- ref:0 ;
in:1467 out:1464 type:P dur:2 cpbdur:2 q:32.06 aq:25.38 tex:1891 mv:192 misc:405 imb:3 pmb:30 smb:4287 d:s ref:0 ;
in:1465 out:1465 type:B dur:2 cpbdur:2 q:32.13 aq:35.35 tex:244 mv:146 misc:290 imb:0 pmb:9 smb:4311 d:s ref:0 ;
in:1464 out:1466 type:b dur:2 cpbdur:2 q:32.17 aq:38.00 tex:2 mv:99 misc:275 imb:0 pmb:8 smb:4312 d:t ref:0 ;
in:1466 out:1467 type:b dur:2 cpbdur:2 q:32.09 aq:36.71 tex:138 mv:105 misc:269 imb:0 pmb:6 smb:4314 d:- ref:0 ;
in:1468 out:1468 type:P dur:2 cpbdur:2 q:31.93 aq:21.29 tex:3705 mv:432 misc:887 imb:18 pmb:97 smb:4205 d:s ref:0 ;
in:1471 out:1469 type:P dur:2 cpbdur:2 q:31.88 aq:24.28 tex:2291 mv:279 misc:534 imb:9 pmb:43 smb:4268 d:s ref:0 ;
in:1469 out:1470 type:B dur:2 cpbdur:2 q:31.91 aq:35.14 tex:51 mv:117 misc:288 imb:0 pmb:6 smb:4314 d:s ref:0 ;
in:1470 out:1471 type:b dur:2 cpbdur:2 q:31.89 aq:36.14 tex:33 mv:99 misc:268 imb:0 pmb:6 smb:4314 d:- ref:0 ;
in:1475 out:1472 type:P dur:2 cpbdur:2 q:31.75 aq:14.68 tex:1557 mv:288 misc:531 imb:19 pmb:30 smb:4271 d:s ref:0 ;
in:1473 out:1473 type:B dur:2 cpbdur:2 q:31.81 aq:34.55 tex:230 mv:87 misc:283 imb:0 pmb:6 smb:4314 d:s ref:0 ;
in:1472 out:1474 type:b dur:2 cpbdur:2 q:31.84 aq:36.43 tex:58 mv:100 misc:274 imb:0 pmb:6 smb:4314 d:t ref:0 ;
in:1474 out:1475 type:b dur:2 cpbdur:2 q:31.78 aq:37.00 tex:39 mv:75 misc:270 imb:0 pmb:5 smb:4315 d:- ref:0 ;
in:1479 out:1476 type:P dur:2 cpbdur:2 q:31.62 aq:24.80 tex:1726 mv:174 misc:468 imb:3 pmb:38 smb:4279 d:s ref:0 ;
in:1477 out:1477 type:B dur:2 cpbdur:2 q:31.69 aq:35.51 tex:187 mv:41 misc:284 imb:0 pmb:7 smb:4313 d:s ref:0 ;
in:1476 out:1478 type:b dur:2 cpbdur:2 q:31.72 aq:37.00 tex:119 mv:77 misc:268 imb:0 pmb:7 smb:4313 d:s ref:0 ;
in:1478 out:1479 type:b dur:2 cpbdur:2 q:31.66 aq:35.78 tex:40 mv:18 misc:262 imb:0 pmb:3 smb:4317 d:- ref:0 ;
in:1483 out:1480 type:P dur:2 cpbdur:2 q:31.50 aq:23.52 tex:1176 mv:51 misc:445 imb:0 pmb:30 smb:4290 d:s ref:0 ;
in:1481 out:1481 type:B dur:2 cpbdur:2 q:31.56 aq:35.00 tex:0 mv:0 misc:272 imb:0 pmb:0 smb:4320 d:s ref:0 ;
in:1480 out:1482 type:b dur:2 cpbdur:2 q:31.59 aq:37.00 tex:0 mv:0 misc:256 imb:0 pmb:0 smb:4320 d:s ref:0 ;
in:1482 out:1483 type:b dur:2 cpbdur:2 q:31.53 aq:37.00 tex:0 mv:0 misc:256 imb:0 pmb:0 smb:4320 d:- ref:0 ;
in:1486 out:1484 type:P dur:2 cpbdur:2 q:31.32 aq:23.32 tex:1664 mv:231 misc:489 imb:9 pmb:32 smb:4279 d:s ref:0 ;
in:1484 out:1485 type:B dur:2 cpbdur:2 q:31.44 aq:36.00 tex:55 mv:58 misc:295 imb:0 pmb:7 smb:4313 d:t ref:0 ;
in:1485 out:1486 type:b dur:2 cpbdur:2 q:31.38 aq:35.85 tex:175 mv:119 misc:274 imb:0 pmb:8 smb:4312 d:- ref:0 ;
in:1487 out:1487 type:P dur:2 cpbdur:2 q:31.21 aq:22.48 tex:2958 mv:571 misc:687 imb:87 pmb:64 smb:4169 d:s ref:0 ;
in:1491 out:1488 type:P dur:2 cpbdur:2 q:31.19 aq:25.55 tex:2550 mv:257 misc:409 imb:8 pmb:28 smb:4284 d:s ref:0 ;
in:1489 out:1489 type:B dur:2 cpbdur:2 q:31.20 aq:34.07 tex:1137 mv:122 misc:301 imb:2 pmb:16 smb:4302 d:t ref:0 ;
in:1488 out:1490 type:b dur:2 cpbdur:2 q:31.21 aq:35.40 tex:201 mv:176 misc:279 imb:0 pmb:10 smb:4310 d:s ref:0 ;
in:1490 out:1491 type:b dur:2 cpbdur:2 q:31.20 aq:35.71 tex:262 mv:207 misc:283 imb:0 pmb:12 smb:4308 d:- ref:0 ;
in:1495 out:1492 type:P dur:2 cpbdur:2 q:31.04 aq:18.53 tex:4879 mv:218 misc:455 imb:8 pmb:48 smb:4264 d:s ref:0 ;
in:1493 out:1493 type:B dur:2 cpbdur:2 q:31.12 aq:33.79 tex:545 mv:135 misc:304 imb:0 pmb:15 smb:4305 d:s ref:0 ;
in:1492 out:1494 type:b dur:2 cpbdur:2 q:31.15 aq:35.85 tex:338 mv:186 misc:284 imb:0 pmb:11 smb:4309 d:s ref:0 ;
in:1494 out:1495 type:b dur:2 cpbdur:2 q:31.08 aq:35.56 tex:144 mv:129 misc:279 imb:0 pmb:9 smb:4311 d:- ref:0 ;
in:1496 out:1496 type:P dur:2 cpbdur:2 q:30.93 aq:22.25 tex:3216 mv:175 misc:617 imb:4 pmb:66 smb:4250 d:s ref:0 ;
in:1499 out:1497 type:P dur:2 cpbdur:2 q:30.90 aq:31.76 tex:7150 mv:2867 misc:823 imb:159 pmb:181 smb:3980 d:s ref:0 ;
in:1497 out:1498 type:B dur:2 cpbdur:2 q:30.92 aq:36.00 tex:19 mv:265 misc:588 imb:0 pmb:88 smb:4232 d:s ref:0 ;
in:1498 out:1499 type:b dur:2 cpbdur:2 q:30.91 aq:33.63 tex:579 mv:422 misc:343 imb:15 pmb:17 smb:4288 d:- ref:0 ;
in:1500 out:1500 type:I dur:2 cpbdur:2 q:28.56 aq:13.28 tex:199312 mv:33237 misc:523 imb:4320 pmb:0 smb:0 d:s ref:;
in:1504 out:1501 type:P dur:2 cpbdur:2 q:31.81 aq:23.90 tex:1482 mv:458 misc:508 imb:23 pmb:46 smb:4251 d:s ref:0 ;
in:1502 out:1502 type:B dur:2 cpbdur:2 q:31.81 aq:32.43 tex:239 mv:191 misc:378 imb:2 pmb:27 smb:4291 d:s ref:0 ;
in:1501 out:1503 type:b dur:2 cpbdur:2 q:31.81 aq:37.00 tex:2 mv:9 misc:261 imb:0 pmb:2 smb:4318 d:s ref:0 ;
in:1503 out:1504 type:b dur:2 cpbdur:2 q:31.81 aq:37.00 tex:0 mv:3 misc:261 imb:0 pmb:1 smb:4319 d:- ref:0 ;
in:1506 out:1505 type:P dur:2 cpbdur:2 q:31.71 aq:24.67 tex:10985 mv:3542 misc:1025 imb:169 pmb:270 smb:3881 d:s ref:0 ;
in:1505 out:1506 type:b dur:2 cpbdur:2 q:31.76 aq:34.26 tex:362 mv:82 misc:388 imb:0 pmb:32 smb:4288 d:s ref:0 ;
in:1509 out:1507 type:P dur:2 cpbdur:2 q:31.72 aq:27.83 tex:5005 mv:1635 misc:816 imb:30 pmb:197 smb:4093 d:s ref:0 ;
in:1507 out:1508 type:B dur:2 cpbdur:2 q:31.71 aq:29.76 tex:395 mv:460 misc:537 imb:4 pmb:62 smb:4254 d:s ref:0 ;
in:1508 out:1509 type:b dur:2 cpbdur:2 q:31.72 aq:32.22 tex:713 mv:1036 misc:667 imb:15 pmb:113 smb:4192 d:- ref:0 ;
in:1513 out:1510 type:P dur:2 cpbdur:2 q:31.70 aq:25.52 tex:18261 mv:4269 misc:966 imb:278 pmb:281 smb:3761 d:s ref:0 ;
in:1511 out:1511 type:B dur:2 cpbdur:2 q:31.71 aq:31.35 tex:4472 mv:2981 misc:843 imb:36 pmb:245 smb:4039 d:s ref:0 ;
in:1510 out:1512 type:b dur:2 cpbdur:2 q:31.72 aq:32.03 tex:129 mv:409 misc:750 imb:5 pmb:140 smb:4175 d:s ref:0 ;
in:1512 out:1513 type:b dur:2 cpbdur:2 q:31.70 aq:32.97 tex:150 mv:498 misc:752 imb:2 pmb:140 smb:4178 d:- ref:0 ;
in:1516 out:1514 type:P dur:2 cpbdur:2 q:31.68 aq:23.23 tex:16821 mv:4433 misc:1114 imb:210 pmb:395 smb:3715 d:s ref:0 ;
in:1514 out:1515 type:B dur:2 cpbdur:2 q:31.69 aq:33.85 tex:512 mv:164 misc:308 imb:7 pmb:13 smb:4300 d:s ref:0 ;
in:1515 out:1516 type:b dur:2 cpbdur:2 q:31.68 aq:32.08 tex:205 mv:162 misc:401 imb:2 pmb:37 smb:4281 d:- ref:0 ;
in:1520 out:1517 type:P dur:2 cpbdur:2 q:31.68 aq:27.99 tex:2640 mv:774 misc:842 imb:23 pmb:142 smb:4155 d:s ref:0 ;
in:1518 out:1518 type:B dur:2 cpbdur:2 q:31.68 aq:33.41 tex:61 mv:57 misc:338 imb:1 pmb:15 smb:4304 d:s ref:0 ;
in:1517 out:1519 type:b dur:2 cpbdur:2 q:31.68 aq:37.00 tex:0 mv:0 misc:256 imb:0 pmb:0 smb:4320 d:s ref:0 ;
in:1519 out:1520 type:b dur:2 cpbdur:2 q:31.68 aq:37.00 tex:0 mv:0 misc:256 imb:0 pmb:0 smb:4320 d:- ref:0 ;
in:1524 out:1521 type:P dur:2 cpbdur:2 q:31.44 aq:21.65 tex:21560 mv:4502 misc:1154 imb:182 pmb:364 smb:3774 d:s ref:0 ;
in:1522 out:1522 type:B dur:2 cpbdur:2 q:31.56 aq:33.23 tex:675 mv:382 misc:383 imb:13 pmb:36 smb:4271 d:s ref:0 ;
in:1521 out:1523 type:b dur:2 cpbdur:2 q:31.62 aq:31.62 tex:43 mv:262 misc:631 imb:2 pmb:102 smb:4216 d:s ref:0 ;
in:1523 out:1524 type:b dur:2 cpbdur:2 q:31.50 aq:35.28 tex:329 mv:126 misc:329 imb:2 pmb:25 smb:4293 d:- ref:0 ;
in:1526 out:1525 type:P dur:2 cpbdur:2 q:31.43 aq:21.04 tex:19496 mv:4018 misc:1190 imb:163 pmb:466 smb:3691 d:s ref:0 ;
in:1525 out:1526 type:b dur:2 cpbdur:2 q:31.44 aq:33.42 tex:107 mv:85 misc:328 imb:1 pmb:17 smb:4302 d:s ref:0 ;
in:1530 out:1527 type:P dur:2 cpbdur:2 q:31.44 aq:23.19 tex:8690 mv:1289 misc:1077 imb:30 pmb:276 smb:4014 d:s ref:0 ;
in:1528 out:1528 type:B dur:2 cpbdur:2 q:31.44 aq:35.00 tex:3 mv:19 misc:306 imb:0 pmb:10 smb:4310 d:s ref:0 ;
in:1527 out:1529 type:b dur:2 cpbdur:2 q:31.44 aq:37.00 tex:2 mv:18 misc:276 imb:0 pmb:9 smb:4311 d:s ref:0 ;
in:1529 out:1530 type:b dur:2 cpbdur:2 q:31.44 aq:37.00 tex:0 mv:0 misc:256 imb:0 pmb:0 smb:4320 d:- ref:0 ;
in:1534 out:1531 type:P dur:2 cpbdur:2 q:31.35 aq:24.68 tex:2096 mv:292 misc:596 imb:16 pmb:53 smb:4251 d:s ref:0 ;
in:1532 out:1532 type:B dur:2 cpbdur:2 q:31.40 aq:35.25 tex:316 mv:119 misc:293 imb:1 pmb:12 smb:4307 d:s ref:0 ;
in:1531 out:1533 type:b dur:2 cpbdur:2 q:31.42 aq:37.23 tex:146 mv:94 misc:272 imb:1 pmb:8 smb:4311 d:s ref:0 ;
in:1533 out:1534 type:b dur:2 cpbdur:2 q:31.38 aq:35.09 tex:305 mv:253 misc:282 imb:0 pmb:13 smb:4307 d:- ref:0 ;
in:1537 out:1535 type:P dur:2 cpbdur:2 q:31.19 aq:27.87 tex:1211 mv:159 misc:374 imb:18 pmb:11 smb:4291 d:s ref:0 ;
in:1535 out:1536 type:B dur:2 cpbdur:2 q:31.30 aq:32.55 tex:707 mv:104 misc:325 imb:4 pmb:18 smb:4298 d:s ref:0 ;
in:1536 out:1537 type:b dur:2 cpbdur:2 q:31.25 aq:33.32 tex:731 mv:113 misc:292 imb:4 pmb:18 smb:4298 d:- ref:0 ;
in:1538 out:1538 type:P dur:2 cpbdur:2 q:31.08 aq:23.94 tex:1046 mv:154 misc:344 imb:21 pmb:6 smb:4293 d:s ref:0 ;
in:1539 out:1539 type:P dur:2 cpbdur:2 q:31.05 aq:19.50 tex:838 mv:101 misc:309 imb:17 pmb:3 smb:4300 d:s ref:0 ;
in:1540 out:1540 type:P dur:2 cpbdur:2 q:30.99 aq:17.46 tex:1013 mv:142 misc:325 imb:14 pmb:3 smb:4303 d:s ref:0 ;
in:1542 out:1541 type:P dur:2 cpbdur:2 q:30.97 aq:19.97 tex:1109 mv:133 misc:310 imb:14 pmb:3 smb:4303 d:s ref:0 ;
in:1541 out:1542 type:b dur:2 cpbdur:2 q:30.98 aq:34.70 tex:155 mv:143 misc:278 imb:0 pmb:15 smb:4305 d:s ref:0 ;
in:1544 out:1543 type:P dur:2 cpbdur:2 q:30.89 aq:19.68 tex:3614 mv:675 misc:663 imb:101 pmb:59 smb:4160 d:s ref:0 ;
in:1543 out:1544 type:b dur:2 cpbdur:2 q:30.93 aq:33.95 tex:92 mv:214 misc:294 imb:1 pmb:17 smb:4302 d:s ref:0 ;
in:1548 out:1545 type:P dur:2 cpbdur:2 q:30.84 aq:18.59 tex:1254 mv:152 misc:346 imb:12 pmb:11 smb:4297 d:s ref:0 ;
in:1546 out:1546 type:B dur:2 cpbdur:2 q:30.86 aq:32.37 tex:396 mv:158 misc:286 imb:0 pmb:7 smb:4313 d:s ref:0 ;
in:1545 out:1547 type:b dur:2 cpbdur:2 q:30.88 aq:33.41 tex:339 mv:133 misc:280 imb:1 pmb:7 smb:4312 d:s ref:0 ;
in:1547 out:1548 type:b dur:2 cpbdur:2 q:30.85 aq:36.00 tex:185 mv:107 misc:268 imb:0 pmb:6 smb:4314 d:- ref:0 ;
in:1552 out:1549 type:P dur:2 cpbdur:2 q:30.68 aq:17.58 tex:49676 mv:5810 misc:1826 imb:857 pmb:586 smb:2877 d:s ref:0 ;
in:1550 out:1550 type:B dur:2 cpbdur:2 q:30.76 aq:31.28 tex:763 mv:300 misc:609 imb:2 pmb:103 smb:4215 d:s ref:0 ;
in:1549 out:1551 type:b dur:2 cpbdur:2 q:30.80 aq:36.00 tex:409 mv:63 misc:264 imb:0 pmb:5 smb:4315 d:s ref:0 ;
in:1551 out:1552 type:b dur:2 cpbdur:2 q:30.72 aq:34.50 tex:1547 mv:1161 misc:748 imb:31 pmb:121 smb:4168 d:- ref:0 ;
in:1556 out:1553 type:P dur:2 cpbdur:2 q:30.74 aq:21.63 tex:34011 mv:4998 misc:1671 imb:547 pmb:600 smb:3173 d:s ref:0 ;
in:1554 out:1554 type:B dur:2 cpbdur:2 q:30.71 aq:31.26 tex:4299 mv:1654 misc:975 imb:18 pmb:231 smb:4071 d:s ref:0 ;
in:1553 out:1555 type:b dur:2 cpbdur:2 q:30.70 aq:32.90 tex:7533 mv:3025 misc:1122 imb:96 pmb:323 smb:3901 d:t ref:0 ;
in:1555 out:1556 type:b dur:2 cpbdur:2 q:30.73 aq:33.31 tex:8083 mv:2918 misc:1079 imb:166 pmb:259 smb:3895 d:- ref:0 ;
in:1560 out:1557 type:P dur:2 cpbdur:2 q:30.84 aq:22.63 tex:22223 mv:3490 misc:1783 imb:199 pmb:592 smb:3529 d:s ref:0 ;
in:1558 out:1558 type:B dur:2 cpbdur:2 q:30.79 aq:30.39 tex:15599 mv:3376 misc:1217 imb:126 pmb:349 smb:3845 d:s ref:0 ;
in:1557 out:1559 type:b dur:2 cpbdur:2 q:30.76 aq:33.50 tex:5941 mv:2652 misc:1119 imb:135 pmb:289 smb:3896 d:s ref:0 ;
in:1559 out:1560 type:b dur:2 cpbdur:2 q:30.81 aq:26.97 tex:853 mv:367 misc:436 imb:10 pmb:40 smb:4270 d:- ref:0 ;
in:1564 out:1561 type:P dur:2 cpbdur:2 q:30.84 aq:22.91 tex:34429 mv:4201 misc:1882 imb:238 pmb:562 smb:3520 d:s ref:0 ;
in:1562 out:1562 type:B dur:2 cpbdur:2 q:30.84 aq:30.13 tex:2999 mv:856 misc:761 imb:36 pmb:102 smb:4182 d:s ref:0 ;
in:1561 out:1563 type:b dur:2 cpbdur:2 q:30.84 aq:32.78 tex:1071 mv:448 misc:433 imb:46 pmb:28 smb:4246 d:s ref:0 ;
in:1563 out:1564 type:b dur:2 cpbdur:2 q:30.84 aq:27.86 tex:595 mv:729 misc:356 imb:67 pmb:24 smb:4229 d:- ref:0 ;
in:1565 out:1565 type:P dur:2 cpbdur:2 q:30.87 aq:26.07 tex:7350 mv:1155 misc:1103 imb:93 pmb:201 smb:4026 d:s ref:0 ;
in:1566 out:1566 type:P dur:2 cpbdur:2 q:30.86 aq:26.94 tex:9682 mv:1138 misc:1124 imb:37 pmb:242 smb:4041 d:s ref:0 ;
in:1568 out:1567 type:P dur:2 cpbdur:2 q:30.95 aq:24.11 tex:25024 mv:3625 misc:1615 imb:234 pmb:454 smb:3632 d:s ref:0 ;
in:1567 out:1568 type:b dur:2 cpbdur:2 q:30.91 aq:28.13 tex:322 mv:1439 misc:807 imb:113 pmb:127 smb:4080 d:s ref:0 ;
in:1569 out:1569 type:P dur:2 cpbdur:2 q:30.97 aq:21.42 tex:40454 mv:5291 misc:1767 imb:421 pmb:605 smb:3294 d:s ref:0 ;
in:1570 out:1570 type:P dur:2 cpbdur:2 q:31.02 aq:20.20 tex:41146 mv:5330 misc:1860 imb:392 pmb:680 smb:3248 d:s ref:0 ;
in:1572 out:1571 type:P dur:2 cpbdur:2 q:31.15 aq:17.38 tex:25039 mv:5165 misc:2020 imb:311 pmb:572 smb:3437 d:s ref:0 ;
in:1571 out:1572 type:b dur:2 cpbdur:2 q:31.08 aq:28.44 tex:1227 mv:1884 misc:889 imb:36 pmb:190 smb:4094 d:s ref:0 ;
in:1574 out:1573 type:P dur:2 cpbdur:2 q:31.21 aq:22.31 tex:33621 mv:6129 misc:2098 imb:280 pmb:765 smb:3275 d:s ref:0 ;
in:1573 out:1574 type:b dur:2 cpbdur:2 q:31.18 aq:27.88 tex:954 mv:1786 misc:996 imb:28 pmb:178 smb:4114 d:s ref:0 ;
in:1578 out:1575 type:P dur:2 cpbdur:2 q:31.33 aq:17.65 tex:77730 mv:7997 misc:1921 imb:521 pmb:838 smb:2961 d:s ref:0 ;
in:1576 out:1576 type:B dur:2 cpbdur:2 q:31.27 aq:24.95 tex:4162 mv:2707 misc:1411 imb:58 pmb:299 smb:3963 d:s ref:0 ;
in:1575 out:1577 type:b dur:2 cpbdur:2 q:31.24 aq:26.65 tex:1676 mv:1379 misc:753 imb:20 pmb:140 smb:4160 d:s ref:0 ;
in:1577 out:1578 type:b dur:2 cpbdur:2 q:31.30 aq:31.06 tex:3302 mv:2185 misc:1121 imb:65 pmb:217 smb:4038 d:- ref:0 ;
in:1582 out:1579 type:P dur:2 cpbdur:2 q:31.59 aq:19.00 tex:75359 mv:8071 misc:2090 imb:548 pmb:941 smb:2831 d:s ref:0 ;
in:1580 out:1580 type:B dur:2 cpbdur:2 q:31.46 aq:28.72 tex:7256 mv:3743 misc:1545 imb:51 pmb:370 smb:3899 d:s ref:0 ;
in:1579 out:1581 type:b dur:2 cpbdur:2 q:31.40 aq:33.53 tex:4368 mv:2817 misc:1303 imb:72 pmb:262 smb:3986 d:s ref:0 ;
in:1581 out:1582 type:b dur:2 cpbdur:2 q:31.52 aq:35.07 tex:3105 mv:1774 misc:1001 imb:6 pmb:205 smb:4109 d:- ref:0 ;
in:1586 out:1583 type:P dur:2 cpbdur:2 q:31.67 aq:19.94 tex:81902 mv:6986 misc:2192 imb:272 pmb:966 smb:3082 d:s ref:0 ;
in:1584 out:1584 type:B dur:2 cpbdur:2 q:31.63 aq:32.99 tex:4216 mv:1567 misc:1089 imb:11 pmb:228 smb:4081 d:s ref:0 ;
in:1583 out:1585 type:b dur:2 cpbdur:2 q:31.61 aq:34.96 tex:2277 mv:1677 misc:942 imb:11 pmb:221 smb:4088 d:t ref:0 ;
in:1585 out:1586 type:b dur:2 cpbdur:2 q:31.65 aq:26.59 tex:317 mv:133 misc:294 imb:1 pmb:11 smb:4308 d:- ref:0 ;
in:1590 out:1587 type:P dur:2 cpbdur:2 q:31.90 aq:19.30 tex:74277 mv:6848 misc:2267 imb:416 pmb:1044 smb:2860 d:s ref:0 ;
in:1588 out:1588 type:B dur:2 cpbdur:2 q:31.79 aq:34.17 tex:260 mv:69 misc:319 imb:0 pmb:13 smb:4307 d:s ref:0 ;
in:1587 out:1589 type:b dur:2 cpbdur:2 q:31.73 aq:34.51 tex:654 mv:88 misc:274 imb:1 pmb:6 smb:4313 d:s ref:0 ;
in:1589 out:1590 type:b dur:2 cpbdur:2 q:31.84 aq:34.22 tex:636 mv:87 misc:285 imb:2 pmb:10 smb:4308 d:- ref:0 ;
in:1592 out:1591 type:P dur:2 cpbdur:2 q:32.08 aq:21.63 tex:22777 mv:1489 misc:1798 imb:66 pmb:502 smb:3752 d:s ref:0 ;
in:1591 out:1592 type:b dur:2 cpbdur:2 q:31.99 aq:35.25 tex:427 mv:83 misc:274 imb:1 pmb:7 smb:4312 d:s ref:0 ;
in:1593 out:1593 type:P dur:2 cpbdur:2 q:32.17 aq:21.98 tex:9671 mv:675 misc:1542 imb:32 pmb:279 smb:4009 d:s ref:0 ;
in:1597 out:1594 type:P dur:2 cpbdur:2 q:32.16 aq:23.18 tex:7043 mv:545 misc:1228 imb:24 pmb:191 smb:4105 d:s ref:0 ;
in:1595 out:1595 type:B dur:2 cpbdur:2 q:32.16 aq:32.64 tex:719 mv:170 misc:279 imb:3 pmb:5 smb:4312 d:s ref:0 ;
in:1594 out:1596 type:b dur:2 cpbdur:2 q:32.17 aq:34.57 tex:249 mv:108 misc:275 imb:0 pmb:8 smb:4312 d:s ref:0 ;
in:1596 out:1597 type:b dur:2 cpbdur:2 q:32.16 aq:35.00 tex:193 mv:57 misc:270 imb:0 pmb:8 smb:4312 d:- ref:0 ;
in:1601 out:1598 type:P dur:2 cpbdur:2 q:32.14 aq:19.66 tex:3714 mv:417 misc:877 imb:13 pmb:101 smb:4206 d:s ref:0 ;
in:1599 out:1599 type:B dur:2 cpbdur:2 q:32.15 aq:34.05 tex:312 mv:87 misc:281 imb:0 pmb:10 smb:4310 d:s ref:0 ;
in:1598 out:1600 type:b dur:2 cpbdur:2 q:32.15 aq:35.76 tex:199 mv:49 misc:272 imb:0 pmb:7 smb:4313 d:s ref:0 ;
in:1600 out:1601 type:b dur:2 cpbdur:2 q:32.15 aq:34.57 tex:202 mv:68 misc:274 imb:0 pmb:7 smb:4313 d:- ref:0 ;
in:1605 out:1602 type:P dur:2 cpbdur:2 q:32.16 aq:21.75 tex:2766 mv:389 misc:573 imb:12 pmb:49 smb:4259 d:s ref:0 ;
in:1603 out:1603 type:B dur:2 cpbdur:2 q:32.15 aq:33.40 tex:211 mv:109 misc:296 imb:0 pmb:12 smb:4308 d:s ref:0 ;
in:1602 out:1604 type:b dur:2 cpbdur:2 q:32.15 aq:35.68 tex:357 mv:82 misc:273 imb:0 pmb:6 smb:4314 d:s ref:0 ;
in:1604 out:1605 type:b dur:2 cpbdur:2 q:32.16 aq:34.64 tex:251 mv:98 misc:283 imb:0 pmb:10 smb:4310 d:- ref:0 ;
in:1609 out:1606 type:P dur:2 cpbdur:2 q:32.08 aq:23.01 tex:2823 mv:223 misc:466 imb:11 pmb:34 smb:4275 d:s ref:0 ;
in:1607 out:1607 type:B dur:2 cpbdur:2 q:32.12 aq:33.32 tex:432 mv:205 misc:283 imb:0 pmb:12 smb:4308 d:s ref:0 ;
in:1606 out:1608 type:b dur:2 cpbdur:2 q:32.14 aq:34.60 tex:251 mv:50 misc:275 imb:0 pmb:6 smb:4314 d:s ref:0 ;
in:1608 out:1609 type:b dur:2 cpbdur:2 q:32.10 aq:34.57 tex:383 mv:123 misc:278 imb:0 pmb:10 smb:4310 d:- ref:0 ;
in:1612 out:1610 type:P dur:2 cpbdur:2 q:32.01 aq:21.59 tex:1650 mv:268 misc:514 imb:4 pmb:41 smb:4275 d:s ref:0 ;
in:1610 out:1611 type:B dur:2 cpbdur:2 q:32.06 aq:34.36 tex:144 mv:53 misc:291 imb:0 pmb:9 smb:4311 d:t ref:0 ;
in:1611 out:1612 type:b dur:2 cpbdur:2 q:32.03 aq:34.57 tex:257 mv:103 misc:272 imb:1 pmb:7 smb:4312 d:- ref:0 ;
in:1616 out:1613 type:P dur:2 cpbdur:2 q:31.93 aq:23.38 tex:1966 mv:187 misc:487 imb:2 pmb:42 smb:4276 d:s ref:0 ;
in:1614 out:1614 type:B dur:2 cpbdur:2 q:31.97 aq:33.40 tex:280 mv:107 misc:277 imb:0 pmb:7 smb:4313 d:s ref:0 ;
in:1613 out:1615 type:b dur:2 cpbdur:2 q:31.99 aq:35.36 tex:226 mv:43 misc:267 imb:0 pmb:5 smb:4315 d:s ref:0 ;
in:1615 out:1616 type:b dur:2 cpbdur:2 q:31.95 aq:35.00 tex:131 mv:105 misc:268 imb:0 pmb:7 smb:4313 d:- ref:0 ;
in:1620 out:1617 type:P dur:2 cpbdur:2 q:31.80 aq:21.05 tex:4330 mv:303 misc:863 imb:6 pmb:107 smb:4207 d:s ref:0 ;
in:1618 out:1618 type:B dur:2 cpbdur:2 q:31.87 aq:32.99 tex:287 mv:132 misc:285 imb:1 pmb:9 smb:4310 d:s ref:0 ;
in:1617 out:1619 type:b dur:2 cpbdur:2 q:31.90 aq:34.32 tex:159 mv:98 misc:271 imb:0 pmb:8 smb:4312 d:s ref:0 ;
in:1619 out:1620 type:b dur:2 cpbdur:2 q:31.84 aq:35.72 tex:92 mv:68 misc:272 imb:0 pmb:6 smb:4314 d:- ref:0 ;
in:1621 out:1621 type:P dur:2 cpbdur:2 q:31.68 aq:20.18 tex:3832 mv:306 misc:870 imb:10 pmb:103 smb:4207 d:s ref:0 ;
in:1622 out:1622 type:P dur:2 cpbdur:2 q:31.66 aq:16.98 tex:2033 mv:288 misc:599 imb:19 pmb:43 smb:4258 d:s ref:0 ;
in:1626 out:1623 type:P dur:2 cpbdur:2 q:31.64 aq:19.41 tex:1207 mv:202 misc:415 imb:10 pmb:19 smb:4291 d:s ref:0 ;
in:1624 out:1624 type:B dur:2 cpbdur:2 q:31.65 aq:32.72 tex:561 mv:95 misc:280 imb:0 pmb:6 smb:4314 d:s ref:0 ;
in:1623 out:1625 type:b dur:2 cpbdur:2 q:31.66 aq:34.11 tex:154 mv:120 misc:270 imb:0 pmb:5 smb:4315 d:s ref:0 ;
in:1625 out:1626 type:b dur:2 cpbdur:2 q:31.65 aq:34.32 tex:232 mv:177 misc:271 imb:0 pmb:6 smb:4314 d:- ref:0 ;
in:1630 out:1627 type:P dur:2 cpbdur:2 q:31.48 aq:21.25 tex:1634 mv:237 misc:505 imb:9 pmb:35 smb:4276 d:s ref:0 ;
in:1628 out:1628 type:B dur:2 cpbdur:2 q:31.56 aq:32.89 tex:869 mv:105 misc:282 imb:1 pmb:8 smb:4311 d:s ref:0 ;
in:1627 out:1629 type:b dur:2 cpbdur:2 q:31.60 aq:34.03 tex:206 mv:117 misc:277 imb:0 pmb:8 smb:4312 d:s ref:0 ;
in:1629 out:1630 type:b dur:2 cpbdur:2 q:31.52 aq:33.15 tex:322 mv:107 misc:267 imb:0 pmb:8 smb:4312 d:- ref:0 ;
in:1634 out:1631 type:P dur:2 cpbdur:2 q:31.32 aq:21.91 tex:3588 mv:164 misc:640 imb:7 pmb:65 smb:4248 d:s ref:0 ;
in:1632 out:1632 type:B dur:2 cpbdur:2 q:31.40 aq:33.34 tex:334 mv:93 misc:285 imb:0 pmb:9 smb:4311 d:s ref:0 ;
in:1631 out:1633 type:b dur:2 cpbdur:2 q:31.44 aq:33.10 tex:292 mv:150 misc:278 imb:0 pmb:9 smb:4311 d:s ref:0 ;
in:1633 out:1634 type:b dur:2 cpbdur:2 q:31.36 aq:35.00 tex:244 mv:46 misc:270 imb:0 pmb:5 smb:4315 d:- ref:0 ;
in:1637 out:1635 type:P dur:2 cpbdur:2 q:31.26 aq:20.83 tex:5072 mv:270 misc:706 imb:8 pmb:97 smb:4215 d:s ref:0 ;
in:1635 out:1636 type:B dur:2 cpbdur:2 q:31.30 aq:32.75 tex:211 mv:66 misc:283 imb:0 pmb:7 smb:4313 d:s ref:0 ;
in:1636 out:1637 type:b dur:2 cpbdur:2 q:31.28 aq:31.92 tex:187 mv:122 misc:275 imb:0 pmb:8 smb:4312 d:- ref:0 ;
in:1641 out:1638 type:P dur:2 cpbdur:2 q:31.17 aq:22.16 tex:2452 mv:188 misc:472 imb:0 pmb:38 smb:4282 d:s ref:0 ;
in:1639 out:1639 type:B dur:2 cpbdur:2 q:31.22 aq:31.68 tex:283 mv:134 misc:279 imb:0 pmb:8 smb:4312 d:s ref:0 ;
in:1638 out:1640 type:b dur:2 cpbdur:2 q:31.24 aq:33.64 tex:234 mv:115 misc:275 imb:0 pmb:7 smb:4313 d:s ref:0 ;
in:1640 out:1641 type:b dur:2 cpbdur:2 q:31.20 aq:34.68 tex:27 mv:71 misc:270 imb:0 pmb:5 smb:4315 d:- ref:0 ;
in:1642 out:1642 type:P dur:2 cpbdur:2 q:31.04 aq:20.23 tex:2775 mv:190 misc:787 imb:1 pmb:91 smb:4228 d:s ref:0 ;
in:1646 out:1643 type:P dur:2 cpbdur:2 q:31.02 aq:21.05 tex:2376 mv:139 misc:381 imb:6 pmb:18 smb:4296 d:s ref:0 ;
in:1644 out:1644 type:B dur:2 cpbdur:2 q:31.03 aq:31.62 tex:557 mv:78 misc:293 imb:0 pmb:11 smb:4309 d:s ref:0 ;
in:1643 out:1645 type:b dur:2 cpbdur:2 q:31.03 aq:33.96 tex:232 mv:112 misc:272 imb:0 pmb:8 smb:4312 d:s ref:0 ;
in:1645 out:1646 type:b dur:2 cpbdur:2 q:31.02 aq:33.93 tex:164 mv:129 misc:275 imb:0 pmb:7 smb:4313 d:- ref:0 ;
in:1647 out:1647 type:P dur:2 cpbdur:2 q:30.90 aq:20.11 tex:2613 mv:212 misc:615 imb:0 pmb:64 smb:4256 d:s ref:0 ;
in:1651 out:1648 type:P dur:2 cpbdur:2 q:30.88 aq:18.33 tex:11991 mv:1546 misc:1919 imb:41 pmb:430 smb:3849 d:s ref:0 ;
in:1649 out:1649 type:B dur:2 cpbdur:2 q:30.89 aq:33.63 tex:396 mv:97 misc:275 imb:0 pmb:7 smb:4313 d:s ref:0 ;
in:1648 out:1650 type:b dur:2 cpbdur:2 q:30.89 aq:33.73 tex:95 mv:95 misc:266 imb:0 pmb:5 smb:4315 d:s ref:0 ;
in:1650 out:1651 type:b dur:2 cpbdur:2 q:30.88 aq:34.68 tex:38 mv:105 misc:265 imb:0 pmb:5 smb:4315 d:- ref:0 ;
in:1653 out:1652 type:P dur:2 cpbdur:2 q:30.82 aq:17.45 tex:4603 mv:541 misc:1048 imb:18 pmb:148 smb:4154 d:s ref:0 ;
in:1652 out:1653 type:b dur:2 cpbdur:2 q:30.85 aq:33.33 tex:126 mv:92 misc:270 imb:0 pmb:6 smb:4314 d:s ref:0 ;
in:1655 out:1654 type:P dur:2 cpbdur:2 q:30.78 aq:17.65 tex:4290 mv:350 misc:768 imb:14 pmb:96 smb:4210 d:s ref:0 ;
in:1654 out:1655 type:b dur:2 cpbdur:2 q:30.80 aq:33.32 tex:83 mv:99 misc:274 imb:0 pmb:7 smb:4313 d:t ref:0 ;
in:1659 out:1656 type:P dur:2 cpbdur:2 q:30.73 aq:14.84 tex:2136 mv:297 misc:599 imb:18 pmb:52 smb:4250 d:s ref:0 ;
in:1657 out:1657 type:B dur:2 cpbdur:2 q:30.75 aq:32.00 tex:163 mv:40 misc:277 imb:0 pmb:7 smb:4313 d:s ref:0 ;
in:1656 out:1658 type:b dur:2 cpbdur:2 q:30.77 aq:34.00 tex:71 mv:68 misc:269 imb:0 pmb:5 smb:4315 d:s ref:0 ;
in:1658 out:1659 type:b dur:2 cpbdur:2 q:30.74 aq:33.35 tex:84 mv:117 misc:271 imb:0 pmb:7 smb:4313 d:- ref:0 ;
in:1662 out:1660 type:P dur:2 cpbdur:2 q:30.61 aq:17.05 tex:1572 mv:234 misc:442 imb:13 pmb:29 smb:4278 d:s ref:0 ;
in:1660 out:1661 type:B dur:2 cpbdur:2 q:30.69 aq:33.04 tex:133 mv:113 misc:282 imb:0 pmb:9 smb:4311 d:s ref:0 ;
in:1661 out:1662 type:b dur:2 cpbdur:2 q:30.65 aq:33.10 tex:105 mv:128 misc:271 imb:0 pmb:7 smb:4313 d:- ref:0 ;
in:1666 out:1663 type:P dur:2 cpbdur:2 q:30.51 aq:19.66 tex:1438 mv:244 misc:486 imb:12 pmb:35 smb:4273 d:s ref:0 ;
in:1664 out:1664 type:B dur:2 cpbdur:2 q:30.56 aq:31.55 tex:337 mv:138 misc:285 imb:0 pmb:9 smb:4311 d:t ref:0 ;
in:1663 out:1665 type:b dur:2 cpbdur:2 q:30.58 aq:33.40 tex:67 mv:105 misc:276 imb:0 pmb:7 smb:4313 d:t ref:0 ;
in:1665 out:1666 type:b dur:2 cpbdur:2 q:30.53 aq:33.28 tex:128 mv:78 misc:274 imb:0 pmb:7 smb:4313 d:- ref:0 ;
in:1667 out:1667 type:P dur:2 cpbdur:2 q:30.33 aq:16.63 tex:1337 mv:237 misc:498 imb:13 pmb:36 smb:4271 d:s ref:0 ;
in:1671 out:1668 type:P dur:2 cpbdur:2 q:30.31 aq:17.24 tex:1900 mv:172 misc:400 imb:13 pmb:26 smb:4281 d:s ref:0 ;
in:1669 out:1669 type:B dur:2 cpbdur:2 q:30.32 aq:32.02 tex:663 mv:83 misc:286 imb:1 pmb:11 smb:4308 d:s ref:0 ;
in:1668 out:1670 type:b dur:2 cpbdur:2 q:30.33 aq:33.58 tex:247 mv:154 misc:271 imb:1 pmb:7 smb:4312 d:s ref:0 ;
in:1670 out:1671 type:b dur:2 cpbdur:2 q:30.32 aq:33.06 tex:209 mv:73 misc:278 imb:0 pmb:7 smb:4313 d:- ref:0 ;
in:1672 out:1672 type:P dur:2 cpbdur:2 q:30.21 aq:16.54 tex:1132 mv:221 misc:423 imb:12 pmb:25 smb:4283 d:s ref:0 ;
in:1673 out:1673 type:P dur:2 cpbdur:2 q:30.19 aq:18.55 tex:1180 mv:241 misc:419 imb:17 pmb:25 smb:4278 d:s ref:0 ;
in:1677 out:1674 type:P dur:2 cpbdur:2 q:30.16 aq:16.52 tex:1708 mv:199 misc:405 imb:12 pmb:23 smb:4285 d:s ref:0 ;
in:1675 out:1675 type:B dur:2 cpbdur:2 q:30.18 aq:30.17 tex:158 mv:133 misc:277 imb:0 pmb:7 smb:4313 d:s ref:0 ;
in:1674 out:1676 type:b dur:2 cpbdur:2 q:30.18 aq:31.02 tex:37 mv:133 misc:262 imb:0 pmb:5 smb:4315 d:s ref:0 ;
in:1676 out:1677 type:b dur:2 cpbdur:2 q:30.17 aq:33.42 tex:103 mv:74 misc:263 imb:0 pmb:7 smb:4313 d:- ref:0 ;
in:1681 out:1678 type:P dur:2 cpbdur:2 q:30.03 aq:16.67 tex:845 mv:167 misc:388 imb:8 pmb:25 smb:4287 d:s ref:0 ;
in:1679 out:1679 type:B dur:2 cpbdur:2 q:30.10 aq:30.34 tex:244 mv:42 misc:282 imb:0 pmb:7 smb:4313 d:t ref:0 ;
in:1678 out:1680 type:b dur:2 cpbdur:2 q:30.13 aq:33.00 tex:28 mv:83 misc:257 imb:0 pmb:4 smb:4316 d:s ref:0 ;
in:1680 out:1681 type:b dur:2 cpbdur:2 q:30.07 aq:33.00 tex:0 mv:0 misc:248 imb:0 pmb:0 smb:4320 d:- ref:0 ;
in:1685 out:1682 type:P dur:2 cpbdur:2 q:29.90 aq:17.62 tex:1509 mv:175 misc:332 imb:7 pmb:23 smb:4290 d:s ref:0 ;
in:1683 out:1683 type:B dur:2 cpbdur:2 q:29.97 aq:30.60 tex:697 mv:148 misc:299 imb:1 pmb:16 smb:4303 d:t ref:0 ;
in:1682 out:1684 type:b dur:2 cpbdur:2 q:30.00 aq:31.90 tex:116 mv:44 misc:264 imb:0 pmb:7 smb:4313 d:s ref:0 ;
in:1684 out:1685 type:b dur:2 cpbdur:2 q:29.94 aq:31.55 tex:780 mv:94 misc:286 imb:3 pmb:12 smb:4305 d:- ref:0 ;
in:1689 out:1686 type:P dur:2 cpbdur:2 q:29.75 aq:19.65 tex:1426 mv:190 misc:352 imb:13 pmb:22 smb:4285 d:s ref:0 ;
in:1687 out:1687 type:B dur:2 cpbdur:2 q:29.83 aq:29.46 tex:779 mv:95 misc:326 imb:3 pmb:20 smb:4297 d:s ref:0 ;
in:1686 out:1688 type:b dur:2 cpbdur:2 q:29.87 aq:29.09 tex:821 mv:120 misc:291 imb:5 pmb:15 smb:4300 d:s ref:0 ;
in:1688 out:1689 type:b dur:2 cpbdur:2 q:29.79 aq:31.84 tex:817 mv:87 misc:288 imb:3 pmb:15 smb:4302 d:- ref:0 ;
in:1690 out:1690 type:P dur:2 cpbdur:2 q:29.57 aq:19.33 tex:1355 mv:162 misc:355 imb:19 pmb:17 smb:4284 d:s ref:0 ;
in:1691 out:1691 type:P dur:2 cpbdur:2 q:29.54 aq:14.78 tex:1224 mv:158 misc:354 imb:17 pmb:19 smb:4284 d:s ref:0 ;
in:1694 out:1692 type:P dur:2 cpbdur:2 q:29.51 aq:15.01 tex:1683 mv:182 misc:375 imb:18 pmb:23 smb:4279 d:s ref:0 ;
in:1692 out:1693 type:B dur:2 cpbdur:2 q:29.53 aq:29.27 tex:1736 mv:131 misc:333 imb:4 pmb:32 smb:4284 d:s ref:0 ;
in:1693 out:1694 type:b dur:2 cpbdur:2 q:29.52 aq:18.08 tex:1135 mv:128 misc:305 imb:5 pmb:18 smb:4297 d:- ref:0 ;
in:1695 out:1695 type:P dur:2 cpbdur:2 q:29.41 aq:15.17 tex:1887 mv:301 misc:396 imb:53 pmb:23 smb:4244 d:s ref:0 ;
in:1697 out:1696 type:P dur:2 cpbdur:2 q:29.37 aq:17.13 tex:3028 mv:257 misc:355 imb:15 pmb:18 smb:4287 d:s ref:0 ;
in:1696 out:1697 type:b dur:2 cpbdur:2 q:29.39 aq:33.96 tex:473 mv:291 misc:284 imb:1 pmb:13 smb:4306 d:s ref:0 ;
in:1699 out:1698 type:P dur:2 cpbdur:2 q:29.31 aq:21.59 tex:59288 mv:4662 misc:1274 imb:347 pmb:545 smb:3428 d:s ref:0 ;
in:1698 out:1699 type:b dur:2 cpbdur:2 q:29.34 aq:25.24 tex:3596 mv:1697 misc:1123 imb:64 pmb:265 smb:3991 d:s ref:0 ;
in:1700 out:1700 type:P dur:2 cpbdur:2 q:29.40 aq:21.03 tex:63823 mv:6479 misc:1650 imb:562 pmb:713 smb:3045 d:s ref:0 ;
in:1701 out:1701 type:P dur:2 cpbdur:2 q:29.49 aq:21.33 tex:36353 mv:5413 misc:1954 imb:286 pmb:694 smb:3340 d:s ref:0 ;
in:1702 out:1702 type:P dur:2 cpbdur:2 q:29.55 aq:20.83 tex:22578 mv:4405 misc:1905 imb:384 pmb:545 smb:3391 d:s ref:0 ;
in:1703 out:1703 type:P dur:2 cpbdur:2 q:29.62 aq:21.05 tex:20395 mv:5687 misc:1958 imb:485 pmb:602 smb:3233 d:s ref:0 ;
in:1704 out:1704 type:P dur:2 cpbdur:2 q:29.67 aq:21.34 tex:26509 mv:5564 misc:1927 imb:432 pmb:665 smb:3223 d:s ref:0 ;
in:1705 out:1705 type:P dur:2 cpbdur:2 q:29.74 aq:20.50 tex:38330 mv:6426 misc:1956 imb:459 pmb:693 smb:3168 d:s ref:0 ;
in:1706 out:1706 type:P dur:2 cpbdur:2 q:29.82 aq:19.00 tex:51345 mv:7004 misc:1883 imb:610 pmb:780 smb:2930 d:s ref:0 ;
in:1707 out:1707 type:P dur:2 cpbdur:2 q:29.90 aq:19.95 tex:54422 mv:6769 misc:2145 imb:517 pmb:798 smb:3005 d:s ref:0 ;
in:1708 out:1708 type:P dur:2 cpbdur:2 q:29.96 aq:19.75 tex:67608 mv:8008 misc:2056 imb:577 pmb:876 smb:2867 d:s ref:0 ;
in:1709 out:1709 type:P dur:2 cpbdur:2 q:30.03 aq:19.28 tex:62700 mv:6347 misc:2201 imb:310 pmb:901 smb:3109 d:s ref:0 ;
in:1710 out:1710 type:P dur:2 cpbdur:2 q:30.11 aq:18.07 tex:64922 mv:6947 misc:2227 imb:576 pmb:906 smb:2838 d:s ref:0 ;
in:1712 out:1711 type:P dur:2 cpbdur:2 q:30.18 aq:18.34 tex:82186 mv:7404 misc:2234 imb:597 pmb:850 smb:2873 d:s ref:0 ;
in:1711 out:1712 type:b dur:2 cpbdur:2 q:30.14 aq:27.51 tex:914 mv:3459 misc:1067 imb:130 pmb:252 smb:3938 d:s ref:0 ;
in:1716 out:1713 type:P dur:2 cpbdur:2 q:30.29 aq:19.44 tex:72531 mv:7248 misc:2325 imb:602 pmb:908 smb:2810 d:s ref:0 ;
in:1714 out:1714 type:B dur:2 cpbdur:2 q:30.24 aq:23.83 tex:1628 mv:2237 misc:959 imb:68 pmb:187 smb:4065 d:s ref:0 ;
in:1713 out:1715 type:b dur:2 cpbdur:2 q:30.21 aq:31.33 tex:3132 mv:2449 misc:1163 imb:27 pmb:303 smb:3990 d:s ref:0 ;
in:1715 out:1716 type:b dur:2 cpbdur:2 q:30.26 aq:33.58 tex:3713 mv:2108 misc:947 imb:95 pmb:198 smb:4027 d:- ref:0 ;
in:1720 out:1717 type:P dur:2 cpbdur:2 q:30.51 aq:20.10 tex:71387 mv:6309 misc:2432 imb:492 pmb:930 smb:2898 d:s ref:0 ;
in:1718 out:1718 type:B dur:2 cpbdur:2 q:30.40 aq:31.00 tex:4656 mv:1971 misc:1045 imb:97 pmb:210 smb:4013 d:s ref:0 ;
in:1717 out:1719 type:b dur:2 cpbdur:2 q:30.35 aq:34.31 tex:1116 mv:214 misc:486 imb:0 pmb:63 smb:4257 d:s ref:0 ;
in:1719 out:1720 type:b dur:2 cpbdur:2 q:30.46 aq:23.81 tex:551 mv:316 misc:389 imb:23 pmb:27 smb:4270 d:- ref:0 ;
in:1721 out:1721 type:P dur:2 cpbdur:2 q:30.92 aq:21.27 tex:23437 mv:2029 misc:2030 imb:123 pmb:539 smb:3658 d:s ref:0 ;
in:1722 out:1722 type:P dur:2 cpbdur:2 q:30.97 aq:21.14 tex:25906 mv:2754 misc:2188 imb:225 pmb:629 smb:3466 d:s ref:0 ;
in:1724 out:1723 type:P dur:2 cpbdur:2 q:31.04 aq:20.70 tex:27529 mv:2230 misc:1633 imb:169 pmb:435 smb:3716 d:s ref:0 ;
in:1723 out:1724 type:b dur:2 cpbdur:2 q:31.00 aq:27.05 tex:93 mv:100 misc:303 imb:1 pmb:24 smb:4295 d:s ref:0 ;
in:1726 out:1725 type:P dur:2 cpbdur:2 q:31.26 aq:19.89 tex:13434 mv:2087 misc:2215 imb:91 pmb:491 smb:3738 d:s ref:0 ;
in:1725 out:1726 type:b dur:2 cpbdur:2 q:31.15 aq:35.24 tex:232 mv:90 misc:262 imb:0 pmb:6 smb:4314 d:s ref:0 ;
in:1727 out:1727 type:P dur:2 cpbdur:2 q:31.63 aq:19.06 tex:3428 mv:572 misc:936 imb:34 pmb:111 smb:4175 d:s ref:0 ;
in:1729 out:1728 type:P dur:2 cpbdur:2 q:31.77 aq:18.66 tex:2180 mv:318 misc:598 imb:21 pmb:37 smb:4262 d:s ref:0 ;
in:1728 out:1729 type:b dur:2 cpbdur:2 q:31.70 aq:35.40 tex:174 mv:145 misc:265 imb:0 pmb:8 smb:4312 d:s ref:0 ;
in:1733 out:1730 type:P dur:2 cpbdur:2 q:31.89 aq:18.03 tex:2069 mv:240 misc:403 imb:16 pmb:21 smb:4283 d:s ref:0 ;
in:1731 out:1731 type:B dur:2 cpbdur:2 q:31.83 aq:34.97 tex:522 mv:124 misc:290 imb:0 pmb:13 smb:4307 d:t ref:0 ;
in:1730 out:1732 type:b dur:2 cpbdur:2 q:31.80 aq:34.40 tex:222 mv:135 misc:267 imb:0 pmb:11 smb:4309 d:s ref:0 ;
in:1732 out:1733 type:b dur:2 cpbdur:2 q:31.86 aq:32.88 tex:226 mv:95 misc:271 imb:0 pmb:10 smb:4310 d:- ref:0 ;
in:1737 out:1734 type:P dur:2 cpbdur:2 q:31.92 aq:19.14 tex:2122 mv:333 misc:553 imb:24 pmb:32 smb:4264 d:s ref:0 ;
in:1735 out:1735 type:B dur:2 cpbdur:2 q:31.91 aq:28.54 tex:672 mv:106 misc:278 imb:0 pmb:10 smb:4310 d:s ref:0 ;
in:1734 out:1736 type:b dur:2 cpbdur:2 q:31.90 aq:36.57 tex:261 mv:101 misc:262 imb:0 pmb:8 smb:4312 d:s ref:0 ;
in:1736 out:1737 type:b dur:2 cpbdur:2 q:31.92 aq:32.95 tex:88 mv:99 misc:261 imb:0 pmb:9 smb:4311 d:- ref:0 ;
in:1739 out:1738 type:P dur:2 cpbdur:2 q:31.87 aq:18.93 tex:1042 mv:238 misc:416 imb:16 pmb:15 smb:4289 d:s ref:0 ;
in:1738 out:1739 type:b dur:2 cpbdur:2 q:31.90 aq:32.00 tex:188 mv:79 misc:261 imb:0 pmb:8 smb:4312 d:t ref:0 ;
in:1742 out:1740 type:P dur:2 cpbdur:2 q:31.92 aq:20.18 tex:1657 mv:236 misc:507 imb:14 pmb:29 smb:4277 d:s ref:0 ;
in:1740 out:1741 type:B dur:2 cpbdur:2 q:31.89 aq:34.74 tex:200 mv:89 misc:279 imb:0 pmb:10 smb:4310 d:s ref:0 ;
in:1741 out:1742 type:b dur:2 cpbdur:2 q:31.90 aq:32.77 tex:60 mv:157 misc:263 imb:1 pmb:7 smb:4312 d:- ref:0 ;
in:1746 out:1743 type:P dur:2 cpbdur:2 q:31.85 aq:18.57 tex:1164 mv:205 misc:407 imb:13 pmb:14 smb:4293 d:s ref:0 ;
in:1744 out:1744 type:B dur:2 cpbdur:2 q:31.89 aq:34.89 tex:435 mv:139 misc:282 imb:0 pmb:10 smb:4310 d:s ref:0 ;
in:1743 out:1745 type:b dur:2 cpbdur:2 q:31.90 aq:32.07 tex:122 mv:127 misc:263 imb:1 pmb:5 smb:4314 d:s ref:0 ;
in:1745 out:1746 type:b dur:2 cpbdur:2 q:31.87 aq:31.43 tex:158 mv:146 misc:264 imb:1 pmb:9 smb:4310 d:- ref:0 ;
in:1748 out:1747 type:P dur:2 cpbdur:2 q:31.71 aq:17.85 tex:1159 mv:250 misc:463 imb:9 pmb:24 smb:4287 d:s ref:0 ;
in:1747 out:1748 type:b dur:2 cpbdur:2 q:31.78 aq:35.29 tex:149 mv:80 misc:267 imb:0 pmb:9 smb:4311 d:t ref:0 ;
in:1749 out:1749 type:P dur:2 cpbdur:2 q:31.63 aq:35.18 tex:261 mv:105 misc:282 imb:1 pmb:6 smb:4313 d:s ref:0 ;
in:1750 out:1750 type:I dur:2 cpbdur:2 q:28.46 aq:12.95 tex:294817 mv:50791 misc:568 imb:4320 pmb:0 smb:0 d:s ref:;
in:1754 out:1751 type:P dur:2 cpbdur:2 q:32.57 aq:21.02 tex:1043 mv:318 misc:359 imb:26 pmb:19 smb:4275 d:s ref:0 ;
in:1752 out:1752 type:B dur:2 cpbdur:2 q:32.57 aq:30.57 tex:264 mv:157 misc:275 imb:1 pmb:7 smb:4312 d:s ref:0 ;
in:1751 out:1753 type:b dur:2 cpbdur:2 q:32.57 aq:30.00 tex:70 mv:98 misc:264 imb:0 pmb:7 smb:4313 d:s ref:0 ;
in:1753 out:1754 type:b dur:2 cpbdur:2 q:32.57 aq:37.30 tex:168 mv:125 misc:259 imb:0 pmb:6 smb:4314 d:- ref:0 ;
in:1758 out:1755 type:P dur:2 cpbdur:2 q:32.43 aq:25.75 tex:637 mv:87 misc:292 imb:0 pmb:9 smb:4311 d:s ref:0 ;
in:1756 out:1756 type:B dur:2 cpbdur:2 q:32.50 aq:29.72 tex:261 mv:102 misc:277 imb:0 pmb:7 smb:4313 d:s ref:0 ;
in:1755 out:1757 type:b dur:2 cpbdur:2 q:32.53 aq:36.37 tex:63 mv:66 misc:263 imb:0 pmb:5 smb:4315 d:s ref:0 ;
in:1757 out:1758 type:b dur:2 cpbdur:2 q:32.47 aq:36.37 tex:65 mv:74 misc:261 imb:0 pmb:5 smb:4315 d:- ref:0 ;
in:1762 out:1759 type:P dur:2 cpbdur:2 q:32.28 aq:15.88 tex:2884 mv:404 misc:336 imb:110 pmb:13 smb:4197 d:s ref:0 ;
in:1760 out:1760 type:B dur:2 cpbdur:2 q:32.35 aq:27.78 tex:277 mv:118 misc:341 imb:0 pmb:34 smb:4286 d:s ref:0 ;
in:1759 out:1761 type:b dur:2 cpbdur:2 q:32.39 aq:36.21 tex:34 mv:39 misc:255 imb:0 pmb:3 smb:4317 d:s ref:0 ;
in:1761 out:1762 type:b dur:2 cpbdur:2 q:32.32 aq:35.37 tex:123 mv:191 misc:358 imb:0 pmb:39 smb:4281 d:- ref:0 ;
in:1766 out:1763 type:P dur:2 cpbdur:2 q:32.16 aq:20.57 tex:463 mv:52 misc:301 imb:1 pmb:5 smb:4314 d:s ref:0 ;
in:1764 out:1764 type:B dur:2 cpbdur:2 q:32.22 aq:34.37 tex:95 mv:23 misc:282 imb:0 pmb:6 smb:4314 d:s ref:0 ;
in:1763 out:1765 type:b dur:2 cpbdur:2 q:32.25 aq:32.00 tex:0 mv:3 misc:253 imb:0 pmb:1 smb:4319 d:s ref:0 ;
in:1765 out:1766 type:b dur:2 cpbdur:2 q:32.19 aq:32.00 tex:0 mv:16 misc:264 imb:0 pmb:5 smb:4315 d:- ref:0 ;
in:1770 out:1767 type:P dur:2 cpbdur:2 q:32.05 aq:35.10 tex:4657 mv:301 misc:338 imb:30 pmb:19 smb:4271 d:s ref:0 ;
in:1768 out:1768 type:B dur:2 cpbdur:2 q:32.10 aq:34.99 tex:1172 mv:264 misc:332 imb:14 pmb:25 smb:4281 d:s ref:0 ;
in:1767 out:1769 type:b dur:2 cpbdur:2 q:32.13 aq:37.08 tex:531 mv:249 misc:300 imb:6 pmb:19 smb:4295 d:s ref:0 ;
in:1769 out:1770 type:b dur:2 cpbdur:2 q:32.08 aq:36.30 tex:452 mv:145 misc:299 imb:2 pmb:27 smb:4291 d:- ref:0 ;
in:1774 out:1771 type:P dur:2 cpbdur:2 q:31.94 aq:16.67 tex:2285 mv:150 misc:325 imb:9 pmb:10 smb:4301 d:s ref:0 ;
in:1772 out:1772 type:B dur:2 cpbdur:2 q:32.00 aq:35.09 tex:466 mv:145 misc:293 imb:1 pmb:14 smb:4305 d:s ref:0 ;
in:1771 out:1773 type:b dur:2 cpbdur:2 q:32.02 aq:35.44 tex:294 mv:167 misc:267 imb:0 pmb:13 smb:4307 d:s ref:0 ;
in:1773 out:1774 type:b dur:2 cpbdur:2 q:31.97 aq:32.00 tex:4 mv:120 misc:268 imb:0 pmb:10 smb:4310 d:- ref:0 ;
in:1775 out:1775 type:P dur:2 cpbdur:2 q:31.83 aq:23.12 tex:625 mv:87 misc:296 imb:3 pmb:7 smb:4310 d:s ref:0 ;
in:1776 out:1776 type:P dur:2 cpbdur:2 q:31.81 aq:32.19 tex:692 mv:54 misc:286 imb:2 pmb:5 smb:4313 d:s ref:0 ;
in:1780 out:1777 type:P dur:2 cpbdur:2 q:31.78 aq:32.26 tex:1033 mv:66 misc:301 imb:2 pmb:8 smb:4310 d:s ref:0 ;
in:1778 out:1778 type:B dur:2 cpbdur:2 q:31.80 aq:35.10 tex:210 mv:47 misc:279 imb:0 pmb:8 smb:4312 d:s ref:0 ;
in:1777 out:1779 type:b dur:2 cpbdur:2 q:31.80 aq:35.43 tex:128 mv:60 misc:260 imb:0 pmb:6 smb:4314 d:s ref:0 ;
in:1779 out:1780 type:b dur:2 cpbdur:2 q:31.79 aq:35.43 tex:102 mv:55 misc:267 imb:0 pmb:5 smb:4315 d:- ref:0 ;
in:1784 out:1781 type:P dur:2 cpbdur:2 q:31.65 aq:29.41 tex:1477 mv:111 misc:292 imb:1 pmb:12 smb:4307 d:s ref:0 ;
in:1782 out:1782 type:B dur:2 cpbdur:2 q:31.72 aq:35.29 tex:252 mv:80 misc:284 imb:0 pmb:8 smb:4312 d:t ref:0 ;
in:1781 out:1783 type:b dur:2 cpbdur:2 q:31.75 aq:37.97 tex:96 mv:47 misc:257 imb:0 pmb:5 smb:4315 d:s ref:0 ;
in:1783 out:1784 type:b dur:2 cpbdur:2 q:31.68 aq:35.49 tex:226 mv:78 misc:272 imb:0 pmb:7 smb:4313 d:- ref:0 ;
in:1788 out:1785 type:P dur:2 cpbdur:2 q:31.55 aq:31.79 tex:1572 mv:78 misc:310 imb:3 pmb:13 smb:4304 d:s ref:0 ;
in:1786 out:1786 type:B dur:2 cpbdur:2 q:31.60 aq:33.57 tex:184 mv:27 misc:285 imb:0 pmb:9 smb:4311 d:s ref:0 ;
in:1785 out:1787 type:b dur:2 cpbdur:2 q:31.62 aq:37.95 tex:68 mv:27 misc:273 imb:0 pmb:9 smb:4311 d:s ref:0 ;
in:1787 out:1788 type:b dur:2 cpbdur:2 q:31.58 aq:32.00 tex:0 mv:3 misc:253 imb:0 pmb:1 smb:4319 d:- ref:0 ;
in:1792 out:1789 type:P dur:2 cpbdur:2 q:31.45 aq:26.23 tex:14930 mv:4583 misc:1015 imb:266 pmb:309 smb:3745 d:s ref:0 ;
in:1790 out:1790 type:B dur:2 cpbdur:2 q:31.50 aq:33.64 tex:1463 mv:158 misc:347 imb:1 pmb:26 smb:4293 d:s ref:0 ;
in:1789 out:1791 type:b dur:2 cpbdur:2 q:31.53 aq:35.40 tex:261 mv:134 misc:613 imb:0 pmb:98 smb:4222 d:s ref:0 ;
in:1791 out:1792 type:b dur:2 cpbdur:2 q:31.48 aq:29.14 tex:244 mv:214 misc:638 imb:1 pmb:94 smb:4225 d:- ref:0 ;
in:1796 out:1793 type:P dur:2 cpbdur:2 q:31.43 aq:22.78 tex:22066 mv:5695 misc:1023 imb:505 pmb:336 smb:3479 d:s ref:0 ;
in:1794 out:1794 type:B dur:2 cpbdur:2 q:31.44 aq:27.06 tex:6791 mv:2997 misc:1140 imb:55 pmb:287 smb:3978 d:s ref:0 ;
in:1793 out:1795 type:b dur:2 cpbdur:2 q:31.45 aq:24.34 tex:335 mv:548 misc:853 imb:11 pmb:151 smb:4158 d:s ref:0 ;
in:1795 out:1796 type:b dur:2 cpbdur:2 q:31.44 aq:27.78 tex:301 mv:658 misc:753 imb:2 pmb:149 smb:4169 d:- ref:0 ;
in:1800 out:1797 type:P dur:2 cpbdur:2 q:31.43 aq:24.13 tex:24239 mv:5581 misc:1004 imb:357 pmb:343 smb:3620 d:s ref:0 ;
in:1798 out:1798 type:B dur:2 cpbdur:2 q:31.43 aq:24.35 tex:991 mv:391 misc:666 imb:5 pmb:119 smb:4196 d:s ref:0 ;
in:1797 out:1799 type:b dur:2 cpbdur:2 q:31.43 aq:21.66 tex:262 mv:173 misc:285 imb:2 pmb:10 smb:4308 d:s ref:0 ;
in:1799 out:1800 type:b dur:2 cpbdur:2 q:31.43 aq:30.43 tex:3014 mv:2063 misc:779 imb:31 pmb:184 smb:4105 d:- ref:0 ;
in:1803 out:1801 type:P dur:2 cpbdur:2 q:31.43 aq:24.07 tex:1068 mv:175 misc:349 imb:8 pmb:13 smb:4299 d:s ref:0 ;
in:1801 out:1802 type:B dur:2 cpbdur:2 q:31.43 aq:35.33 tex:70 mv:187 misc:287 imb:0 pmb:12 smb:4308 d:s ref:0 ;
in:1802 out:1803 type:b dur:2 cpbdur:2 q:31.43 aq:28.30 tex:108 mv:132 misc:264 imb:0 pmb:10 smb:4310 d:- ref:0 ;
in:1807 out:1804 type:P dur:2 cpbdur:2 q:31.34 aq:26.64 tex:18765 mv:5392 misc:1067 imb:317 pmb:347 smb:3656 d:s ref:0 ;
in:1805 out:1805 type:B dur:2 cpbdur:2 q:31.38 aq:30.19 tex:5501 mv:3106 misc:953 imb:24 pmb:278 smb:4018 d:t ref:0 ;
in:1804 out:1806 type:b dur:2 cpbdur:2 q:31.41 aq:26.57 tex:128 mv:620 misc:732 imb:7 pmb:133 smb:4180 d:s ref:0 ;
in:1806 out:1807 type:b dur:2 cpbdur:2 q:31.36 aq:29.74 tex:176 mv:460 misc:804 imb:2 pmb:144 smb:4174 d:- ref:0 ;
in:1810 out:1808 type:P dur:2 cpbdur:2 q:31.34 aq:21.87 tex:24270 mv:5517 misc:949 imb:392 pmb:316 smb:3612 d:s ref:0 ;
in:1808 out:1809 type:B dur:2 cpbdur:2 q:31.34 aq:32.73 tex:194 mv:561 misc:821 imb:3 pmb:162 smb:4155 d:s ref:0 ;
in:1809 out:1810 type:b dur:2 cpbdur:2 q:31.34 aq:31.07 tex:4391 mv:2834 misc:879 imb:27 pmb:245 smb:4048 d:- ref:0 ;
in:1813 out:1811 type:P dur:2 cpbdur:2 q:31.38 aq:23.40 tex:18444 mv:5101 misc:959 imb:356 pmb:330 smb:3634 d:s ref:0 ;
in:1811 out:1812 type:B dur:2 cpbdur:2 q:31.35 aq:30.85 tex:388 mv:732 misc:872 imb:2 pmb:190 smb:4128 d:s ref:0 ;
in:1812 out:1813 type:b dur:2 cpbdur:2 q:31.37 aq:27.42 tex:96 mv:598 misc:898 imb:5 pmb:182 smb:4133 d:- ref:0 ;
in:1815 out:1814 type:P dur:2 cpbdur:2 q:31.38 aq:22.04 tex:18590 mv:5248 misc:1122 imb:313 pmb:368 smb:3639 d:s ref:0 ;
in:1814 out:1815 type:b dur:2 cpbdur:2 q:31.38 aq:33.46 tex:297 mv:560 misc:791 imb:1 pmb:168 smb:4151 d:s ref:0 ;
in:1819 out:1816 type:P dur:2 cpbdur:2 q:31.39 aq:22.08 tex:19576 mv:5307 misc:989 imb:310 pmb:343 smb:3667 d:s ref:0 ;
in:1817 out:1817 type:B dur:2 cpbdur:2 q:31.38 aq:25.06 tex:3550 mv:2487 misc:867 imb:24 pmb:227 smb:4069 d:t ref:0 ;
in:1816 out:1818 type:b dur:2 cpbdur:2 q:31.38 aq:31.76 tex:467 mv:563 misc:754 imb:3 pmb:144 smb:4173 d:s ref:0 ;
in:1818 out:1819 type:b dur:2 cpbdur:2 q:31.39 aq:26.76 tex:365 mv:671 misc:844 imb:4 pmb:164 smb:4152 d:- ref:0 ;
in:1823 out:1820 type:P dur:2 cpbdur:2 q:31.36 aq:27.29 tex:19412 mv:5062 misc:966 imb:313 pmb:313 smb:3694 d:s ref:0 ;
in:1821 out:1821 type:B dur:2 cpbdur:2 q:31.38 aq:27.67 tex:8979 mv:4491 misc:1098 imb:51 pmb:382 smb:3887 d:s ref:0 ;
in:1820 out:1822 type:b dur:2 cpbdur:2 q:31.38 aq:29.36 tex:348 mv:579 misc:801 imb:1 pmb:154 smb:4165 d:s ref:0 ;
in:1822 out:1823 type:b dur:2 cpbdur:2 q:31.37 aq:29.27 tex:73 mv:379 misc:644 imb:5 pmb:100 smb:4215 d:- ref:0 ;
in:1827 out:1824 type:P dur:2 cpbdur:2 q:31.34 aq:26.97 tex:23396 mv:5669 misc:831 imb:362 pmb:344 smb:3614 d:s ref:0 ;
in:1825 out:1825 type:B dur:2 cpbdur:2 q:31.35 aq:27.61 tex:9026 mv:4827 misc:1051 imb:59 pmb:402 smb:3859 d:t ref:0 ;
in:1824 out:1826 type:b dur:2 cpbdur:2 q:31.36 aq:26.21 tex:75 mv:236 misc:633 imb:3 pmb:99 smb:4218 d:s ref:0 ;
in:1826 out:1827 type:b dur:2 cpbdur:2 q:31.35 aq:32.11 tex:182 mv:263 misc:643 imb:3 pmb:104 smb:4213 d:- ref:0 ;
in:1828 out:1828 type:P dur:2 cpbdur:2 q:31.31 aq:28.68 tex:1917 mv:160 misc:419 imb:0 pmb:28 smb:4292 d:s ref:0 ;
in:1829 out:1829 type:P dur:2 cpbdur:2 q:31.31 aq:23.32 tex:20892 mv:5370 misc:954 imb:278 pmb:390 smb:3652 d:s ref:0 ;
in:1831 out:1830 type:P dur:2 cpbdur:2 q:31.33 aq:17.98 tex:1134 mv:157 misc:349 imb:6 pmb:13 smb:4301 d:s ref:0 ;
in:1830 out:1831 type:b dur:2 cpbdur:2 q:31.32 aq:34.43 tex:125 mv:134 misc:269 imb:0 pmb:12 smb:4308 d:t ref:0 ;
in:1835 out:1832 type:P dur:2 cpbdur:2 q:31.29 aq:25.95 tex:19669 mv:5544 misc:827 imb:350 pmb:331 smb:3639 d:s ref:0 ;
in:1833 out:1833 type:B dur:2 cpbdur:2 q:31.31 aq:29.13 tex:8290 mv:5175 misc:1007 imb:69 pmb:397 smb:3854 d:t ref:0 ;
in:1832 out:1834 type:b dur:2 cpbdur:2 q:31.32 aq:29.90 tex:269 mv:511 misc:636 imb:7 pmb:112 smb:4201 d:s ref:0 ;
in:1834 out:1835 type:b dur:2 cpbdur:2 q:31.30 aq:32.49 tex:205 mv:331 misc:640 imb:3 pmb:106 smb:4211 d:- ref:0 ;
in:1839 out:1836 type:P dur:2 cpbdur:2 q:31.28 aq:25.00 tex:23086 mv:5880 misc:754 imb:387 pmb:342 smb:3591 d:s ref:0 ;
in:1837 out:1837 type:B dur:2 cpbdur:2 q:31.28 aq:27.82 tex:8137 mv:4682 misc:997 imb:49 pmb:408 smb:3863 d:t ref:0 ;
in:1836 out:1838 type:b dur:2 cpbdur:2 q:31.28 aq:23.34 tex:220 mv:339 misc:745 imb:9 pmb:124 smb:4187 d:s ref:0 ;
in:1838 out:1839 type:b dur:2 cpbdur:2 q:31.28 aq:26.06 tex:52 mv:392 misc:700 imb:4 pmb:127 smb:4189 d:- ref:0 ;
in:1843 out:1840 type:P dur:2 cpbdur:2 q:31.32 aq:26.25 tex:18055 mv:5103 misc:770 imb:250 pmb:316 smb:3754 d:s ref:0 ;
in:1841 out:1841 type:B dur:2 cpbdur:2 q:31.30 aq:28.42 tex:4740 mv:3317 misc:919 imb:39 pmb:294 smb:3987 d:s ref:0 ;
in:1840 out:1842 type:b dur:2 cpbdur:2 q:31.29 aq:33.57 tex:234 mv:417 misc:629 imb:1 pmb:104 smb:4215 d:s ref:0 ;
in:1842 out:1843 type:b dur:2 cpbdur:2 q:31.31 aq:29.68 tex:120 mv:240 misc:592 imb:0 pmb:90 smb:4230 d:- ref:0 ;
in:1847 out:1844 type:P dur:2 cpbdur:2 q:31.35 aq:26.81 tex:20868 mv:5024 misc:788 imb:350 pmb:275 smb:3695 d:s ref:0 ;
in:1845 out:1845 type:B dur:2 cpbdur:2 q:31.34 aq:29.12 tex:8684 mv:5001 misc:971 imb:65 pmb:344 smb:3911 d:t ref:0 ;
in:1844 out:1846 type:b dur:2 cpbdur:2 q:31.33 aq:33.19 tex:172 mv:418 misc:634 imb:4 pmb:108 smb:4208 d:s ref:0 ;
in:1846 out:1847 type:b dur:2 cpbdur:2 q:31.34 aq:32.33 tex:3303 mv:2453 misc:844 imb:23 pmb:247 smb:4050 d:- ref:0 ;
in:1851 out:1848 type:P dur:2 cpbdur:2 q:31.35 aq:27.97 tex:18674 mv:4715 misc:819 imb:256 pmb:281 smb:3783 d:s ref:0 ;
in:1849 out:1849 type:B dur:2 cpbdur:2 q:31.35 aq:29.14 tex:5282 mv:1786 misc:836 imb:14 pmb:238 smb:4068 d:s ref:0 ;
in:1848 out:1850 type:b dur:2 cpbdur:2 q:31.35 aq:19.08 tex:90 mv:641 misc:749 imb:4 pmb:152 smb:4164 d:s ref:0 ;
in:1850 out:1851 type:b dur:2 cpbdur:2 q:31.35 aq:32.43 tex:222 mv:485 misc:733 imb:3 pmb:142 smb:4175 d:- ref:0 ;
in:1852 out:1852 type:P dur:2 cpbdur:2 q:31.38 aq:25.67 tex:1045 mv:110 misc:349 imb:3 pmb:13 smb:4304 d:s ref:0 ;
in:1856 out:1853 type:P dur:2 cpbdur:2 q:31.34 aq:27.05 tex:16936 mv:4786 misc:790 imb:370 pmb:254 smb:3696 d:s ref:0 ;
in:1854 out:1854 type:B dur:2 cpbdur:2 q:31.36 aq:28.31 tex:9794 mv:5619 misc:835 imb:80 pmb:396 smb:3844 d:t ref:0 ;
in:1853 out:1855 type:b dur:2 cpbdur:2 q:31.37 aq:31.76 tex:323 mv:408 misc:629 imb:6 pmb:112 smb:4202 d:s ref:0 ;
in:1855 out:1856 type:b dur:2 cpbdur:2 q:31.35 aq:31.46 tex:415 mv:638 misc:811 imb:3 pmb:159 smb:4158 d:- ref:0 ;
in:1860 out:1857 type:P dur:2 cpbdur:2 q:31.32 aq:26.90 tex:15140 mv:4255 misc:701 imb:334 pmb:216 smb:3770 d:s ref:0 ;
in:1858 out:1858 type:B dur:2 cpbdur:2 q:31.33 aq:28.86 tex:7208 mv:5019 misc:821 imb:68 pmb:341 smb:3911 d:s ref:0 ;
in:1857 out:1859 type:b dur:2 cpbdur:2 q:31.33 aq:24.98 tex:108 mv:346 misc:674 imb:7 pmb:113 smb:4200 d:s ref:0 ;
in:1859 out:1860 type:b dur:2 cpbdur:2 q:31.32 aq:27.80 tex:126 mv:341 misc:701 imb:5 pmb:118 smb:4197 d:- ref:0 ;
in:1863 out:1861 type:P dur:2 cpbdur:2 q:31.28 aq:27.57 tex:8828 mv:3393 misc:843 imb:287 pmb:193 smb:3840 d:s ref:0 ;
in:1861 out:1862 type:B dur:2 cpbdur:2 q:31.31 aq:25.77 tex:185 mv:456 misc:663 imb:8 pmb:111 smb:4201 d:s ref:0 ;
in:1862 out:1863 type:b dur:2 cpbdur:2 q:31.29 aq:32.59 tex:243 mv:255 misc:670 imb:0 pmb:121 smb:4199 d:- ref:0 ;
in:1867 out:1864 type:P dur:2 cpbdur:2 q:31.27 aq:27.26 tex:30076 mv:4795 misc:713 imb:521 pmb:180 smb:3619 d:s ref:0 ;
in:1865 out:1865 type:B dur:2 cpbdur:2 q:31.27 aq:28.50 tex:2731 mv:881 misc:1068 imb:19 pmb:220 smb:4081 d:s ref:0 ;
in:1864 out:1866 type:b dur:2 cpbdur:2 q:31.28 aq:27.49 tex:208 mv:217 misc:607 imb:3 pmb:112 smb:4205 d:s ref:0 ;
in:1866 out:1867 type:b dur:2 cpbdur:2 q:31.27 aq:29.05 tex:77 mv:102 misc:309 imb:3 pmb:8 smb:4309 d:- ref:0 ;
in:1870 out:1868 type:P dur:2 cpbdur:2 q:31.31 aq:25.79 tex:28087 mv:4869 misc:700 imb:561 pmb:222 smb:3537 d:s ref:0 ;
in:1868 out:1869 type:B dur:2 cpbdur:2 q:31.28 aq:29.88 tex:957 mv:465 misc:850 imb:6 pmb:148 smb:4166 d:s ref:0 ;
in:1869 out:1870 type:b dur:2 cpbdur:2 q:31.30 aq:31.00 tex:28 mv:41 misc:299 imb:0 pmb:9 smb:4311 d:- ref:0 ;
in:1874 out:1871 type:P dur:2 cpbdur:2 q:31.35 aq:24.23 tex:21932 mv:5332 misc:944 imb:430 pmb:295 smb:3595 d:s ref:0 ;
in:1872 out:1872 type:B dur:2 cpbdur:2 q:31.33 aq:28.55 tex:7622 mv:5340 misc:1094 imb:153 pmb:373 smb:3794 d:s ref:0 ;
in:1871 out:1873 type:b dur:2 cpbdur:2 q:31.32 aq:28.72 tex:91 mv:216 misc:557 imb:7 pmb:80 smb:4233 d:s ref:0 ;
in:1873 out:1874 type:b dur:2 cpbdur:2 q:31.34 aq:28.56 tex:103 mv:394 misc:831 imb:2 pmb:161 smb:4157 d:- ref:0 ;
in:1878 out:1875 type:P dur:2 cpbdur:2 q:31.38 aq:25.50 tex:2738 mv:980 misc:938 imb:16 pmb:153 smb:4151 d:s ref:0 ;
in:1876 out:1876 type:B dur:2 cpbdur:2 q:31.36 aq:28.41 tex:479 mv:256 misc:529 imb:7 pmb:45 smb:4268 d:s ref:0 ;
in:1875 out:1877 type:b dur:2 cpbdur:2 q:31.36 aq:29.54 tex:53 mv:32 misc:283 imb:1 pmb:6 smb:4313 d:s ref:0 ;
in:1877 out:1878 type:b dur:2 cpbdur:2 q:31.37 aq:31.00 tex:16 mv:6 misc:266 imb:0 pmb:2 smb:4318 d:- ref:0 ;
in:1881 out:1879 type:P dur:2 cpbdur:2 q:31.34 aq:25.49 tex:6242 mv:3285 misc:1145 imb:123 pmb:269 smb:3928 d:s ref:0 ;
in:1879 out:1880 type:B dur:2 cpbdur:2 q:31.37 aq:35.08 tex:970 mv:60 misc:298 imb:1 pmb:9 smb:4310 d:s ref:0 ;
in:1880 out:1881 type:b dur:2 cpbdur:2 q:31.35 aq:29.98 tex:74 mv:203 misc:523 imb:0 pmb:61 smb:4259 d:- ref:0 ;
in:1885 out:1882 type:P dur:2 cpbdur:2 q:31.36 aq:22.94 tex:17215 mv:4850 misc:1039 imb:334 pmb:302 smb:3684 d:s ref:0 ;
in:1883 out:1883 type:B dur:2 cpbdur:2 q:31.35 aq:28.86 tex:3359 mv:2833 misc:1008 imb:31 pmb:243 smb:4046 d:t ref:0 ;
in:1882 out:1884 type:b dur:2 cpbdur:2 q:31.34 aq:29.72 tex:57 mv:311 misc:664 imb:1 pmb:112 smb:4207 d:s ref:0 ;
in:1884 out:1885 type:b dur:2 cpbdur:2 q:31.35 aq:32.35 tex:261 mv:448 misc:779 imb:2 pmb:140 smb:4178 d:- ref:0 ;
in:1889 out:1886 type:P dur:2 cpbdur:2 q:31.35 aq:22.70 tex:17875 mv:4642 misc:1035 imb:273 pmb:326 smb:3721 d:s ref:0 ;
in:1887 out:1887 type:B dur:2 cpbdur:2 q:31.36 aq:25.88 tex:1008 mv:461 misc:659 imb:4 pmb:95 smb:4221 d:s ref:0 ;
in:1886 out:1888 type:b dur:2 cpbdur:2 q:31.36 aq:30.00 tex:200 mv:384 misc:536 imb:1 pmb:68 smb:4251 d:s ref:0 ;
in:1888 out:1889 type:b dur:2 cpbdur:2 q:31.36 aq:21.16 tex:82 mv:408 misc:630 imb:8 pmb:102 smb:4210 d:- ref:0 ;
in:1891 out:1890 type:P dur:2 cpbdur:2 q:31.36 aq:22.94 tex:13889 mv:2476 misc:995 imb:118 pmb:224 smb:3978 d:s ref:0 ;
in:1890 out:1891 type:b dur:2 cpbdur:2 q:31.36 aq:25.39 tex:263 mv:328 misc:385 imb:11 pmb:31 smb:4278 d:s ref:0 ;
in:1895 out:1892 type:P dur:2 cpbdur:2 q:31.34 aq:22.97 tex:18340 mv:4714 misc:1098 imb:283 pmb:322 smb:3715 d:s ref:0 ;
in:1893 out:1893 type:B dur:2 cpbdur:2 q:31.35 aq:19.94 tex:517 mv:687 misc:876 imb:9 pmb:170 smb:4141 d:s ref:0 ;
in:1892 out:1894 type:b dur:2 cpbdur:2 q:31.35 aq:23.35 tex:288 mv:125 misc:339 imb:2 pmb:23 smb:4295 d:s ref:0 ;
in:1894 out:1895 type:b dur:2 cpbdur:2 q:31.34 aq:30.39 tex:275 mv:323 misc:778 imb:3 pmb:147 smb:4170 d:- ref:0 ;
in:1898 out:1896 type:P dur:2 cpbdur:2 q:31.31 aq:25.30 tex:15604 mv:4310 misc:1030 imb:219 pmb:317 smb:3784 d:s ref:0 ;
in:1896 out:1897 type:B dur:2 cpbdur:2 q:31.33 aq:25.92 tex:383 mv:427 misc:622 imb:1 pmb:105 smb:4214 d:s ref:0 ;
in:1897 out:1898 type:b dur:2 cpbdur:2 q:31.32 aq:29.03 tex:391 mv:502 misc:691 imb:2 pmb:127 smb:4191 d:- ref:0 ;
in:1902 out:1899 type:P dur:2 cpbdur:2 q:31.27 aq:26.09 tex:21109 mv:4751 misc:956 imb:332 pmb:304 smb:3684 d:s ref:0 ;
in:1900 out:1900 type:B dur:2 cpbdur:2 q:31.29 aq:32.14 tex:3660 mv:2214 misc:862 imb:31 pmb:203 smb:4086 d:t ref:0 ;
in:1899 out:1901 type:b dur:2 cpbdur:2 q:31.30 aq:32.27 tex:318 mv:629 misc:837 imb:3 pmb:164 smb:4153 d:s ref:0 ;
in:1901 out:1902 type:b dur:2 cpbdur:2 q:31.28 aq:34.73 tex:641 mv:353 misc:678 imb:4 pmb:115 smb:4201 d:- ref:0 ;
in:1906 out:1903 type:P dur:2 cpbdur:2 q:31.25 aq:22.87 tex:24361 mv:6100 misc:987 imb:408 pmb:353 smb:3559 d:s ref:0 ;
in:1904 out:1904 type:B dur:2 cpbdur:2 q:31.26 aq:28.73 tex:7342 mv:4619 misc:983 imb:66 pmb:332 smb:3922 d:s ref:0 ;
in:1903 out:1905 type:b dur:2 cpbdur:2 q:31.27 aq:29.50 tex:533 mv:637 misc:782 imb:4 pmb:157 smb:4159 d:s ref:0 ;
in:1905 out:1906 type:b dur:2 cpbdur:2 q:31.26 aq:27.87 tex:287 mv:448 misc:745 imb:2 pmb:153 smb:4165 d:- ref:0 ;
in:1910 out:1907 type:P dur:2 cpbdur:2 q:31.22 aq:25.27 tex:14843 mv:4576 misc:1005 imb:231 pmb:343 smb:3746 d:s ref:0 ;
in:1908 out:1908 type:B dur:2 cpbdur:2 q:31.24 aq:31.12 tex:511 mv:510 misc:867 imb:1 pmb:174 smb:4145 d:s ref:0 ;
in:1907 out:1909 type:b dur:2 cpbdur:2 q:31.25 aq:32.83 tex:168 mv:59 misc:285 imb:0 pmb:6 smb:4314 d:s ref:0 ;
in:1909 out:1910 type:b dur:2 cpbdur:2 q:31.23 aq:31.41 tex:261 mv:322 misc:785 imb:4 pmb:144 smb:4172 d:- ref:0 ;
in:1914 out:1911 type:P dur:2 cpbdur:2 q:31.21 aq:23.59 tex:18308 mv:5045 misc:1007 imb:290 pmb:312 smb:3718 d:s ref:0 ;
in:1912 out:1912 type:B dur:2 cpbdur:2 q:31.21 aq:31.06 tex:3944 mv:2052 misc:900 imb:14 pmb:240 smb:4066 d:s ref:0 ;
in:1911 out:1913 type:b dur:2 cpbdur:2 q:31.22 aq:26.96 tex:296 mv:510 misc:818 imb:6 pmb:169 smb:4145 d:s ref:0 ;
in:1913 out:1914 type:b dur:2 cpbdur:2 q:31.21 aq:33.10 tex:458 mv:582 misc:824 imb:3 pmb:151 smb:4166 d:- ref:0 ;
in:1918 out:1915 type:P dur:2 cpbdur:2 q:31.14 aq:25.75 tex:21504 mv:5428 misc:900 imb:364 pmb:323 smb:3633 d:s ref:0 ;
in:1916 out:1916 type:B dur:2 cpbdur:2 q:31.17 aq:27.93 tex:10941 mv:5191 misc:1108 imb:86 pmb:404 smb:3830 d:t ref:0 ;
in:1915 out:1917 type:b dur:2 cpbdur:2 q:31.19 aq:26.56 tex:159 mv:393 misc:896 imb:2 pmb:175 smb:4143 d:s ref:0 ;
in:1917 out:1918 type:b dur:2 cpbdur:2 q:31.16 aq:28.05 tex:51 mv:365 misc:760 imb:2 pmb:137 smb:4181 d:- ref:0 ;
in:1922 out:1919 type:P dur:2 cpbdur:2 q:31.11 aq:21.29 tex:19615 mv:5156 misc:1117 imb:305 pmb:392 smb:3623 d:s ref:0 ;
in:1920 out:1920 type:B dur:2 cpbdur:2 q:31.12 aq:27.57 tex:7094 mv:2390 misc:1084 imb:32 pmb:320 smb:3968 d:s ref:0 ;
in:1919 out:1921 type:b dur:2 cpbdur:2 q:31.13 aq:28.84 tex:217 mv:360 misc:799 imb:4 pmb:160 smb:4156 d:s ref:0 ;
in:1921 out:1922 type:b dur:2 cpbdur:2 q:31.12 aq:30.48 tex:66 mv:85 misc:281 imb:1 pmb:6 smb:4313 d:- ref:0 ;
in:1924 out:1923 type:P dur:2 cpbdur:2 q:31.14 aq:26.57 tex:8654 mv:3021 misc:1261 imb:72 pmb:353 smb:3895 d:s ref:0 ;
in:1923 out:1924 type:b dur:2 cpbdur:2 q:31.13 aq:23.50 tex:133 mv:156 misc:351 imb:2 pmb:21 smb:4297 d:s ref:0 ;
in:1925 out:1925 type:P dur:2 cpbdur:2 q:31.13 aq:28.82 tex:895 mv:231 misc:498 imb:7 pmb:37 smb:4276 d:s ref:0 ;
in:1929 out:1926 type:P dur:2 cpbdur:2 q:31.09 aq:24.69 tex:19892 mv:4957 misc:1031 imb:297 pmb:375 smb:3648 d:s ref:0 ;
in:1927 out:1927 type:B dur:2 cpbdur:2 q:31.11 aq:29.28 tex:3017 mv:1048 misc:799 imb:5 pmb:189 smb:4126 d:s ref:0 ;
in:1926 out:1928 type:b dur:2 cpbdur:2 q:31.12 aq:21.65 tex:92 mv:357 misc:671 imb:2 pmb:102 smb:4216 d:s ref:0 ;
in:1928 out:1929 type:b dur:2 cpbdur:2 q:31.10 aq:30.02 tex:100 mv:301 misc:631 imb:1 pmb:98 smb:4221 d:- ref:0 ;
in:1931 out:1930 type:P dur:2 cpbdur:2 q:31.07 aq:24.03 tex:8100 mv:2568 misc:1284 imb:50 pmb:338 smb:3932 d:s ref:0 ;
in:1930 out:1931 type:b dur:2 cpbdur:2 q:31.08 aq:30.68 tex:76 mv:186 misc:490 imb:0 pmb:56 smb:4264 d:s ref:0 ;
in:1935 out:1932 type:P dur:2 cpbdur:2 q:31.05 aq:25.46 tex:20307 mv:5320 misc:1029 imb:281 pmb:390 smb:3649 d:s ref:0 ;
in:1933 out:1933 type:B dur:2 cpbdur:2 q:31.06 aq:29.98 tex:2499 mv:891 misc:842 imb:11 pmb:173 smb:4136 d:s ref:0 ;
in:1932 out:1934 type:b dur:2 cpbdur:2 q:31.07 aq:33.17 tex:211 mv:330 misc:579 imb:0 pmb:81 smb:4239 d:s ref:0 ;
in:1934 out:1935 type:b dur:2 cpbdur:2 q:31.06 aq:31.32 tex:96 mv:509 misc:747 imb:2 pmb:137 smb:4181 d:- ref:0 ;
in:1939 out:1936 type:P dur:2 cpbdur:2 q:31.11 aq:25.98 tex:12997 mv:3814 misc:1125 imb:129 pmb:354 smb:3837 d:s ref:0 ;
in:1937 out:1937 type:B dur:2 cpbdur:2 q:31.08 aq:28.49 tex:1305 mv:477 misc:730 imb:9 pmb:94 smb:4217 d:s ref:0 ;
in:1936 out:1938 type:b dur:2 cpbdur:2 q:31.07 aq:25.19 tex:30 mv:114 misc:528 imb:2 pmb:51 smb:4267 d:s ref:0 ;
in:1938 out:1939 type:b dur:2 cpbdur:2 q:31.10 aq:29.59 tex:143 mv:190 misc:571 imb:1 pmb:77 smb:4242 d:- ref:0 ;
in:1941 out:1940 type:P dur:2 cpbdur:2 q:31.08 aq:24.56 tex:12295 mv:3937 misc:1184 imb:160 pmb:353 smb:3807 d:s ref:0 ;
in:1940 out:1941 type:b dur:2 cpbdur:2 q:31.09 aq:29.83 tex:135 mv:226 misc:751 imb:0 pmb:135 smb:4185 d:s ref:0 ;
in:1945 out:1942 type:P dur:2 cpbdur:2 q:31.07 aq:25.96 tex:12222 mv:3874 misc:1056 imb:124 pmb:361 smb:3835 d:s ref:0 ;
in:1943 out:1943 type:B dur:2 cpbdur:2 q:31.07 aq:26.99 tex:2259 mv:829 misc:896 imb:10 pmb:164 smb:4146 d:s ref:0 ;
in:1942 out:1944 type:b dur:2 cpbdur:2 q:31.07 aq:29.93 tex:33 mv:137 misc:502 imb:1 pmb:54 smb:4265 d:s ref:0 ;
in:1944 out:1945 type:b dur:2 cpbdur:2 q:31.07 aq:31.00 tex:9 mv:190 misc:529 imb:0 pmb:70 smb:4250 d:- ref:0 ;
in:1949 out:1946 type:P dur:2 cpbdur:2 q:31.05 aq:25.23 tex:15465 mv:4527 misc:1064 imb:208 pmb:356 smb:3756 d:s ref:0 ;
in:1947 out:1947 type:B dur:2 cpbdur:2 q:31.06 aq:23.63 tex:2141 mv:881 misc:938 imb:10 pmb:184 smb:4126 d:s ref:0 ;
in:1946 out:1948 type:b dur:2 cpbdur:2 q:31.06 aq:25.20 tex:46 mv:501 misc:757 imb:4 pmb:133 smb:4183 d:s ref:0 ;
in:1948 out:1949 type:b dur:2 cpbdur:2 q:31.05 aq:31.00 tex:6 mv:107 misc:327 imb:0 pmb:20 smb:4300 d:- ref:0 ;
in:1953 out:1950 type:P dur:2 cpbdur:2 q:31.04 aq:22.41 tex:23308 mv:5421 misc:831 imb:282 pmb:401 smb:3637 d:s ref:0 ;
in:1951 out:1951 type:B dur:2 cpbdur:2 q:31.04 aq:28.14 tex:1852 mv:944 misc:788 imb:9 pmb:156 smb:4155 d:s ref:0 ;
in:1950 out:1952 type:b dur:2 cpbdur:2 q:31.05 aq:32.07 tex:154 mv:452 misc:634 imb:3 pmb:96 smb:4221 d:s ref:0 ;
in:1952 out:1953 type:b dur:2 cpbdur:2 q:31.04 aq:29.74 tex:72 mv:525 misc:747 imb:2 pmb:136 smb:4182 d:- ref:0 ;
in:1955 out:1954 type:P dur:2 cpbdur:2 q:30.98 aq:22.34 tex:9156 mv:3117 misc:1111 imb:54 pmb:392 smb:3874 d:s ref:0 ;
in:1954 out:1955 type:b dur:2 cpbdur:2 q:31.01 aq:34.05 tex:69 mv:200 misc:347 imb:0 pmb:24 smb:4296 d:s ref:0 ;
in:1959 out:1956 type:P dur:2 cpbdur:2 q:30.95 aq:20.07 tex:20898 mv:5267 misc:899 imb:222 pmb:419 smb:3679 d:s ref:0 ;
in:1957 out:1957 type:B dur:2 cpbdur:2 q:30.97 aq:30.40 tex:325 mv:710 misc:845 imb:3 pmb:165 smb:4152 d:s ref:0 ;
in:1956 out:1958 type:b dur:2 cpbdur:2 q:30.98 aq:36.36 tex:38 mv:124 misc:262 imb:0 pmb:6 smb:4314 d:s ref:0 ;
in:1958 out:1959 type:b dur:2 cpbdur:2 q:30.96 aq:30.11 tex:951 mv:841 misc:704 imb:6 pmb:114 smb:4200 d:- ref:0 ;
in:1963 out:1960 type:P dur:2 cpbdur:2 q:30.95 aq:21.06 tex:21149 mv:5112 misc:1003 imb:232 pmb:415 smb:3673 d:s ref:0 ;
in:1961 out:1961 type:B dur:2 cpbdur:2 q:30.95 aq:29.00 tex:1886 mv:1242 misc:824 imb:3 pmb:184 smb:4133 d:t ref:0 ;
in:1960 out:1962 type:b dur:2 cpbdur:2 q:30.95 aq:31.63 tex:149 mv:301 misc:422 imb:1 pmb:35 smb:4284 d:s ref:0 ;
in:1962 out:1963 type:b dur:2 cpbdur:2 q:30.95 aq:28.12 tex:904 mv:505 misc:631 imb:6 pmb:86 smb:4228 d:- ref:0 ;
in:1966 out:1964 type:P dur:2 cpbdur:2 q:30.93 aq:18.85 tex:12635 mv:4094 misc:1047 imb:121 pmb:433 smb:3766 d:s ref:0 ;
in:1964 out:1965 type:B dur:2 cpbdur:2 q:30.94 aq:30.74 tex:393 mv:182 misc:425 imb:0 pmb:32 smb:4288 d:s ref:0 ;
in:1965 out:1966 type:b dur:2 cpbdur:2 q:30.94 aq:33.54 tex:287 mv:234 misc:543 imb:1 pmb:65 smb:4254 d:- ref:0 ;
in:1970 out:1967 type:P dur:2 cpbdur:2 q:30.88 aq:25.55 tex:13891 mv:3939 misc:986 imb:116 pmb:381 smb:3823 d:s ref:0 ;
in:1968 out:1968 type:B dur:2 cpbdur:2 q:30.90 aq:28.98 tex:3463 mv:1211 misc:926 imb:4 pmb:221 smb:4095 d:s ref:0 ;
in:1967 out:1969 type:b dur:2 cpbdur:2 q:30.92 aq:34.52 tex:236 mv:133 misc:455 imb:0 pmb:42 smb:4278 d:s ref:0 ;
in:1969 out:1970 type:b dur:2 cpbdur:2 q:30.89 aq:33.39 tex:303 mv:330 misc:615 imb:1 pmb:91 smb:4228 d:- ref:0 ;
in:1974 out:1971 type:P dur:2 cpbdur:2 q:30.85 aq:20.04 tex:16424 mv:4507 misc:1045 imb:199 pmb:367 smb:3754 d:s ref:0 ;
in:1972 out:1972 type:B dur:2 cpbdur:2 q:30.86 aq:30.11 tex:540 mv:258 misc:506 imb:3 pmb:43 smb:4274 d:s ref:0 ;
in:1971 out:1973 type:b dur:2 cpbdur:2 q:30.87 aq:28.21 tex:263 mv:295 misc:650 imb:7 pmb:88 smb:4225 d:s ref:0 ;
in:1973 out:1974 type:b dur:2 cpbdur:2 q:30.85 aq:33.39 tex:318 mv:452 misc:710 imb:0 pmb:119 smb:4201 d:- ref:0 ;
in:1977 out:1975 type:P dur:2 cpbdur:2 q:30.84 aq:24.46 tex:23268 mv:5424 misc:964 imb:246 pmb:415 smb:3659 d:s ref:0 ;
in:1975 out:1976 type:B dur:2 cpbdur:2 q:30.84 aq:31.47 tex:5095 mv:1591 misc:954 imb:8 pmb:273 smb:4039 d:t ref:0 ;
in:1976 out:1977 type:b dur:2 cpbdur:2 q:30.84 aq:33.17 tex:324 mv:418 misc:698 imb:0 pmb:124 smb:4196 d:- ref:0 ;
in:1981 out:1978 type:P dur:2 cpbdur:2 q:30.86 aq:26.12 tex:15361 mv:4049 misc:1006 imb:115 pmb:390 smb:3815 d:s ref:0 ;
in:1979 out:1979 type:B dur:2 cpbdur:2 q:30.85 aq:31.84 tex:1002 mv:690 misc:660 imb:1 pmb:106 smb:4213 d:s ref:0 ;
in:1978 out:1980 type:b dur:2 cpbdur:2 q:30.85 aq:32.68 tex:96 mv:148 misc:324 imb:0 pmb:15 smb:4305 d:s ref:0 ;
in:1980 out:1981 type:b dur:2 cpbdur:2 q:30.86 aq:29.26 tex:39 mv:537 misc:720 imb:1 pmb:121 smb:4198 d:- ref:0 ;
in:1985 out:1982 type:P dur:2 cpbdur:2 q:30.81 aq:24.59 tex:19366 mv:5245 misc:853 imb:277 pmb:378 smb:3665 d:s ref:0 ;
in:1983 out:1983 type:B dur:2 cpbdur:2 q:30.84 aq:29.99 tex:1830 mv:711 misc:851 imb:5 pmb:161 smb:4154 d:s ref:0 ;
in:1982 out:1984 type:b dur:2 cpbdur:2 q:30.85 aq:28.82 tex:117 mv:470 misc:637 imb:4 pmb:102 smb:4214 d:s ref:0 ;
in:1984 out:1985 type:b dur:2 cpbdur:2 q:30.82 aq:31.19 tex:98 mv:277 misc:649 imb:0 pmb:100 smb:4220 d:- ref:0 ;
in:1989 out:1986 type:P dur:2 cpbdur:2 q:30.80 aq:24.09 tex:21443 mv:5208 misc:885 imb:273 pmb:387 smb:3660 d:s ref:0 ;
in:1987 out:1987 type:B dur:2 cpbdur:2 q:30.81 aq:28.72 tex:3243 mv:989 misc:856 imb:9 pmb:210 smb:4101 d:s ref:0 ;
in:1986 out:1988 type:b dur:2 cpbdur:2 q:30.81 aq:29.35 tex:64 mv:306 misc:622 imb:0 pmb:98 smb:4222 d:s ref:0 ;
in:1988 out:1989 type:b dur:2 cpbdur:2 q:30.81 aq:27.52 tex:96 mv:290 misc:574 imb:1 pmb:85 smb:4234 d:- ref:0 ;
in:1993 out:1990 type:P dur:2 cpbdur:2 q:30.78 aq:25.59 tex:16219 mv:4410 misc:803 imb:132 pmb:385 smb:3803 d:s ref:0 ;
in:1991 out:1991 type:B dur:2 cpbdur:2 q:30.79 aq:28.97 tex:1397 mv:649 misc:706 imb:2 pmb:131 smb:4187 d:s ref:0 ;
in:1990 out:1992 type:b dur:2 cpbdur:2 q:30.80 aq:31.40 tex:106 mv:207 misc:455 imb:0 pmb:42 smb:4278 d:s ref:0 ;
in:1992 out:1993 type:b dur:2 cpbdur:2 q:30.79 aq:30.15 tex:150 mv:396 misc:590 imb:2 pmb:95 smb:4223 d:- ref:0 ;
in:1997 out:1994 type:P dur:2 cpbdur:2 q:30.76 aq:20.22 tex:18211 mv:4749 misc:824 imb:170 pmb:356 smb:3794 d:s ref:0 ;
in:1995 out:1995 type:B dur:2 cpbdur:2 q:30.77 aq:30.25 tex:801 mv:281 misc:550 imb:2 pmb:64 smb:4254 d:s ref:0 ;
in:1994 out:1996 type:b dur:2 cpbdur:2 q:30.78 aq:26.64 tex:34 mv:250 misc:540 imb:1 pmb:74 smb:4245 d:s ref:0 ;
in:1996 out:1997 type:b dur:2 cpbdur:2 q:30.77 aq:31.14 tex:158 mv:335 misc:699 imb:0 pmb:122 smb:4198 d:- ref:0 ;
in:1999 out:1998 type:P dur:2 cpbdur:2 q:30.72 aq:29.09 tex:5638 mv:2708 misc:942 imb:80 pmb:262 smb:3978 d:s ref:0 ;
in:1998 out:1999 type:b dur:2 cpbdur:2 q:30.74 aq:29.98 tex:155 mv:242 misc:587 imb:0 pmb:88 smb:4232 d:s ref:0 ;
in:2000 out:2000 type:I dur:2 cpbdur:2 q:27.93 aq:13.69 tex:238331 mv:37529 misc:524 imb:4320 pmb:0 smb:0 d:s ref:;
in:2004 out:2001 type:P dur:2 cpbdur:2 q:31.46 aq:23.19 tex:14342 mv:4576 misc:850 imb:173 pmb:339 smb:3808 d:s ref:0 ;
in:2002 out:2002 type:B dur:2 cpbdur:2 q:31.46 aq:29.91 tex:635 mv:92 misc:473 imb:2 pmb:47 smb:4271 d:s ref:0 ;
in:2001 out:2003 type:b dur:2 cpbdur:2 q:31.46 aq:32.00 tex:10 mv:139 misc:571 imb:0 pmb:82 smb:4238 d:s ref:0 ;
in:2003 out:2004 type:b dur:2 cpbdur:2 q:31.46 aq:31.47 tex:120 mv:421 misc:635 imb:0 pmb:105 smb:4215 d:- ref:0 ;
in:2007 out:2005 type:P dur:2 cpbdur:2 q:31.40 aq:26.52 tex:21185 mv:5102 misc:689 imb:220 pmb:356 smb:3744 d:s ref:0 ;
in:2005 out:2006 type:B dur:2 cpbdur:2 q:31.44 aq:30.63 tex:2149 mv:998 misc:773 imb:7 pmb:154 smb:4159 d:s ref:0 ;
in:2006 out:2007 type:b dur:2 cpbdur:2 q:31.42 aq:30.57 tex:134 mv:471 misc:683 imb:2 pmb:124 smb:4194 d:- ref:0 ;
in:2011 out:2008 type:P dur:2 cpbdur:2 q:31.39 aq:28.77 tex:7138 mv:2330 misc:884 imb:30 pmb:292 smb:3998 d:s ref:0 ;
in:2009 out:2009 type:B dur:2 cpbdur:2 q:31.40 aq:30.81 tex:424 mv:263 misc:633 imb:1 pmb:95 smb:4224 d:s ref:0 ;
in:2008 out:2010 type:b dur:2 cpbdur:2 q:31.40 aq:31.00 tex:23 mv:71 misc:386 imb:0 pmb:25 smb:4295 d:s ref:0 ;
in:2010 out:2011 type:b dur:2 cpbdur:2 q:31.39 aq:36.88 tex:175 mv:94 misc:291 imb:0 pmb:7 smb:4313 d:- ref:0 ;
in:2015 out:2012 type:P dur:2 cpbdur:2 q:31.31 aq:20.67 tex:26388 mv:5457 misc:739 imb:228 pmb:361 smb:3731 d:s ref:0 ;
in:2013 out:2013 type:B dur:2 cpbdur:2 q:31.35 aq:29.65 tex:2738 mv:1250 misc:892 imb:7 pmb:223 smb:4090 d:s ref:0 ;
in:2012 out:2014 type:b dur:2 cpbdur:2 q:31.37 aq:24.81 tex:45 mv:349 misc:662 imb:2 pmb:121 smb:4197 d:s ref:0 ;
in:2014 out:2015 type:b dur:2 cpbdur:2 q:31.33 aq:29.42 tex:53 mv:230 misc:557 imb:0 pmb:77 smb:4243 d:- ref:0 ;
in:2018 out:2016 type:P dur:2 cpbdur:2 q:31.29 aq:21.99 tex:14730 mv:3297 misc:925 imb:46 pmb:402 smb:3872 d:s ref:0 ;
in:2016 out:2017 type:B dur:2 cpbdur:2 q:31.30 aq:34.40 tex:261 mv:64 misc:299 imb:0 pmb:13 smb:4307 d:s ref:0 ;
in:2017 out:2018 type:b dur:2 cpbdur:2 q:31.30 aq:36.88 tex:118 mv:47 misc:275 imb:0 pmb:5 smb:4315 d:- ref:0 ;
in:2022 out:2019 type:P dur:2 cpbdur:2 q:31.28 aq:25.52 tex:11456 mv:2153 misc:831 imb:30 pmb:350 smb:3940 d:s ref:0 ;
in:2020 out:2020 type:B dur:2 cpbdur:2 q:31.28 aq:27.50 tex:125 mv:84 misc:407 imb:2 pmb:28 smb:4290 d:s ref:0 ;
in:2019 out:2021 type:b dur:2 cpbdur:2 q:31.28 aq:35.93 tex:46 mv:10 misc:264 imb:0 pmb:2 smb:4318 d:s ref:0 ;
in:2021 out:2022 type:b dur:2 cpbdur:2 q:31.28 aq:31.00 tex:0 mv:0 misc:248 imb:0 pmb:0 smb:4320 d:- ref:0 ;
in:2026 out:2023 type:P dur:2 cpbdur:2 q:31.24 aq:22.72 tex:4964 mv:714 misc:890 imb:39 pmb:141 smb:4140 d:s ref:0 ;
in:2024 out:2024 type:B dur:2 cpbdur:2 q:31.26 aq:34.29 tex:98 mv:74 misc:324 imb:0 pmb:23 smb:4297 d:s ref:0 ;
in:2023 out:2025 type:b dur:2 cpbdur:2 q:31.27 aq:31.00 tex:2 mv:18 misc:260 imb:0 pmb:5 smb:4315 d:s ref:0 ;
in:2025 out:2026 type:b dur:2 cpbdur:2 q:31.25 aq:34.11 tex:843 mv:165 misc:320 imb:2 pmb:28 smb:4290 d:- ref:0 ;
in:2028 out:2027 type:P dur:2 cpbdur:2 q:31.14 aq:25.75 tex:1993 mv:328 misc:447 imb:37 pmb:27 smb:4256 d:s ref:0 ;
in:2027 out:2028 type:b dur:2 cpbdur:2 q:31.19 aq:27.86 tex:896 mv:220 misc:348 imb:13 pmb:23 smb:4284 d:s ref:0 ;
in:2029 out:2029 type:P dur:2 cpbdur:2 q:31.06 aq:28.13 tex:854 mv:173 misc:341 imb:35 pmb:2 smb:4283 d:s ref:0 ;
in:2030 out:2030 type:P dur:2 cpbdur:2 q:31.07 aq:26.38 tex:923 mv:190 misc:335 imb:32 pmb:5 smb:4283 d:s ref:0 ;
in:2031 out:2031 type:P dur:2 cpbdur:2 q:31.03 aq:25.89 tex:2414 mv:384 misc:354 imb:65 pmb:18 smb:4237 d:s ref:0 ;
in:2032 out:2032 type:P dur:2 cpbdur:2 q:30.99 aq:24.58 tex:760 mv:167 misc:329 imb:35 pmb:3 smb:4282 d:s ref:0 ;
in:2033 out:2033 type:P dur:2 cpbdur:2 q:30.94 aq:22.33 tex:916 mv:232 misc:332 imb:26 pmb:9 smb:4285 d:s ref:0 ;
in:2034 out:2034 type:P dur:2 cpbdur:2 q:30.94 aq:26.35 tex:876 mv:177 misc:299 imb:20 pmb:6 smb:4294 d:s ref:0 ;
in:2037 out:2035 type:P dur:2 cpbdur:2 q:30.90 aq:25.36 tex:49093 mv:6301 misc:1638 imb:499 pmb:543 smb:3278 d:s ref:0 ;
in:2035 out:2036 type:B dur:2 cpbdur:2 q:30.92 aq:17.39 tex:688 mv:593 misc:727 imb:19 pmb:211 smb:4090 d:s ref:0 ;
in:2036 out:2037 type:b dur:2 cpbdur:2 q:30.91 aq:33.55 tex:1234 mv:448 misc:470 imb:21 pmb:46 smb:4253 d:- ref:0 ;
in:2038 out:2038 type:P dur:2 cpbdur:2 q:30.93 aq:25.12 tex:74111 mv:11978 misc:1511 imb:1087 pmb:672 smb:2561 d:s ref:0 w:7,123,1,6,64,0,59,10 ;
in:2039 out:2039 type:P dur:2 cpbdur:2 q:30.99 aq:25.19 tex:29011 mv:7263 misc:1774 imb:635 pmb:677 smb:3008 d:s ref:0 ;
in:2040 out:2040 type:P dur:2 cpbdur:2 q:31.02 aq:24.50 tex:15160 mv:4582 misc:2026 imb:246 pmb:506 smb:3568 d:s ref:0 ;
in:2041 out:2041 type:P dur:2 cpbdur:2 q:31.03 aq:25.24 tex:8085 mv:3894 misc:1797 imb:257 pmb:417 smb:3646 d:s ref:0 ;
in:2042 out:2042 type:P dur:2 cpbdur:2 q:31.04 aq:24.25 tex:8732 mv:3641 misc:2003 imb:240 pmb:380 smb:3700 d:s ref:0 ;
in:2043 out:2043 type:P dur:2 cpbdur:2 q:31.08 aq:24.47 tex:16697 mv:7777 misc:2342 imb:459 pmb:700 smb:3161 d:s ref:0 ;
in:2044 out:2044 type:P dur:2 cpbdur:2 q:31.11 aq:21.34 tex:55062 mv:12921 misc:1897 imb:949 pmb:856 smb:2515 d:s ref:0 ;
in:2047 out:2045 type:P dur:2 cpbdur:2 q:31.18 aq:19.89 tex:102642 mv:15284 misc:1898 imb:1096 pmb:1026 smb:2198 d:s ref:0 ;
in:2045 out:2046 type:B dur:2 cpbdur:2 q:31.13 aq:25.94 tex:5824 mv:5906 misc:2126 imb:162 pmb:564 smb:3594 d:s ref:0 ;
in:2046 out:2047 type:b dur:2 cpbdur:2 q:31.16 aq:25.54 tex:1766 mv:3261 misc:1485 imb:105 pmb:303 smb:3912 d:- ref:0 ;
in:2048 out:2048 type:P dur:2 cpbdur:2 q:31.42 aq:22.23 tex:65420 mv:9063 misc:2237 imb:432 pmb:1028 smb:2860 d:s ref:0 ;
in:2049 out:2049 type:P dur:2 cpbdur:2 q:31.50 aq:21.60 tex:69329 mv:6305 misc:2286 imb:398 pmb:873 smb:3049 d:s ref:0 ;
in:2050 out:2050 type:P dur:2 cpbdur:2 q:31.55 aq:20.08 tex:47763 mv:6685 misc:2416 imb:615 pmb:946 smb:2759 d:s ref:0 ;
in:2054 out:2051 type:P dur:2 cpbdur:2 q:31.60 aq:20.11 tex:64647 mv:9625 misc:2296 imb:604 pmb:1126 smb:2590 d:s ref:0 ;
in:2052 out:2052 type:B dur:2 cpbdur:2 q:31.58 aq:28.38 tex:1907 mv:2651 misc:1394 imb:38 pmb:297 smb:3985 d:s ref:0 ;
in:2051 out:2053 type:b dur:2 cpbdur:2 q:31.57 aq:29.37 tex:1266 mv:2805 misc:1345 imb:80 pmb:274 smb:3966 d:s ref:0 ;
in:2053 out:2054 type:b dur:2 cpbdur:2 q:31.59 aq:34.30 tex:4021 mv:1807 misc:1084 imb:22 pmb:268 smb:4030 d:- ref:0 ;
in:2058 out:2055 type:P dur:2 cpbdur:2 q:31.74 aq:21.00 tex:102905 mv:8698 misc:2213 imb:630 pmb:989 smb:2701 d:s ref:0 ;
in:2056 out:2056 type:B dur:2 cpbdur:2 q:31.67 aq:31.06 tex:13576 mv:2101 misc:1443 imb:40 pmb:427 smb:3853 d:s ref:0 ;
in:2055 out:2057 type:b dur:2 cpbdur:2 q:31.63 aq:34.42 tex:6294 mv:2056 misc:1114 imb:55 pmb:261 smb:4004 d:s ref:0 ;
in:2057 out:2058 type:b dur:2 cpbdur:2 q:31.70 aq:32.57 tex:3404 mv:951 misc:997 imb:9 pmb:221 smb:4090 d:- ref:0 ;
in:2059 out:2059 type:P dur:2 cpbdur:2 q:32.18 aq:22.71 tex:26230 mv:3278 misc:2220 imb:300 pmb:693 smb:3327 d:s ref:0 ;
in:2060 out:2060 type:P dur:2 cpbdur:2 q:32.19 aq:25.10 tex:26594 mv:2312 misc:1998 imb:54 pmb:585 smb:3681 d:s ref:0 ;
in:2061 out:2061 type:P dur:2 cpbdur:2 q:32.22 aq:23.79 tex:18511 mv:2058 misc:2223 imb:143 pmb:498 smb:3679 d:s ref:0 ;
in:2065 out:2062 type:P dur:2 cpbdur:2 q:32.31 aq:18.99 tex:117451 mv:5713 misc:1892 imb:635 pmb:463 smb:3222 d:s ref:0 ;
in:2063 out:2063 type:B dur:2 cpbdur:2 q:32.26 aq:27.20 tex:38769 mv:4346 misc:797 imb:190 pmb:256 smb:3874 d:s ref:0 ;
in:2062 out:2064 type:b dur:2 cpbdur:2 q:32.24 aq:22.84 tex:136 mv:355 misc:669 imb:14 pmb:119 smb:4187 d:s ref:0 ;
in:2064 out:2065 type:b dur:2 cpbdur:2 q:32.29 aq:21.30 tex:131 mv:418 misc:675 imb:15 pmb:102 smb:4203 d:- ref:0 ;
in:2069 out:2066 type:P dur:2 cpbdur:2 q:32.71 aq:23.72 tex:1350 mv:154 misc:592 imb:8 pmb:44 smb:4268 d:s ref:0 ;
in:2067 out:2067 type:B dur:2 cpbdur:2 q:32.51 aq:30.00 tex:0 mv:0 misc:264 imb:0 pmb:0 smb:4320 d:s ref:0 ;
in:2066 out:2068 type:b dur:2 cpbdur:2 q:32.41 aq:32.00 tex:0 mv:0 misc:248 imb:0 pmb:0 smb:4320 d:s ref:0 ;
in:2068 out:2069 type:b dur:2 cpbdur:2 q:32.61 aq:32.00 tex:0 mv:0 misc:248 imb:0 pmb:0 smb:4320 d:- ref:0 ;
in:2073 out:2070 type:P dur:2 cpbdur:2 q:32.93 aq:24.49 tex:408 mv:202 misc:446 imb:24 pmb:19 smb:4277 d:s ref:0 ;
in:2071 out:2071 type:B dur:2 cpbdur:2 q:32.82 aq:31.00 tex:0 mv:0 misc:264 imb:0 pmb:0 smb:4320 d:s ref:0 ;
in:2070 out:2072 type:b dur:2 cpbdur:2 q:32.77 aq:32.00 tex:0 mv:0 misc:248 imb:0 pmb:0 smb:4320 d:s ref:0 ;
in:2072 out:2073 type:b dur:2 cpbdur:2 q:32.88 aq:33.00 tex:0 mv:0 misc:248 imb:0 pmb:0 smb:4320 d:- ref:0 ;
in:2077 out:2074 type:P dur:2 cpbdur:2 q:32.90 aq:24.44 tex:170 mv:24 misc:318 imb:1 pmb:4 smb:4315 d:s ref:0 ;
in:2075 out:2075 type:B dur:2 cpbdur:2 q:32.91 aq:31.00 tex:0 mv:0 misc:264 imb:0 pmb:0 smb:4320 d:s ref:0 ;
in:2074 out:2076 type:b dur:2 cpbdur:2 q:32.92 aq:33.00 tex:0 mv:0 misc:248 imb:0 pmb:0 smb:4320 d:s ref:0 ;
in:2076 out:2077 type:b dur:2 cpbdur:2 q:32.91 aq:33.00 tex:0 mv:0 misc:248 imb:0 pmb:0 smb:4320 d:- ref:0 ;
in:2081 out:2078 type:P dur:2 cpbdur:2 q:32.85 aq:26.40 tex:258 mv:49 misc:333 imb:0 pmb:12 smb:4308 d:s ref:0 ;
in:2079 out:2079 type:B dur:2 cpbdur:2 q:32.87 aq:31.00 tex:0 mv:0 misc:264 imb:0 pmb:0 smb:4320 d:s ref:0 ;
in:2078 out:2080 type:b dur:2 cpbdur:2 q:32.89 aq:33.00 tex:0 mv:0 misc:248 imb:0 pmb:0 smb:4320 d:s ref:0 ;
in:2080 out:2081 type:b dur:2 cpbdur:2 q:32.86 aq:33.00 tex:0 mv:6 misc:250 imb:0 pmb:1 smb:4319 d:- ref:0 ;
in:2085 out:2082 type:P dur:2 cpbdur:2 q:33.03 aq:28.39 tex:11949 mv:869 misc:406 imb:111 pmb:61 smb:4148 d:s ref:0 ;
in:2083 out:2083 type:B dur:2 cpbdur:2 q:32.94 aq:31.35 tex:1135 mv:291 misc:398 imb:8 pmb:55 smb:4257 d:s ref:0 ;
in:2082 out:2084 type:b dur:2 cpbdur:2 q:32.90 aq:35.75 tex:475 mv:172 misc:265 imb:1 pmb:10 smb:4309 d:s ref:0 ;
in:2084 out:2085 type:b dur:2 cpbdur:2 q:32.99 aq:24.34 tex:935 mv:404 misc:453 imb:13 pmb:67 smb:4240 d:- ref:0 ;
in:2088 out:2086 type:P dur:2 cpbdur:2 q:32.88 aq:20.77 tex:8908 mv:903 misc:541 imb:122 pmb:65 smb:4133 d:s ref:0 ;
in:2086 out:2087 type:B dur:2 cpbdur:2 q:32.98 aq:30.48 tex:2156 mv:710 misc:446 imb:58 pmb:66 smb:4196 d:s ref:0 ;
in:2087 out:2088 type:b dur:2 cpbdur:2 q:32.93 aq:24.87 tex:595 mv:339 misc:434 imb:9 pmb:64 smb:4247 d:- ref:0 ;
in:2089 out:2089 type:P dur:2 cpbdur:2 q:32.82 aq:24.23 tex:1948 mv:304 misc:564 imb:8 pmb:50 smb:4262 d:s ref:0 ;
in:2093 out:2090 type:P dur:2 cpbdur:2 q:32.82 aq:23.25 tex:8461 mv:896 misc:459 imb:94 pmb:59 smb:4167 d:s ref:0 ;
in:2091 out:2091 type:B dur:2 cpbdur:2 q:32.82 aq:28.18 tex:749 mv:263 misc:388 imb:5 pmb:48 smb:4267 d:s ref:0 ;
in:2090 out:2092 type:b dur:2 cpbdur:2 q:32.82 aq:30.19 tex:360 mv:198 misc:274 imb:1 pmb:11 smb:4308 d:s ref:0 ;
in:2092 out:2093 type:b dur:2 cpbdur:2 q:32.82 aq:29.80 tex:467 mv:199 misc:350 imb:3 pmb:39 smb:4278 d:- ref:0 ;
in:2095 out:2094 type:P dur:2 cpbdur:2 q:32.77 aq:23.98 tex:1782 mv:119 misc:387 imb:4 pmb:16 smb:4300 d:s ref:0 ;
in:2094 out:2095 type:b dur:2 cpbdur:2 q:32.79 aq:30.56 tex:222 mv:120 misc:274 imb:0 pmb:10 smb:4310 d:t ref:0 ;
in:2096 out:2096 type:P dur:2 cpbdur:2 q:32.71 aq:24.28 tex:776 mv:130 misc:334 imb:3 pmb:11 smb:4306 d:s ref:0 ;
in:2097 out:2097 type:P dur:2 cpbdur:2 q:32.69 aq:20.55 tex:959 mv:143 misc:370 imb:4 pmb:18 smb:4298 d:s ref:0 ;
in:2101 out:2098 type:P dur:2 cpbdur:2 q:32.61 aq:20.29 tex:2500 mv:430 misc:774 imb:25 pmb:68 smb:4227 d:s ref:0 ;
in:2099 out:2099 type:B dur:2 cpbdur:2 q:32.65 aq:31.93 tex:175 mv:132 misc:277 imb:1 pmb:9 smb:4310 d:t ref:0 ;
in:2098 out:2100 type:b dur:2 cpbdur:2 q:32.67 aq:34.20 tex:31 mv:87 misc:266 imb:0 pmb:7 smb:4313 d:s ref:0 ;
in:2100 out:2101 type:b dur:2 cpbdur:2 q:32.63 aq:32.50 tex:86 mv:61 misc:261 imb:0 pmb:6 smb:4314 d:- ref:0 ;
in:2105 out:2102 type:P dur:2 cpbdur:2 q:32.58 aq:18.97 tex:7409 mv:578 misc:421 imb:53 pmb:48 smb:4219 d:s ref:0 ;
in:2103 out:2103 type:B dur:2 cpbdur:2 q:32.59 aq:32.70 tex:145 mv:143 misc:352 imb:0 pmb:38 smb:4282 d:s ref:0 ;
in:2102 out:2104 type:b dur:2 cpbdur:2 q:32.60 aq:34.70 tex:49 mv:23 misc:256 imb:0 pmb:3 smb:4317 d:t ref:0 ;
in:2104 out:2105 type:b dur:2 cpbdur:2 q:32.59 aq:34.70 tex:65 mv:139 misc:356 imb:0 pmb:38 smb:4282 d:- ref:0 ;
in:2109 out:2106 type:P dur:2 cpbdur:2 q:32.52 aq:22.43 tex:770 mv:111 misc:375 imb:5 pmb:13 smb:4302 d:s ref:0 ;
in:2107 out:2107 type:B dur:2 cpbdur:2 q:32.55 aq:30.00 tex:2 mv:8 misc:278 imb:0 pmb:4 smb:4316 d:s ref:0 ;
in:2106 out:2108 type:b dur:2 cpbdur:2 q:32.56 aq:32.00 tex:2 mv:12 misc:258 imb:0 pmb:3 smb:4317 d:s ref:0 ;
in:2108 out:2109 type:b dur:2 cpbdur:2 q:32.53 aq:32.00 tex:0 mv:0 misc:248 imb:0 pmb:0 smb:4320 d:- ref:0 ;
in:2113 out:2110 type:P dur:2 cpbdur:2 q:32.38 aq:22.05 tex:3892 mv:3237 misc:1343 imb:52 pmb:350 smb:3918 d:s ref:0 ;
in:2111 out:2111 type:B dur:2 cpbdur:2 q:32.45 aq:24.80 tex:39 mv:158 misc:603 imb:3 pmb:99 smb:4218 d:s ref:0 ;
in:2110 out:2112 type:b dur:2 cpbdur:2 q:32.48 aq:23.66 tex:130 mv:275 misc:659 imb:4 pmb:113 smb:4203 d:s ref:0 ;
in:2112 out:2113 type:b dur:2 cpbdur:2 q:32.41 aq:32.00 tex:0 mv:0 misc:248 imb:0 pmb:0 smb:4320 d:- ref:0 ;
in:2117 out:2114 type:P dur:2 cpbdur:2 q:32.34 aq:24.53 tex:631 mv:102 misc:347 imb:2 pmb:11 smb:4307 d:s ref:0 ;
in:2115 out:2115 type:B dur:2 cpbdur:2 q:32.36 aq:33.47 tex:109 mv:74 misc:273 imb:0 pmb:4 smb:4316 d:s ref:0 ;
in:2114 out:2116 type:b dur:2 cpbdur:2 q:32.37 aq:32.00 tex:1 mv:10 misc:253 imb:0 pmb:2 smb:4318 d:s ref:0 ;
in:2116 out:2117 type:b dur:2 cpbdur:2 q:32.35 aq:34.31 tex:55 mv:42 misc:255 imb:0 pmb:3 smb:4317 d:- ref:0 ;
in:2121 out:2118 type:P dur:2 cpbdur:2 q:32.19 aq:28.80 tex:1126 mv:109 misc:285 imb:5 pmb:5 smb:4310 d:s ref:0 ;
in:2119 out:2119 type:B dur:2 cpbdur:2 q:32.26 aq:30.00 tex:3 mv:27 misc:290 imb:0 pmb:9 smb:4311 d:s ref:0 ;
in:2118 out:2120 type:b dur:2 cpbdur:2 q:32.30 aq:32.00 tex:0 mv:0 misc:248 imb:0 pmb:0 smb:4320 d:s ref:0 ;
in:2120 out:2121 type:b dur:2 cpbdur:2 q:32.23 aq:34.70 tex:39 mv:61 misc:268 imb:0 pmb:9 smb:4311 d:- ref:0 ;
in:2122 out:2122 type:P dur:2 cpbdur:2 q:32.14 aq:26.58 tex:833 mv:115 misc:292 imb:9 pmb:5 smb:4306 d:s ref:0 ;
in:2124 out:2123 type:P dur:2 cpbdur:2 q:32.12 aq:28.42 tex:798 mv:151 misc:331 imb:14 pmb:4 smb:4302 d:s ref:0 ;
in:2123 out:2124 type:b dur:2 cpbdur:2 q:32.13 aq:33.57 tex:537 mv:164 misc:299 imb:3 pmb:15 smb:4302 d:s ref:0 ;
in:2127 out:2125 type:P dur:2 cpbdur:2 q:32.07 aq:21.69 tex:823 mv:147 misc:326 imb:20 pmb:2 smb:4298 d:s ref:0 ;
in:2125 out:2126 type:B dur:2 cpbdur:2 q:32.10 aq:32.34 tex:719 mv:113 misc:312 imb:5 pmb:16 smb:4299 d:s ref:0 ;
in:2126 out:2127 type:b dur:2 cpbdur:2 q:32.08 aq:32.59 tex:158 mv:148 misc:286 imb:1 pmb:17 smb:4302 d:- ref:0 ;
in:2129 out:2128 type:P dur:2 cpbdur:2 q:31.97 aq:17.71 tex:36525 mv:1981 misc:614 imb:983 pmb:27 smb:3310 d:s ref:0 ;
in:2128 out:2129 type:b dur:2 cpbdur:2 q:32.02 aq:27.08 tex:78 mv:318 misc:612 imb:2 pmb:104 smb:4214 d:s ref:0 ;
in:2131 out:2130 type:P dur:2 cpbdur:2 q:32.01 aq:27.01 tex:681 mv:222 misc:377 imb:15 pmb:12 smb:4293 d:s ref:0 ;
in:2130 out:2131 type:b dur:2 cpbdur:2 q:31.99 aq:30.69 tex:75 mv:152 misc:285 imb:1 pmb:18 smb:4301 d:s ref:0 ;
in:2133 out:2132 type:P dur:2 cpbdur:2 q:31.94 aq:30.14 tex:950 mv:130 misc:352 imb:19 pmb:3 smb:4298 d:s ref:0 ;
in:2132 out:2133 type:b dur:2 cpbdur:2 q:31.97 aq:33.99 tex:33 mv:122 misc:293 imb:0 pmb:17 smb:4303 d:s ref:0 ;
in:2136 out:2134 type:P dur:2 cpbdur:2 q:31.90 aq:33.57 tex:1015 mv:145 misc:312 imb:16 pmb:2 smb:4302 d:s ref:0 ;
in:2134 out:2135 type:B dur:2 cpbdur:2 q:31.93 aq:32.38 tex:113 mv:119 misc:296 imb:0 pmb:14 smb:4306 d:s ref:0 ;
in:2135 out:2136 type:b dur:2 cpbdur:2 q:31.91 aq:25.78 tex:69 mv:202 misc:273 imb:2 pmb:11 smb:4307 d:- ref:0 ;
in:2139 out:2137 type:P dur:2 cpbdur:2 q:31.82 aq:18.76 tex:82637 mv:8234 misc:1297 imb:1128 pmb:334 smb:2858 d:s ref:0 ;
in:2137 out:2138 type:B dur:2 cpbdur:2 q:31.87 aq:31.52 tex:6078 mv:2188 misc:1462 imb:68 pmb:380 smb:3872 d:s ref:0 ;
in:2138 out:2139 type:b dur:2 cpbdur:2 q:31.85 aq:30.76 tex:13759 mv:6645 misc:1596 imb:200 pmb:513 smb:3607 d:- ref:0 ;
in:2140 out:2140 type:P dur:2 cpbdur:2 q:31.87 aq:25.77 tex:15416 mv:4139 misc:1597 imb:171 pmb:507 smb:3642 d:s ref:0 ;
in:2141 out:2141 type:P dur:2 cpbdur:2 q:31.88 aq:23.36 tex:11265 mv:4273 misc:1622 imb:149 pmb:512 smb:3659 d:s ref:0 ;
in:2142 out:2142 type:P dur:2 cpbdur:2 q:31.89 aq:22.64 tex:8808 mv:3727 misc:1561 imb:126 pmb:370 smb:3824 d:s ref:0 ;
in:2143 out:2143 type:P dur:2 cpbdur:2 q:31.89 aq:25.38 tex:28999 mv:5601 misc:1448 imb:154 pmb:617 smb:3549 d:s ref:0 ;
in:2144 out:2144 type:P dur:2 cpbdur:2 q:31.92 aq:20.72 tex:36022 mv:6464 misc:1290 imb:370 pmb:673 smb:3277 d:s ref:0 ;
in:2146 out:2145 type:P dur:2 cpbdur:2 q:31.95 aq:19.09 tex:60978 mv:6852 misc:1114 imb:299 pmb:668 smb:3353 d:s ref:0 ;
in:2145 out:2146 type:b dur:2 cpbdur:2 q:31.94 aq:33.71 tex:2006 mv:3110 misc:1012 imb:21 pmb:230 smb:4069 d:s ref:0 ;
in:2148 out:2147 type:P dur:2 cpbdur:2 q:32.03 aq:17.59 tex:70327 mv:5630 misc:1091 imb:285 pmb:629 smb:3406 d:s ref:0 ;
in:2147 out:2148 type:b dur:2 cpbdur:2 q:31.99 aq:33.02 tex:1395 mv:2265 misc:940 imb:16 pmb:206 smb:4098 d:s ref:0 ;
in:2150 out:2149 type:P dur:2 cpbdur:2 q:32.09 aq:19.44 tex:75230 mv:5555 misc:1111 imb:293 pmb:589 smb:3438 d:s ref:0 ;
in:2149 out:2150 type:b dur:2 cpbdur:2 q:32.06 aq:28.22 tex:496 mv:2417 misc:839 imb:11 pmb:202 smb:4107 d:s ref:0 ;
in:2154 out:2151 type:P dur:2 cpbdur:2 q:32.15 aq:17.74 tex:74656 mv:4650 misc:1254 imb:321 pmb:540 smb:3459 d:s ref:0 ;
in:2152 out:2152 type:B dur:2 cpbdur:2 q:32.12 aq:27.10 tex:4584 mv:2807 misc:1145 imb:33 pmb:282 smb:4005 d:s ref:0 ;
in:2151 out:2153 type:b dur:2 cpbdur:2 q:32.11 aq:29.52 tex:244 mv:1819 misc:689 imb:5 pmb:154 smb:4161 d:s ref:0 ;
in:2153 out:2154 type:b dur:2 cpbdur:2 q:32.14 aq:20.51 tex:293 mv:1352 misc:739 imb:2 pmb:143 smb:4175 d:- ref:0 ;
in:2158 out:2155 type:P dur:2 cpbdur:2 q:32.33 aq:21.84 tex:53373 mv:2781 misc:1246 imb:81 pmb:474 smb:3765 d:s ref:0 ;
in:2156 out:2156 type:B dur:2 cpbdur:2 q:32.24 aq:32.29 tex:1329 mv:1640 misc:967 imb:1 pmb:209 smb:4110 d:s ref:0 ;
in:2155 out:2157 type:b dur:2 cpbdur:2 q:32.20 aq:35.44 tex:1196 mv:829 misc:759 imb:1 pmb:131 smb:4188 d:t ref:0 ;
in:2157 out:2158 type:b dur:2 cpbdur:2 q:32.29 aq:35.68 tex:980 mv:264 misc:516 imb:0 pmb:51 smb:4269 d:- ref:0 ;
in:2162 out:2159 type:P dur:2 cpbdur:2 q:32.39 aq:23.05 tex:52930 mv:3415 misc:1079 imb:97 pmb:523 smb:3700 d:s ref:0 ;
in:2160 out:2160 type:B dur:2 cpbdur:2 q:32.36 aq:29.59 tex:628 mv:389 misc:503 imb:0 pmb:67 smb:4253 d:s ref:0 ;
in:2159 out:2161 type:b dur:2 cpbdur:2 q:32.35 aq:28.16 tex:216 mv:136 misc:272 imb:0 pmb:9 smb:4311 d:s ref:0 ;
in:2161 out:2162 type:b dur:2 cpbdur:2 q:32.38 aq:30.42 tex:1731 mv:838 misc:519 imb:1 pmb:95 smb:4224 d:- ref:0 ;
in:2163 out:2163 type:P dur:2 cpbdur:2 q:32.67 aq:26.40 tex:9348 mv:1013 misc:1031 imb:8 pmb:289 smb:4023 d:s ref:0 ;
in:2164 out:2164 type:P dur:2 cpbdur:2 q:32.66 aq:25.07 tex:22127 mv:2011 misc:1102 imb:57 pmb:301 smb:3962 d:s ref:0 ;
in:2168 out:2165 type:P dur:2 cpbdur:2 q:32.81 aq:25.14 tex:20991 mv:2173 misc:1044 imb:83 pmb:247 smb:3990 d:s ref:0 ;
in:2166 out:2166 type:B dur:2 cpbdur:2 q:32.73 aq:26.24 tex:4546 mv:1376 misc:494 imb:2 pmb:165 smb:4153 d:s ref:0 ;
in:2165 out:2167 type:b dur:2 cpbdur:2 q:32.70 aq:22.01 tex:172 mv:62 misc:302 imb:1 pmb:10 smb:4309 d:s ref:0 ;
in:2167 out:2168 type:b dur:2 cpbdur:2 q:32.77 aq:19.02 tex:39 mv:194 misc:495 imb:3 pmb:59 smb:4258 d:- ref:0 ;
in:2170 out:2169 type:P dur:2 cpbdur:2 q:33.02 aq:26.60 tex:20974 mv:2383 misc:619 imb:67 pmb:187 smb:4066 d:s ref:0 ;
in:2169 out:2170 type:b dur:2 cpbdur:2 q:32.91 aq:27.00 tex:3493 mv:1607 misc:492 imb:7 pmb:168 smb:4145 d:s ref:0 ;
in:2173 out:2171 type:P dur:2 cpbdur:2 q:33.07 aq:26.11 tex:22290 mv:2582 misc:568 imb:68 pmb:183 smb:4069 d:s ref:0 ;
in:2171 out:2172 type:B dur:2 cpbdur:2 q:33.04 aq:21.00 tex:130 mv:201 misc:461 imb:3 pmb:50 smb:4267 d:s ref:0 ;
in:2172 out:2173 type:b dur:2 cpbdur:2 q:33.05 aq:29.67 tex:1286 mv:861 misc:541 imb:1 pmb:114 smb:4205 d:- ref:0 ;
in:2174 out:2174 type:P dur:2 cpbdur:2 q:33.13 aq:28.25 tex:2642 mv:657 misc:661 imb:10 pmb:116 smb:4194 d:s ref:0 ;
in:2175 out:2175 type:P dur:2 cpbdur:2 q:33.15 aq:25.90 tex:8978 mv:1305 misc:629 imb:17 pmb:208 smb:4095 d:s ref:0 ;
in:2179 out:2176 type:P dur:2 cpbdur:2 q:33.16 aq:26.00 tex:14724 mv:2078 misc:566 imb:35 pmb:207 smb:4078 d:s ref:0 ;
in:2177 out:2177 type:B dur:2 cpbdur:2 q:33.16 aq:24.56 tex:1740 mv:745 misc:643 imb:1 pmb:132 smb:4187 d:s ref:0 ;
in:2176 out:2178 type:b dur:2 cpbdur:2 q:33.15 aq:18.00 tex:8 mv:37 misc:299 imb:0 pmb:11 smb:4309 d:s ref:0 ;
in:2178 out:2179 type:b dur:2 cpbdur:2 q:33.16 aq:18.00 tex:33 mv:216 misc:559 imb:2 pmb:82 smb:4236 d:- ref:0 ;
in:2180 out:2180 type:P dur:2 cpbdur:2 q:33.17 aq:25.66 tex:10972 mv:1662 misc:550 imb:17 pmb:215 smb:4088 d:s ref:0 ;
in:2181 out:2181 type:P dur:2 cpbdur:2 q:33.19 aq:26.33 tex:5080 mv:977 misc:663 imb:10 pmb:187 smb:4123 d:s ref:0 ;
in:2182 out:2182 type:P dur:2 cpbdur:2 q:33.19 aq:25.47 tex:9300 mv:1588 misc:720 imb:64 pmb:219 smb:4037 d:s ref:0 ;
in:2186 out:2183 type:P dur:2 cpbdur:2 q:33.19 aq:24.88 tex:2512 mv:599 misc:625 imb:9 pmb:102 smb:4209 d:s ref:0 ;
in:2184 out:2184 type:B dur:2 cpbdur:2 q:33.19 aq:22.21 tex:346 mv:140 misc:482 imb:0 pmb:52 smb:4268 d:s ref:0 ;
in:2183 out:2185 type:b dur:2 cpbdur:2 q:33.19 aq:18.00 tex:14 mv:70 misc:380 imb:0 pmb:26 smb:4294 d:s ref:0 ;
in:2185 out:2186 type:b dur:2 cpbdur:2 q:33.19 aq:18.00 tex:0 mv:0 misc:256 imb:0 pmb:0 smb:4320 d:- ref:0 ;
in:2190 out:2187 type:P dur:2 cpbdur:2 q:33.09 aq:18.51 tex:6157 mv:1600 misc:587 imb:36 pmb:165 smb:4119 d:s ref:0 ;
in:2188 out:2188 type:B dur:2 cpbdur:2 q:33.14 aq:34.30 tex:1051 mv:343 misc:518 imb:2 pmb:72 smb:4246 d:s ref:0 ;
in:2187 out:2189 type:b dur:2 cpbdur:2 q:33.16 aq:26.98 tex:89 mv:143 misc:536 imb:0 pmb:77 smb:4243 d:s ref:0 ;
in:2189 out:2190 type:b dur:2 cpbdur:2 q:33.11 aq:27.46 tex:2851 mv:1295 misc:582 imb:6 pmb:151 smb:4163 d:- ref:0 ;
in:2194 out:2191 type:P dur:2 cpbdur:2 q:33.02 aq:27.49 tex:28309 mv:3114 misc:497 imb:182 pmb:150 smb:3988 d:s ref:0 ;
in:2192 out:2192 type:B dur:2 cpbdur:2 q:33.05 aq:17.00 tex:22 mv:231 misc:475 imb:3 pmb:57 smb:4260 d:s ref:0 ;
in:2191 out:2193 type:b dur:2 cpbdur:2 q:33.07 aq:18.00 tex:0 mv:0 misc:256 imb:0 pmb:0 smb:4320 d:s ref:0 ;
in:2193 out:2194 type:b dur:2 cpbdur:2 q:33.04 aq:32.57 tex:10165 mv:4024 misc:531 imb:55 pmb:230 smb:4035 d:- ref:0 ;
in:2198 out:2195 type:P dur:2 cpbdur:2 q:32.95 aq:25.28 tex:47332 mv:3521 misc:491 imb:147 pmb:201 smb:3972 d:s ref:0 ;
in:2196 out:2196 type:B dur:2 cpbdur:2 q:32.98 aq:22.64 tex:13518 mv:4267 misc:527 imb:35 pmb:265 smb:4020 d:s ref:0 ;
in:2195 out:2197 type:b dur:2 cpbdur:2 q:33.00 aq:27.97 tex:8891 mv:4235 misc:522 imb:19 pmb:269 smb:4032 d:s ref:0 ;
in:2197 out:2198 type:b dur:2 cpbdur:2 q:32.97 aq:27.18 tex:1502 mv:936 misc:498 imb:1 pmb:83 smb:4236 d:- ref:0 ;
in:2199 out:2199 type:P dur:2 cpbdur:2 q:32.93 aq:24.16 tex:7984 mv:1262 misc:666 imb:5 pmb:247 smb:4068 d:s ref:0 ;
in:2200 out:2200 type:P dur:2 cpbdur:2 q:32.92 aq:22.61 tex:4058 mv:602 misc:748 imb:10 pmb:131 smb:4179 d:s ref:0 ;
in:2204 out:2201 type:P dur:2 cpbdur:2 q:32.90 aq:18.52 tex:7090 mv:1032 misc:734 imb:10 pmb:207 smb:4103 d:s ref:0 ;
in:2202 out:2202 type:B dur:2 cpbdur:2 q:32.91 aq:25.30 tex:182 mv:165 misc:413 imb:0 pmb:30 smb:4290 d:s ref:0 ;
in:2201 out:2203 type:b dur:2 cpbdur:2 q:32.92 aq:27.05 tex:115 mv:126 misc:335 imb:0 pmb:12 smb:4308 d:s ref:0 ;
in:2203 out:2204 type:b dur:2 cpbdur:2 q:32.91 aq:26.67 tex:103 mv:49 misc:272 imb:0 pmb:4 smb:4316 d:- ref:0 ;
in:2208 out:2205 type:P dur:2 cpbdur:2 q:32.82 aq:23.08 tex:1274 mv:116 misc:394 imb:2 pmb:14 smb:4304 d:s ref:0 ;
in:2206 out:2206 type:B dur:2 cpbdur:2 q:32.86 aq:25.53 tex:368 mv:55 misc:289 imb:0 pmb:5 smb:4315 d:s ref:0 ;
in:2205 out:2207 type:b dur:2 cpbdur:2 q:32.88 aq:26.28 tex:107 mv:21 misc:280 imb:0 pmb:4 smb:4316 d:s ref:0 ;
in:2207 out:2208 type:b dur:2 cpbdur:2 q:32.84 aq:25.45 tex:127 mv:71 misc:274 imb:0 pmb:5 smb:4315 d:- ref:0 ;
in:2212 out:2209 type:P dur:2 cpbdur:2 q:32.74 aq:21.52 tex:795 mv:106 misc:387 imb:1 pmb:15 smb:4304 d:s ref:0 ;
in:2210 out:2210 type:B dur:2 cpbdur:2 q:32.78 aq:24.81 tex:232 mv:32 misc:288 imb:0 pmb:5 smb:4315 d:s ref:0 ;
in:2209 out:2211 type:b dur:2 cpbdur:2 q:32.80 aq:18.00 tex:2 mv:9 misc:269 imb:0 pmb:2 smb:4318 d:s ref:0 ;
in:2211 out:2212 type:b dur:2 cpbdur:2 q:32.76 aq:18.00 tex:6 mv:20 misc:270 imb:0 pmb:5 smb:4315 d:- ref:0 ;
in:2213 out:2213 type:I dur:2 cpbdur:2 q:29.97 aq:14.75 tex:356321 mv:47347 misc:540 imb:4320 pmb:0 smb:0 d:s ref:;
in:2217 out:2214 type:P dur:2 cpbdur:2 q:33.67 aq:24.82 tex:279 mv:44 misc:309 imb:1 pmb:4 smb:4315 d:s ref:0 ;
in:2215 out:2215 type:B dur:2 cpbdur:2 q:33.67 aq:25.24 tex:117 mv:23 misc:268 imb:0 pmb:3 smb:4317 d:s ref:0 ;
in:2214 out:2216 type:b dur:2 cpbdur:2 q:33.67 aq:19.00 tex:0 mv:0 misc:248 imb:0 pmb:0 smb:4320 d:s ref:0 ;
in:2216 out:2217 type:b dur:2 cpbdur:2 q:33.67 aq:19.00 tex:2 mv:10 misc:260 imb:0 pmb:2 smb:4318 d:- ref:0 ;
in:2221 out:2218 type:P dur:2 cpbdur:2 q:33.61 aq:22.79 tex:736 mv:82 misc:318 imb:1 pmb:7 smb:4312 d:s ref:0 ;
in:2219 out:2219 type:B dur:2 cpbdur:2 q:33.64 aq:26.36 tex:426 mv:104 misc:294 imb:0 pmb:7 smb:4313 d:s ref:0 ;
in:2218 out:2220 type:b dur:2 cpbdur:2 q:33.65 aq:25.61 tex:123 mv:48 misc:261 imb:0 pmb:4 smb:4316 d:s ref:0 ;
in:2220 out:2221 type:b dur:2 cpbdur:2 q:33.63 aq:26.89 tex:66 mv:43 misc:267 imb:1 pmb:5 smb:4314 d:- ref:0 ;
in:2224 out:2222 type:P dur:2 cpbdur:2 q:33.56 aq:23.84 tex:1687 mv:131 misc:334 imb:6 pmb:10 smb:4304 d:s ref:0 ;
in:2222 out:2223 type:B dur:2 cpbdur:2 q:33.59 aq:27.45 tex:568 mv:94 misc:314 imb:2 pmb:12 smb:4306 d:t ref:0 ;
in:2223 out:2224 type:b dur:2 cpbdur:2 q:33.57 aq:24.43 tex:391 mv:104 misc:273 imb:0 pmb:14 smb:4306 d:- ref:0 ;
in:2228 out:2225 type:P dur:2 cpbdur:2 q:33.49 aq:16.40 tex:1576 mv:108 misc:324 imb:10 pmb:5 smb:4305 d:s ref:0 ;
in:2226 out:2226 type:B dur:2 cpbdur:2 q:33.52 aq:26.33 tex:698 mv:103 misc:335 imb:3 pmb:15 smb:4302 d:s ref:0 ;
in:2225 out:2227 type:b dur:2 cpbdur:2 q:33.54 aq:27.82 tex:419 mv:127 misc:286 imb:0 pmb:14 smb:4306 d:s ref:0 ;
in:2227 out:2228 type:b dur:2 cpbdur:2 q:33.51 aq:28.15 tex:314 mv:137 misc:277 imb:0 pmb:12 smb:4308 d:- ref:0 ;
in:2231 out:2229 type:P dur:2 cpbdur:2 q:33.38 aq:21.58 tex:1267 mv:93 misc:320 imb:10 pmb:1 smb:4309 d:s ref:0 ;
in:2229 out:2230 type:B dur:2 cpbdur:2 q:33.45 aq:18.00 tex:11 mv:194 misc:299 imb:1 pmb:9 smb:4310 d:s ref:0 ;
in:2230 out:2231 type:b dur:2 cpbdur:2 q:33.42 aq:18.00 tex:6 mv:150 misc:284 imb:0 pmb:7 smb:4313 d:- ref:0 ;
in:2232 out:2232 type:P dur:2 cpbdur:2 q:33.26 aq:24.56 tex:158 mv:97 misc:305 imb:3 pmb:5 smb:4312 d:s ref:0 ;
in:2236 out:2233 type:P dur:2 cpbdur:2 q:33.25 aq:26.26 tex:11583 mv:838 misc:451 imb:3 pmb:136 smb:4181 d:s ref:0 ;
in:2234 out:2234 type:B dur:2 cpbdur:2 q:33.26 aq:34.75 tex:267 mv:117 misc:312 imb:1 pmb:11 smb:4308 d:s ref:0 ;
in:2233 out:2235 type:b dur:2 cpbdur:2 q:33.26 aq:18.00 tex:14 mv:125 misc:317 imb:2 pmb:14 smb:4304 d:s ref:0 ;
in:2235 out:2236 type:b dur:2 cpbdur:2 q:33.25 aq:18.00 tex:6 mv:91 misc:271 imb:0 pmb:6 smb:4314 d:- ref:0 ;
in:2237 out:2237 type:P dur:2 cpbdur:2 q:33.18 aq:29.57 tex:2102 mv:161 misc:481 imb:0 pmb:54 smb:4266 d:s ref:0 ;
in:2238 out:2238 type:P dur:2 cpbdur:2 q:33.14 aq:31.07 tex:11302 mv:645 misc:429 imb:1 pmb:138 smb:4181 d:s ref:0 ;
in:2242 out:2239 type:P dur:2 cpbdur:2 q:33.13 aq:19.00 tex:7815 mv:484 misc:453 imb:10 pmb:121 smb:4189 d:s ref:0 ;
in:2240 out:2240 type:B dur:2 cpbdur:2 q:33.13 aq:27.48 tex:110 mv:79 misc:315 imb:1 pmb:9 smb:4310 d:s ref:0 ;
in:2239 out:2241 type:b dur:2 cpbdur:2 q:33.13 aq:18.00 tex:4 mv:19 misc:265 imb:0 pmb:3 smb:4317 d:s ref:0 ;
in:2241 out:2242 type:b dur:2 cpbdur:2 q:33.13 aq:29.85 tex:307 mv:88 misc:277 imb:1 pmb:8 smb:4311 d:- ref:0 ;
in:2243 out:2243 type:P dur:2 cpbdur:2 q:33.27 aq:18.65 tex:1443 mv:200 misc:453 imb:19 pmb:22 smb:4279 d:s ref:0 ;
in:2244 out:2244 type:P dur:2 cpbdur:2 q:33.25 aq:17.49 tex:662 mv:166 misc:332 imb:21 pmb:3 smb:4296 d:s ref:0 ;
in:2245 out:2245 type:P dur:2 cpbdur:2 q:33.23 aq:18.39 tex:1477 mv:215 misc:460 imb:22 pmb:24 smb:4274 d:s ref:0 ;
in:2246 out:2246 type:P dur:2 cpbdur:2 q:33.22 aq:17.12 tex:945 mv:161 misc:342 imb:20 pmb:5 smb:4295 d:s ref:0 ;
in:2247 out:2247 type:P dur:2 cpbdur:2 q:33.20 aq:16.05 tex:371 mv:176 misc:325 imb:8 pmb:8 smb:4304 d:s ref:0 ;
in:2248 out:2248 type:P dur:2 cpbdur:2 q:33.18 aq:14.41 tex:417 mv:208 misc:303 imb:7 pmb:9 smb:4304 d:s ref:0 ;
in:2249 out:2249 type:P dur:2 cpbdur:2 q:33.16 aq:19.47 tex:560 mv:202 misc:342 imb:3 pmb:14 smb:4303 d:s ref:0 ;
in:2250 out:2250 type:P dur:2 cpbdur:2 q:33.14 aq:18.99 tex:1244 mv:221 misc:455 imb:9 pmb:30 smb:4281 d:s ref:0 ;
in:2251 out:2251 type:P dur:2 cpbdur:2 q:33.15 aq:15.15 tex:508 mv:159 misc:317 imb:3 pmb:8 smb:4309 d:s ref:0 ;
in:2252 out:2252 type:P dur:2 cpbdur:2 q:33.12 aq:13.96 tex:758 mv:144 misc:330 imb:4 pmb:9 smb:4307 d:s ref:0 ;
in:2253 out:2253 type:P dur:2 cpbdur:2 q:33.10 aq:15.17 tex:531 mv:110 misc:295 imb:2 pmb:6 smb:4312 d:s ref:0 ;
in:2254 out:2254 type:P dur:2 cpbdur:2 q:33.08 aq:15.17 tex:868 mv:152 misc:348 imb:3 pmb:12 smb:4305 d:s ref:0 ;
in:2258 out:2255 type:P dur:2 cpbdur:2 q:33.07 aq:14.29 tex:1179 mv:152 misc:325 imb:3 pmb:8 smb:4309 d:s ref:0 ;
in:2256 out:2256 type:B dur:2 cpbdur:2 q:33.07 aq:28.91 tex:455 mv:166 misc:291 imb:0 pmb:7 smb:4313 d:s ref:0 ;
in:2255 out:2257 type:b dur:2 cpbdur:2 q:33.08 aq:29.91 tex:349 mv:83 misc:280 imb:0 pmb:7 smb:4313 d:s ref:0 ;
in:2257 out:2258 type:b dur:2 cpbdur:2 q:33.07 aq:31.70 tex:274 mv:65 misc:269 imb:0 pmb:5 smb:4315 d:- ref:0 ;
in:2262 out:2259 type:P dur:2 cpbdur:2 q:32.79 aq:24.20 tex:1096 mv:117 misc:323 imb:0 pmb:12 smb:4308 d:s ref:0 ;
in:2260 out:2260 type:B dur:2 cpbdur:2 q:32.93 aq:28.87 tex:181 mv:92 misc:295 imb:0 pmb:8 smb:4312 d:t ref:0 ;
in:2259 out:2261 type:b dur:2 cpbdur:2 q:33.00 aq:30.50 tex:116 mv:76 misc:272 imb:0 pmb:6 smb:4314 d:s ref:0 ;
in:2261 out:2262 type:b dur:2 cpbdur:2 q:32.86 aq:31.30 tex:63 mv:14 misc:267 imb:0 pmb:3 smb:4317 d:- ref:0 ;
in:2266 out:2263 type:P dur:2 cpbdur:2 q:32.69 aq:20.17 tex:7848 mv:913 misc:383 imb:12 pmb:88 smb:4220 d:s ref:0 ;
in:2264 out:2264 type:B dur:2 cpbdur:2 q:32.74 aq:16.00 tex:13 mv:107 misc:392 imb:0 pmb:33 smb:4287 d:s ref:0 ;
in:2263 out:2265 type:b dur:2 cpbdur:2 q:32.76 aq:26.79 tex:43 mv:3 misc:266 imb:0 pmb:1 smb:4319 d:s ref:0 ;
in:2265 out:2266 type:b dur:2 cpbdur:2 q:32.72 aq:28.21 tex:274 mv:89 misc:349 imb:0 pmb:18 smb:4302 d:- ref:0 ;
in:2267 out:2267 type:P dur:2 cpbdur:2 q:32.85 aq:29.60 tex:4793 mv:625 misc:398 imb:1 pmb:84 smb:4235 d:s ref:0 ;
in:2270 out:2268 type:P dur:2 cpbdur:2 q:32.82 aq:29.13 tex:12786 mv:1044 misc:386 imb:25 pmb:76 smb:4219 d:s ref:0 ;
in:2268 out:2269 type:B dur:2 cpbdur:2 q:32.84 aq:27.97 tex:2855 mv:808 misc:385 imb:2 pmb:75 smb:4243 d:t ref:0 ;
in:2269 out:2270 type:b dur:2 cpbdur:2 q:32.83 aq:33.60 tex:703 mv:210 misc:351 imb:1 pmb:25 smb:4294 d:- ref:0 ;
in:2272 out:2271 type:P dur:2 cpbdur:2 q:32.78 aq:28.34 tex:3899 mv:442 misc:387 imb:0 pmb:70 smb:4250 d:s ref:0 ;
in:2271 out:2272 type:b dur:2 cpbdur:2 q:32.80 aq:33.44 tex:41 mv:3 misc:268 imb:0 pmb:1 smb:4319 d:s ref:0 ;
in:2276 out:2273 type:P dur:2 cpbdur:2 q:32.74 aq:29.25 tex:11923 mv:950 misc:399 imb:13 pmb:81 smb:4226 d:s ref:0 ;
in:2274 out:2274 type:B dur:2 cpbdur:2 q:32.76 aq:28.43 tex:856 mv:197 misc:395 imb:1 pmb:28 smb:4291 d:s ref:0 ;
in:2273 out:2275 type:b dur:2 cpbdur:2 q:32.77 aq:18.00 tex:17 mv:140 misc:395 imb:0 pmb:33 smb:4287 d:s ref:0 ;
in:2275 out:2276 type:b dur:2 cpbdur:2 q:32.75 aq:31.63 tex:112 mv:103 misc:329 imb:0 pmb:21 smb:4299 d:- ref:0 ;
in:2278 out:2277 type:P dur:2 cpbdur:2 q:32.68 aq:27.06 tex:6496 mv:557 misc:403 imb:17 pmb:78 smb:4225 d:s ref:0 ;
in:2277 out:2278 type:b dur:2 cpbdur:2 q:32.71 aq:19.03 tex:829 mv:188 misc:319 imb:5 pmb:20 smb:4295 d:s ref:0 ;
in:2280 out:2279 type:P dur:2 cpbdur:2 q:32.64 aq:23.94 tex:1270 mv:227 misc:439 imb:27 pmb:17 smb:4276 d:s ref:0 ;
in:2279 out:2280 type:b dur:2 cpbdur:2 q:32.66 aq:24.56 tex:929 mv:163 misc:364 imb:5 pmb:37 smb:4278 d:s ref:0 ;
in:2281 out:2281 type:P dur:2 cpbdur:2 q:32.61 aq:25.55 tex:1209 mv:200 misc:367 imb:28 pmb:8 smb:4284 d:s ref:0 ;
in:2282 out:2282 type:P dur:2 cpbdur:2 q:32.59 aq:20.12 tex:818 mv:182 misc:336 imb:21 pmb:4 smb:4295 d:s ref:0 ;
in:2286 out:2283 type:P dur:2 cpbdur:2 q:32.34 aq:21.79 tex:1117 mv:167 misc:340 imb:15 pmb:7 smb:4298 d:s ref:0 ;
in:2284 out:2284 type:B dur:2 cpbdur:2 q:32.46 aq:20.34 tex:696 mv:92 misc:316 imb:2 pmb:18 smb:4300 d:s ref:0 ;
in:2283 out:2285 type:b dur:2 cpbdur:2 q:32.53 aq:21.96 tex:615 mv:136 misc:289 imb:2 pmb:18 smb:4300 d:s ref:0 ;
in:2285 out:2286 type:b dur:2 cpbdur:2 q:32.40 aq:20.73 tex:723 mv:101 misc:280 imb:1 pmb:12 smb:4307 d:- ref:0 ;
in:2288 out:2287 type:P dur:2 cpbdur:2 q:32.26 aq:27.01 tex:33789 mv:3602 misc:2009 imb:135 pmb:737 smb:3448 d:s ref:0 ;
in:2287 out:2288 type:b dur:2 cpbdur:2 q:32.30 aq:20.62 tex:395 mv:191 misc:318 imb:0 pmb:21 smb:4299 d:s ref:0 ;
in:2289 out:2289 type:P dur:2 cpbdur:2 q:32.29 aq:24.70 tex:129613 mv:10039 misc:1668 imb:722 pmb:871 smb:2727 d:s ref:0 ;
in:2290 out:2290 type:P dur:2 cpbdur:2 q:32.37 aq:24.34 tex:47657 mv:6398 misc:1889 imb:354 pmb:957 smb:3009 d:s ref:0 w:7,127,0 ;
in:2292 out:2291 type:P dur:2 cpbdur:2 q:32.42 aq:23.94 tex:14306 mv:3341 misc:1969 imb:347 pmb:472 smb:3501 d:s ref:0 ;
in:2291 out:2292 type:b dur:2 cpbdur:2 q:32.39 aq:28.03 tex:1356 mv:1508 misc:792 imb:112 pmb:94 smb:4114 d:s ref:0 ;
in:2294 out:2293 type:P dur:2 cpbdur:2 q:32.44 aq:21.46 tex:39947 mv:7362 misc:1939 imb:590 pmb:735 smb:2995 d:s ref:0 ;
in:2293 out:2294 type:b dur:2 cpbdur:2 q:32.43 aq:26.77 tex:2311 mv:3935 misc:1378 imb:130 pmb:372 smb:3818 d:s ref:0 ;
in:2296 out:2295 type:P dur:2 cpbdur:2 q:32.50 aq:19.95 tex:84043 mv:10590 misc:1655 imb:924 pmb:867 smb:2529 d:s ref:0 ;
in:2295 out:2296 type:b dur:2 cpbdur:2 q:32.47 aq:30.13 tex:4043 mv:6466 misc:1611 imb:229 pmb:591 smb:3500 d:s ref:0 ;
in:2297 out:2297 type:P dur:2 cpbdur:2 q:32.57 aq:22.00 tex:65950 mv:8522 misc:1760 imb:708 pmb:865 smb:2747 d:s ref:0 ;
in:2299 out:2298 type:P dur:2 cpbdur:2 q:32.61 aq:24.14 tex:79678 mv:6641 misc:1721 imb:434 pmb:862 smb:3024 d:s ref:0 ;
in:2298 out:2299 type:b dur:2 cpbdur:2 q:32.59 aq:27.12 tex:2363 mv:2956 misc:1033 imb:138 pmb:187 smb:3995 d:s ref:0 ;
in:2300 out:2300 type:P dur:2 cpbdur:2 q:32.66 aq:24.28 tex:48348 mv:4846 misc:1798 imb:309 pmb:759 smb:3252 d:s ref:0 ;
in:2301 out:2301 type:P dur:2 cpbdur:2 q:32.69 aq:22.41 tex:56276 mv:5907 misc:1809 imb:483 pmb:772 smb:3065 d:s ref:0 ;
in:2305 out:2302 type:P dur:2 cpbdur:2 q:32.73 aq:23.57 tex:75633 mv:6599 misc:1800 imb:546 pmb:822 smb:2952 d:s ref:0 ;
in:2303 out:2303 type:B dur:2 cpbdur:2 q:32.71 aq:28.80 tex:3936 mv:4317 misc:1515 imb:112 pmb:425 smb:3783 d:s ref:0 ;
in:2302 out:2304 type:b dur:2 cpbdur:2 q:32.70 aq:35.32 tex:1248 mv:2651 misc:1277 imb:47 pmb:270 smb:4003 d:s ref:0 ;
in:2304 out:2305 type:b dur:2 cpbdur:2 q:32.72 aq:35.37 tex:2467 mv:2214 misc:1247 imb:34 pmb:263 smb:4023 d:- ref:0 ;
in:2309 out:2306 type:P dur:2 cpbdur:2 q:32.80 aq:25.21 tex:52463 mv:4121 misc:1832 imb:313 pmb:723 smb:3284 d:s ref:0 ;
in:2307 out:2307 type:B dur:2 cpbdur:2 q:32.76 aq:31.82 tex:5723 mv:2006 misc:1119 imb:81 pmb:228 smb:4011 d:s ref:0 ;
in:2306 out:2308 type:b dur:2 cpbdur:2 q:32.75 aq:35.57 tex:1350 mv:617 misc:657 imb:42 pmb:66 smb:4212 d:s ref:0 ;
in:2308 out:2309 type:b dur:2 cpbdur:2 q:32.78 aq:22.17 tex:86 mv:95 misc:291 imb:0 pmb:6 smb:4314 d:- ref:0 ;
in:2310 out:2310 type:P dur:2 cpbdur:2 q:33.13 aq:26.34 tex:20828 mv:1598 misc:1646 imb:48 pmb:504 smb:3768 d:s ref:0 ;
in:2311 out:2311 type:P dur:2 cpbdur:2 q:33.21 aq:26.20 tex:18772 mv:1378 misc:1762 imb:17 pmb:519 smb:3784 d:s ref:0 ;
in:2312 out:2312 type:P dur:2 cpbdur:2 q:33.22 aq:25.68 tex:32336 mv:3845 misc:1691 imb:140 pmb:586 smb:3594 d:s ref:0 ;
in:2316 out:2313 type:P dur:2 cpbdur:2 q:33.40 aq:26.17 tex:30707 mv:4048 misc:1757 imb:232 pmb:502 smb:3586 d:s ref:0 ;
in:2314 out:2314 type:B dur:2 cpbdur:2 q:33.31 aq:24.06 tex:4030 mv:2347 misc:455 imb:9 pmb:165 smb:4146 d:t ref:0 ;
in:2313 out:2315 type:b dur:2 cpbdur:2 q:33.27 aq:24.80 tex:1037 mv:842 misc:529 imb:6 pmb:99 smb:4215 d:s ref:0 ;
in:2315 out:2316 type:b dur:2 cpbdur:2 q:33.36 aq:26.27 tex:552 mv:696 misc:544 imb:2 pmb:85 smb:4233 d:- ref:0 ;
in:2318 out:2317 type:P dur:2 cpbdur:2 q:33.64 aq:27.21 tex:9365 mv:1889 misc:946 imb:43 pmb:247 smb:4030 d:s ref:0 ;
in:2317 out:2318 type:b dur:2 cpbdur:2 q:33.52 aq:24.11 tex:180 mv:328 misc:348 imb:0 pmb:28 smb:4292 d:t ref:0 ;
in:2322 out:2319 type:P dur:2 cpbdur:2 q:33.83 aq:22.09 tex:17150 mv:2578 misc:480 imb:66 pmb:166 smb:4088 d:s ref:0 ;
in:2320 out:2320 type:B dur:2 cpbdur:2 q:33.73 aq:20.33 tex:291 mv:318 misc:463 imb:2 pmb:56 smb:4262 d:s ref:0 ;
in:2319 out:2321 type:b dur:2 cpbdur:2 q:33.69 aq:25.34 tex:110 mv:116 misc:262 imb:0 pmb:5 smb:4315 d:s ref:0 ;
in:2321 out:2322 type:b dur:2 cpbdur:2 q:33.78 aq:25.07 tex:1153 mv:1396 misc:523 imb:5 pmb:122 smb:4193 d:- ref:0 ;
in:2326 out:2323 type:P dur:2 cpbdur:2 q:33.95 aq:23.40 tex:1741 mv:632 misc:595 imb:8 pmb:85 smb:4227 d:s ref:0 ;
in:2324 out:2324 type:B dur:2 cpbdur:2 q:33.89 aq:23.30 tex:137 mv:176 misc:383 imb:0 pmb:25 smb:4295 d:s ref:0 ;
in:2323 out:2325 type:b dur:2 cpbdur:2 q:33.86 aq:25.41 tex:90 mv:126 misc:320 imb:0 pmb:16 smb:4304 d:s ref:0 ;
in:2325 out:2326 type:b dur:2 cpbdur:2 q:33.92 aq:22.73 tex:124 mv:62 misc:262 imb:0 pmb:6 smb:4314 d:- ref:0 ;
in:2330 out:2327 type:P dur:2 cpbdur:2 q:33.98 aq:16.48 tex:18535 mv:2586 misc:415 imb:109 pmb:121 smb:4090 d:s ref:0 ;
in:2328 out:2328 type:B dur:2 cpbdur:2 q:33.97 aq:25.36 tex:3236 mv:2606 misc:486 imb:11 pmb:174 smb:4135 d:t ref:0 ;
in:2327 out:2329 type:b dur:2 cpbdur:2 q:33.96 aq:25.17 tex:134 mv:258 misc:400 imb:0 pmb:53 smb:4267 d:s ref:0 ;
in:2329 out:2330 type:b dur:2 cpbdur:2 q:33.97 aq:26.29 tex:1227 mv:1361 misc:540 imb:3 pmb:118 smb:4199 d:- ref:0 ;
in:2334 out:2331 type:P dur:2 cpbdur:2 q:34.03 aq:16.90 tex:19037 mv:2329 misc:378 imb:55 pmb:166 smb:4099 d:s ref:0 ;
in:2332 out:2332 type:B dur:2 cpbdur:2 q:34.01 aq:25.64 tex:1698 mv:1579 misc:515 imb:10 pmb:98 smb:4212 d:t ref:0 ;
in:2331 out:2333 type:b dur:2 cpbdur:2 q:33.99 aq:25.69 tex:493 mv:526 misc:437 imb:2 pmb:45 smb:4273 d:s ref:0 ;
in:2333 out:2334 type:b dur:2 cpbdur:2 q:34.02 aq:24.74 tex:609 mv:737 misc:502 imb:11 pmb:67 smb:4242 d:- ref:0 ;
in:2338 out:2335 type:P dur:2 cpbdur:2 q:33.98 aq:20.45 tex:6909 mv:1304 misc:435 imb:24 pmb:171 smb:4125 d:s ref:0 ;
in:2336 out:2336 type:B dur:2 cpbdur:2 q:34.00 aq:24.03 tex:365 mv:331 misc:448 imb:0 pmb:40 smb:4280 d:s ref:0 ;
in:2335 out:2337 type:b dur:2 cpbdur:2 q:34.02 aq:24.19 tex:207 mv:123 misc:270 imb:0 pmb:7 smb:4313 d:s ref:0 ;
in:2337 out:2338 type:b dur:2 cpbdur:2 q:33.99 aq:22.71 tex:227 mv:235 misc:402 imb:1 pmb:26 smb:4293 d:- ref:0 ;
in:2342 out:2339 type:P dur:2 cpbdur:2 q:33.88 aq:20.35 tex:5379 mv:1043 misc:490 imb:7 pmb:165 smb:4148 d:s ref:0 ;
in:2340 out:2340 type:B dur:2 cpbdur:2 q:33.93 aq:24.29 tex:227 mv:133 misc:384 imb:1 pmb:19 smb:4300 d:s ref:0 ;
in:2339 out:2341 type:b dur:2 cpbdur:2 q:33.95 aq:24.40 tex:102 mv:98 misc:312 imb:1 pmb:10 smb:4309 d:s ref:0 ;
in:2341 out:2342 type:b dur:2 cpbdur:2 q:33.91 aq:24.12 tex:42 mv:12 misc:266 imb:0 pmb:2 smb:4318 d:- ref:0 ;
in:2346 out:2343 type:P dur:2 cpbdur:2 q:33.75 aq:22.41 tex:1621 mv:195 misc:392 imb:5 pmb:22 smb:4293 d:s ref:0 ;
in:2344 out:2344 type:B dur:2 cpbdur:2 q:33.82 aq:23.94 tex:139 mv:57 misc:300 imb:0 pmb:10 smb:4310 d:s ref:0 ;
in:2343 out:2345 type:b dur:2 cpbdur:2 q:33.85 aq:19.00 tex:0 mv:0 misc:248 imb:0 pmb:0 smb:4320 d:s ref:0 ;
in:2345 out:2346 type:b dur:2 cpbdur:2 q:33.78 aq:24.12 tex:455 mv:74 misc:295 imb:1 pmb:15 smb:4304 d:- ref:0 ;
in:2347 out:2347 type:P dur:2 cpbdur:2 q:33.64 aq:20.43 tex:883 mv:233 misc:356 imb:17 pmb:14 smb:4289 d:s ref:0 ;
in:2348 out:2348 type:P dur:2 cpbdur:2 q:33.62 aq:18.46 tex:512 mv:175 misc:353 imb:32 pmb:3 smb:4285 d:s ref:0 ;
in:2349 out:2349 type:P dur:2 cpbdur:2 q:33.61 aq:17.87 tex:541 mv:194 misc:353 imb:33 pmb:2 smb:4285 d:s ref:0 ;
in:2350 out:2350 type:P dur:2 cpbdur:2 q:33.59 aq:14.10 tex:662 mv:184 misc:354 imb:33 pmb:3 smb:4284 d:s ref:0 ;
in:2353 out:2351 type:P dur:2 cpbdur:2 q:33.58 aq:29.53 tex:5864 mv:1856 misc:1288 imb:213 pmb:218 smb:3889 d:s ref:0 ;
in:2351 out:2352 type:B dur:2 cpbdur:2 q:33.59 aq:18.40 tex:551 mv:322 misc:543 imb:6 pmb:88 smb:4226 d:s ref:0 ;
in:2352 out:2353 type:b dur:2 cpbdur:2 q:33.58 aq:24.05 tex:642 mv:428 misc:626 imb:6 pmb:114 smb:4200 d:- ref:0 ;
in:2355 out:2354 type:P dur:2 cpbdur:2 q:33.56 aq:24.63 tex:96410 mv:11293 misc:1305 imb:1913 pmb:434 smb:1973 d:s ref:0 w:7,109,2 ;
in:2354 out:2355 type:b dur:2 cpbdur:2 q:33.57 aq:32.64 tex:6931 mv:5365 misc:1912 imb:232 pmb:526 smb:3562 d:s ref:0 ;
in:2356 out:2356 type:P dur:2 cpbdur:2 q:33.64 aq:24.96 tex:17639 mv:6251 misc:2158 imb:472 pmb:518 smb:3330 d:s ref:0 ;
in:2357 out:2357 type:P dur:2 cpbdur:2 q:33.65 aq:25.00 tex:10265 mv:4192 misc:1895 imb:254 pmb:409 smb:3657 d:s ref:0 ;
in:2358 out:2358 type:P dur:2 cpbdur:2 q:33.65 aq:26.52 tex:16634 mv:4589 misc:1921 imb:288 pmb:487 smb:3545 d:s ref:0 ;
in:2359 out:2359 type:P dur:2 cpbdur:2 q:33.67 aq:25.09 tex:30278 mv:8192 misc:2082 imb:607 pmb:811 smb:2902 d:s ref:0 ;
in:2360 out:2360 type:P dur:2 cpbdur:2 q:33.69 aq:26.25 tex:37475 mv:7892 misc:2009 imb:481 pmb:913 smb:2926 d:s ref:0 ;
in:2361 out:2361 type:P dur:2 cpbdur:2 q:33.70 aq:24.75 tex:42995 mv:8216 misc:2029 imb:572 pmb:938 smb:2810 d:s ref:0 ;
in:2362 out:2362 type:P dur:2 cpbdur:2 q:33.73 aq:27.43 tex:42902 mv:6835 misc:1863 imb:257 pmb:1071 smb:2992 d:s ref:0 ;
in:2363 out:2363 type:P dur:2 cpbdur:2 q:33.75 aq:25.49 tex:43267 mv:6810 misc:1947 imb:353 pmb:984 smb:2983 d:s ref:0 ;
in:2365 out:2364 type:P dur:2 cpbdur:2 q:33.77 aq:25.78 tex:63642 mv:8003 misc:1955 imb:611 pmb:1054 smb:2655 d:s ref:0 ;
in:2364 out:2365 type:b dur:2 cpbdur:2 q:33.76 aq:27.53 tex:847 mv:3495 misc:1250 imb:75 pmb:358 smb:3887 d:s ref:0 ;
in:2369 out:2366 type:P dur:2 cpbdur:2 q:33.80 aq:26.66 tex:52270 mv:6859 misc:2095 imb:610 pmb:852 smb:2858 d:s ref:0 ;
in:2367 out:2367 type:B dur:2 cpbdur:2 q:33.78 aq:29.09 tex:6278 mv:3701 misc:1909 imb:84 pmb:552 smb:3684 d:s ref:0 ;
in:2366 out:2368 type:b dur:2 cpbdur:2 q:33.78 aq:31.00 tex:1509 mv:3099 misc:1352 imb:115 pmb:366 smb:3839 d:s ref:0 ;
in:2368 out:2369 type:b dur:2 cpbdur:2 q:33.79 aq:32.89 tex:2912 mv:2285 misc:1379 imb:48 pmb:249 smb:4023 d:- ref:0 ;
in:2371 out:2370 type:P dur:2 cpbdur:2 q:33.77 aq:28.48 tex:19238 mv:3929 misc:1681 imb:224 pmb:585 smb:3511 d:s ref:0 ;
in:2370 out:2371 type:b dur:2 cpbdur:2 q:33.78 aq:34.30 tex:6058 mv:2128 misc:1398 imb:24 pmb:313 smb:3983 d:s ref:0 ;
in:2372 out:2372 type:I dur:2 cpbdur:2 q:30.79 aq:16.34 tex:144418 mv:34072 misc:550 imb:4320 pmb:0 smb:0 d:s ref:;
in:2373 out:2373 type:P dur:2 cpbdur:2 q:34.16 aq:25.99 tex:28783 mv:4007 misc:1450 imb:263 pmb:542 smb:3515 d:s ref:0 ;
in:2374 out:2374 type:P dur:2 cpbdur:2 q:34.23 aq:27.29 tex:40033 mv:5079 misc:1520 imb:205 pmb:761 smb:3354 d:s ref:0 ;
in:2376 out:2375 type:P dur:2 cpbdur:2 q:34.27 aq:23.44 tex:13295 mv:3482 misc:1799 imb:209 pmb:490 smb:3621 d:s ref:0 ;
in:2375 out:2376 type:b dur:2 cpbdur:2 q:34.25 aq:23.46 tex:1225 mv:1219 misc:676 imb:23 pmb:100 smb:4197 d:s ref:0 ;
in:2378 out:2377 type:P dur:2 cpbdur:2 q:34.34 aq:25.17 tex:9808 mv:3451 misc:1637 imb:211 pmb:375 smb:3734 d:s ref:0 ;
in:2377 out:2378 type:b dur:2 cpbdur:2 q:34.30 aq:32.93 tex:866 mv:1755 misc:947 imb:39 pmb:221 smb:4060 d:s ref:0 ;
in:2379 out:2379 type:P dur:2 cpbdur:2 q:34.49 aq:23.63 tex:15183 mv:3291 misc:1606 imb:143 pmb:549 smb:3628 d:s ref:0 ;
in:2381 out:2380 type:P dur:2 cpbdur:2 q:34.60 aq:23.79 tex:36096 mv:4057 misc:1599 imb:242 pmb:624 smb:3454 d:s ref:0 ;
in:2380 out:2381 type:b dur:2 cpbdur:2 q:34.55 aq:32.21 tex:1050 mv:543 misc:455 imb:28 pmb:39 smb:4253 d:s ref:0 ;
in:2384 out:2382 type:P dur:2 cpbdur:2 q:34.81 aq:23.24 tex:36634 mv:3760 misc:1486 imb:223 pmb:589 smb:3508 d:s ref:0 ;
in:2382 out:2383 type:B dur:2 cpbdur:2 q:34.67 aq:32.83 tex:1378 mv:1727 misc:1047 imb:35 pmb:184 smb:4101 d:s ref:0 ;
in:2383 out:2384 type:b dur:2 cpbdur:2 q:34.74 aq:37.54 tex:1216 mv:1166 misc:730 imb:18 pmb:132 smb:4170 d:- ref:0 ;
in:2388 out:2385 type:P dur:2 cpbdur:2 q:34.91 aq:21.54 tex:53012 mv:6687 misc:1549 imb:343 pmb:758 smb:3219 d:s ref:0 ;
in:2386 out:2386 type:B dur:2 cpbdur:2 q:34.86 aq:29.95 tex:4074 mv:2997 misc:1385 imb:51 pmb:331 smb:3938 d:s ref:0 ;
in:2385 out:2387 type:b dur:2 cpbdur:2 q:34.83 aq:38.87 tex:880 mv:1547 misc:965 imb:17 pmb:230 smb:4073 d:s ref:0 ;
in:2387 out:2388 type:b dur:2 cpbdur:2 q:34.88 aq:34.85 tex:2108 mv:1520 misc:1020 imb:7 pmb:188 smb:4125 d:- ref:0 ;
in:2392 out:2389 type:P dur:2 cpbdur:2 q:35.00 aq:27.38 tex:71101 mv:6862 misc:1309 imb:281 pmb:740 smb:3299 d:s ref:0 ;
in:2390 out:2390 type:B dur:2 cpbdur:2 q:34.95 aq:34.55 tex:9262 mv:3829 misc:1341 imb:50 pmb:365 smb:3905 d:t ref:0 ;
in:2389 out:2391 type:b dur:2 cpbdur:2 q:34.93 aq:36.47 tex:2009 mv:965 misc:690 imb:0 pmb:111 smb:4209 d:s ref:0 ;
in:2391 out:2392 type:b dur:2 cpbdur:2 q:34.98 aq:38.75 tex:1673 mv:709 misc:562 imb:3 pmb:80 smb:4237 d:- ref:0 ;
in:2393 out:2393 type:P dur:2 cpbdur:2 q:35.20 aq:27.87 tex:20412 mv:2715 misc:1609 imb:32 pmb:550 smb:3738 d:s ref:0 ;
in:2394 out:2394 type:P dur:2 cpbdur:2 q:35.22 aq:27.32 tex:14442 mv:1681 misc:1493 imb:96 pmb:477 smb:3747 d:s ref:0 ;
in:2395 out:2395 type:P dur:2 cpbdur:2 q:35.20 aq:27.35 tex:15464 mv:1986 misc:1662 imb:35 pmb:503 smb:3782 d:s ref:0 ;
in:2396 out:2396 type:P dur:2 cpbdur:2 q:35.19 aq:27.02 tex:11447 mv:1038 misc:1443 imb:29 pmb:336 smb:3955 d:s ref:0 ;
in:2398 out:2397 type:P dur:2 cpbdur:2 q:35.16 aq:26.47 tex:9896 mv:681 misc:1327 imb:18 pmb:269 smb:4033 d:s ref:0 ;
in:2397 out:2398 type:b dur:2 cpbdur:2 q:35.18 aq:42.00 tex:0 mv:0 misc:256 imb:0 pmb:0 smb:4320 d:s ref:0 ;
in:2400 out:2399 type:P dur:2 cpbdur:2 q:35.15 aq:25.73 tex:6977 mv:582 misc:1129 imb:27 pmb:183 smb:4110 d:s ref:0 ;
in:2399 out:2400 type:b dur:2 cpbdur:2 q:35.15 aq:42.00 tex:1 mv:34 misc:293 imb:0 pmb:7 smb:4313 d:s ref:0 ;
in:2402 out:2401 type:P dur:2 cpbdur:2 q:35.15 aq:28.32 tex:13799 mv:2874 misc:1079 imb:33 pmb:379 smb:3908 d:s ref:0 ;
in:2401 out:2402 type:b dur:2 cpbdur:2 q:35.15 aq:39.51 tex:495 mv:166 misc:355 imb:0 pmb:22 smb:4298 d:s ref:0 ;
in:2405 out:2403 type:P dur:2 cpbdur:2 q:35.19 aq:31.28 tex:21096 mv:3646 misc:770 imb:65 pmb:377 smb:3878 d:s ref:0 ;
in:2403 out:2404 type:B dur:2 cpbdur:2 q:35.16 aq:35.32 tex:161 mv:246 misc:617 imb:2 pmb:82 smb:4236 d:s ref:0 ;
in:2404 out:2405 type:b dur:2 cpbdur:2 q:35.17 aq:38.95 tex:151 mv:430 misc:643 imb:1 pmb:101 smb:4218 d:- ref:0 ;
in:2409 out:2406 type:P dur:2 cpbdur:2 q:35.20 aq:27.57 tex:29182 mv:4084 misc:718 imb:87 pmb:389 smb:3844 d:s ref:0 ;
in:2407 out:2407 type:B dur:2 cpbdur:2 q:35.19 aq:37.45 tex:2992 mv:1189 misc:667 imb:1 pmb:130 smb:4189 d:t ref:0 ;
in:2406 out:2408 type:b dur:2 cpbdur:2 q:35.19 aq:39.48 tex:725 mv:131 misc:344 imb:0 pmb:19 smb:4301 d:s ref:0 ;
in:2408 out:2409 type:b dur:2 cpbdur:2 q:35.20 aq:40.48 tex:164 mv:109 misc:335 imb:0 pmb:14 smb:4306 d:- ref:0 ;
in:2413 out:2410 type:P dur:2 cpbdur:2 q:35.27 aq:28.84 tex:22648 mv:3328 misc:808 imb:45 pmb:416 smb:3859 d:s ref:0 ;
in:2411 out:2411 type:B dur:2 cpbdur:2 q:35.24 aq:38.79 tex:473 mv:267 misc:468 imb:0 pmb:43 smb:4277 d:s ref:0 ;
in:2410 out:2412 type:b dur:2 cpbdur:2 q:35.22 aq:36.11 tex:86 mv:141 misc:413 imb:1 pmb:34 smb:4285 d:s ref:0 ;
in:2412 out:2413 type:b dur:2 cpbdur:2 q:35.26 aq:42.00 tex:1 mv:42 misc:301 imb:0 pmb:8 smb:4312 d:- ref:0 ;
in:2415 out:2414 type:P dur:2 cpbdur:2 q:35.35 aq:29.48 tex:1917 mv:355 misc:736 imb:0 pmb:101 smb:4219 d:s ref:0 ;
in:2414 out:2415 type:b dur:2 cpbdur:2 q:35.31 aq:42.00 tex:0 mv:6 misc:266 imb:0 pmb:2 smb:4318 d:t ref:0 ;
in:2418 out:2416 type:P dur:2 cpbdur:2 q:35.34 aq:32.36 tex:1174 mv:261 misc:485 imb:0 pmb:50 smb:4270 d:s ref:0 ;
in:2416 out:2417 type:B dur:2 cpbdur:2 q:35.34 aq:41.00 tex:165 mv:83 misc:288 imb:0 pmb:7 smb:4313 d:t ref:0 ;
in:2417 out:2418 type:b dur:2 cpbdur:2 q:35.34 aq:42.00 tex:148 mv:120 misc:268 imb:0 pmb:7 smb:4313 d:- ref:0 ;
in:2420 out:2419 type:P dur:2 cpbdur:2 q:35.27 aq:31.04 tex:10839 mv:2067 misc:902 imb:13 pmb:327 smb:3980 d:s ref:0 ;
in:2419 out:2420 type:b dur:2 cpbdur:2 q:35.30 aq:42.00 tex:77 mv:207 misc:340 imb:0 pmb:23 smb:4297 d:s ref:0 ;
in:2422 out:2421 type:P dur:2 cpbdur:2 q:35.25 aq:30.30 tex:6608 mv:1315 misc:957 imb:9 pmb:283 smb:4028 d:s ref:0 ;
in:2421 out:2422 type:b dur:2 cpbdur:2 q:35.26 aq:39.41 tex:280 mv:139 misc:293 imb:1 pmb:15 smb:4304 d:t ref:0 ;
in:2425 out:2423 type:P dur:2 cpbdur:2 q:35.21 aq:31.75 tex:6078 mv:1254 misc:836 imb:19 pmb:229 smb:4072 d:s ref:0 ;
in:2423 out:2424 type:B dur:2 cpbdur:2 q:35.23 aq:39.32 tex:559 mv:231 misc:330 imb:3 pmb:15 smb:4302 d:s ref:0 ;
in:2424 out:2425 type:b dur:2 cpbdur:2 q:35.22 aq:40.44 tex:321 mv:164 misc:307 imb:0 pmb:17 smb:4303 d:- ref:0 ;
in:2429 out:2426 type:P dur:2 cpbdur:2 q:35.15 aq:31.64 tex:24951 mv:3934 misc:755 imb:101 pmb:361 smb:3858 d:s ref:0 ;
in:2427 out:2427 type:B dur:2 cpbdur:2 q:35.18 aq:37.61 tex:2019 mv:1026 misc:659 imb:0 pmb:111 smb:4209 d:s ref:0 ;
in:2426 out:2428 type:b dur:2 cpbdur:2 q:35.19 aq:40.85 tex:314 mv:264 misc:422 imb:0 pmb:36 smb:4284 d:s ref:0 ;
in:2428 out:2429 type:b dur:2 cpbdur:2 q:35.17 aq:39.17 tex:801 mv:367 misc:432 imb:0 pmb:40 smb:4280 d:- ref:0 ;
in:2430 out:2430 type:P dur:2 cpbdur:2 q:35.10 aq:30.34 tex:18198 mv:2909 misc:781 imb:38 pmb:395 smb:3887 d:s ref:0 ;
in:2433 out:2431 type:P dur:2 cpbdur:2 q:35.10 aq:29.01 tex:9551 mv:1962 misc:935 imb:25 pmb:335 smb:3960 d:s ref:0 ;
in:2431 out:2432 type:B dur:2 cpbdur:2 q:35.10 aq:40.00 tex:22 mv:45 misc:285 imb:0 pmb:4 smb:4316 d:s ref:0 ;
in:2432 out:2433 type:b dur:2 cpbdur:2 q:35.10 aq:40.94 tex:33 mv:12 misc:267 imb:0 pmb:2 smb:4318 d:- ref:0 ;
in:2437 out:2434 type:P dur:2 cpbdur:2 q:35.06 aq:32.26 tex:1149 mv:261 misc:614 imb:1 pmb:66 smb:4253 d:s ref:0 ;
in:2435 out:2435 type:B dur:2 cpbdur:2 q:35.08 aq:35.49 tex:31 mv:21 misc:308 imb:0 pmb:6 smb:4314 d:s ref:0 ;
in:2434 out:2436 type:b dur:2 cpbdur:2 q:35.09 aq:42.00 tex:0 mv:20 misc:260 imb:0 pmb:1 smb:4319 d:s ref:0 ;
in:2436 out:2437 type:b dur:2 cpbdur:2 q:35.07 aq:42.00 tex:0 mv:0 misc:256 imb:0 pmb:0 smb:4320 d:- ref:0 ;
in:2438 out:2438 type:P dur:2 cpbdur:2 q:35.01 aq:31.98 tex:3515 mv:964 misc:865 imb:1 pmb:212 smb:4107 d:s ref:0 ;
in:2441 out:2439 type:P dur:2 cpbdur:2 q:35.00 aq:31.48 tex:26264 mv:4008 misc:664 imb:113 pmb:363 smb:3844 d:s ref:0 ;
in:2439 out:2440 type:B dur:2 cpbdur:2 q:35.01 aq:36.65 tex:2607 mv:879 misc:682 imb:2 pmb:119 smb:4199 d:t ref:0 ;
in:2440 out:2441 type:b dur:2 cpbdur:2 q:35.00 aq:36.74 tex:142 mv:642 misc:752 imb:3 pmb:140 smb:4177 d:- ref:0 ;
in:2445 out:2442 type:P dur:2 cpbdur:2 q:35.00 aq:31.14 tex:24808 mv:3919 misc:729 imb:75 pmb:397 smb:3848 d:s ref:0 ;
in:2443 out:2443 type:B dur:2 cpbdur:2 q:35.00 aq:37.78 tex:819 mv:723 misc:634 imb:3 pmb:98 smb:4219 d:s ref:0 ;
in:2442 out:2444 type:b dur:2 cpbdur:2 q:35.00 aq:39.76 tex:307 mv:452 misc:553 imb:0 pmb:86 smb:4234 d:s ref:0 ;
in:2444 out:2445 type:b dur:2 cpbdur:2 q:35.00 aq:39.94 tex:362 mv:166 misc:280 imb:1 pmb:10 smb:4309 d:- ref:0 ;
in:2447 out:2446 type:P dur:2 cpbdur:2 q:35.00 aq:30.00 tex:3897 mv:741 misc:898 imb:5 pmb:164 smb:4151 d:s ref:0 ;
in:2446 out:2447 type:b dur:2 cpbdur:2 q:35.00 aq:41.00 tex:189 mv:109 misc:270 imb:0 pmb:7 smb:4313 d:s ref:0 ;
in:2449 out:2448 type:P dur:2 cpbdur:2 q:34.98 aq:27.88 tex:2072 mv:417 misc:671 imb:7 pmb:83 smb:4230 d:s ref:0 ;
in:2448 out:2449 type:b dur:2 cpbdur:2 q:34.99 aq:41.55 tex:41 mv:97 misc:270 imb:1 pmb:7 smb:4312 d:s ref:0 ;
in:2453 out:2450 type:P dur:2 cpbdur:2 q:34.95 aq:30.92 tex:524 mv:110 misc:310 imb:2 pmb:9 smb:4309 d:s ref:0 ;
in:2451 out:2451 type:B dur:2 cpbdur:2 q:34.96 aq:38.79 tex:91 mv:100 misc:289 imb:1 pmb:5 smb:4314 d:s ref:0 ;
in:2450 out:2452 type:b dur:2 cpbdur:2 q:34.97 aq:30.82 tex:25 mv:52 misc:267 imb:1 pmb:5 smb:4314 d:t ref:0 ;
in:2452 out:2453 type:b dur:2 cpbdur:2 q:34.96 aq:41.00 tex:45 mv:29 misc:278 imb:0 pmb:4 smb:4316 d:- ref:0 ;
in:2457 out:2454 type:P dur:2 cpbdur:2 q:34.86 aq:28.14 tex:4915 mv:1339 misc:794 imb:40 pmb:217 smb:4063 d:s ref:0 ;
in:2455 out:2455 type:B dur:2 cpbdur:2 q:34.91 aq:36.05 tex:116 mv:80 misc:356 imb:0 pmb:21 smb:4299 d:s ref:0 ;
in:2454 out:2456 type:b dur:2 cpbdur:2 q:34.93 aq:41.00 tex:1 mv:18 misc:269 imb:0 pmb:3 smb:4317 d:s ref:0 ;
in:2456 out:2457 type:b dur:2 cpbdur:2 q:34.89 aq:35.98 tex:41 mv:101 misc:322 imb:5 pmb:13 smb:4302 d:- ref:0 ;
in:2459 out:2458 type:P dur:2 cpbdur:2 q:34.84 aq:32.80 tex:131 mv:38 misc:295 imb:1 pmb:4 smb:4315 d:s ref:0 ;
in:2458 out:2459 type:b dur:2 cpbdur:2 q:34.85 aq:37.02 tex:120 mv:34 misc:278 imb:0 pmb:4 smb:4316 d:s ref:0 ;
in:2460 out:2460 type:I dur:2 cpbdur:2 q:32.08 aq:17.62 tex:234434 mv:44619 misc:563 imb:4320 pmb:0 smb:0 d:s ref:;
in:2464 out:2461 type:P dur:2 cpbdur:2 q:35.24 aq:37.11 tex:49 mv:56 misc:271 imb:0 pmb:5 smb:4315 d:s ref:0 ;
in:2462 out:2462 type:B dur:2 cpbdur:2 q:35.24 aq:40.00 tex:1 mv:14 misc:265 imb:0 pmb:5 smb:4315 d:s ref:0 ;
in:2461 out:2463 type:b dur:2 cpbdur:2 q:35.24 aq:42.00 tex:0 mv:0 misc:256 imb:0 pmb:0 smb:4320 d:s ref:0 ;
in:2463 out:2464 type:b dur:2 cpbdur:2 q:35.24 aq:42.00 tex:0 mv:18 misc:270 imb:0 pmb:5 smb:4315 d:- ref:0 ;
in:2467 out:2465 type:P dur:2 cpbdur:2 q:35.16 aq:31.97 tex:551 mv:93 misc:308 imb:12 pmb:3 smb:4305 d:s ref:0 ;
in:2465 out:2466 type:B dur:2 cpbdur:2 q:35.21 aq:38.43 tex:224 mv:96 misc:304 imb:0 pmb:14 smb:4306 d:s ref:0 ;
in:2466 out:2467 type:b dur:2 cpbdur:2 q:35.18 aq:40.32 tex:526 mv:76 misc:294 imb:3 pmb:11 smb:4306 d:- ref:0 ;
in:2468 out:2468 type:P dur:2 cpbdur:2 q:35.10 aq:35.53 tex:528 mv:118 misc:306 imb:16 pmb:3 smb:4301 d:s ref:0 ;
in:2469 out:2469 type:P dur:2 cpbdur:2 q:35.08 aq:33.84 tex:576 mv:124 misc:316 imb:23 pmb:2 smb:4295 d:s ref:0 ;
in:2470 out:2470 type:P dur:2 cpbdur:2 q:35.06 aq:35.00 tex:612 mv:146 misc:306 imb:21 pmb:4 smb:4295 d:s ref:0 ;
in:2471 out:2471 type:P dur:2 cpbdur:2 q:35.05 aq:34.31 tex:611 mv:119 misc:294 imb:18 pmb:2 smb:4300 d:s ref:0 ;
in:2474 out:2472 type:P dur:2 cpbdur:2 q:35.03 aq:26.42 tex:559 mv:105 misc:304 imb:17 pmb:1 smb:4302 d:s ref:0 ;
in:2472 out:2473 type:B dur:2 cpbdur:2 q:35.04 aq:38.59 tex:576 mv:122 misc:318 imb:1 pmb:18 smb:4301 d:s ref:0 ;
in:2473 out:2474 type:b dur:2 cpbdur:2 q:35.04 aq:32.35 tex:429 mv:192 misc:307 imb:8 pmb:10 smb:4302 d:- ref:0 ;
in:2477 out:2475 type:P dur:2 cpbdur:2 q:34.97 aq:26.46 tex:97532 mv:10700 misc:1856 imb:1500 pmb:433 smb:2387 d:s ref:0 ;
in:2475 out:2476 type:B dur:2 cpbdur:2 q:35.01 aq:32.50 tex:2001 mv:2089 misc:1422 imb:63 pmb:313 smb:3944 d:s ref:0 ;
in:2476 out:2477 type:b dur:2 cpbdur:2 q:34.99 aq:35.53 tex:7306 mv:7020 misc:1922 imb:133 pmb:622 smb:3565 d:- ref:0 ;
in:2478 out:2478 type:P dur:2 cpbdur:2 q:35.14 aq:27.29 tex:17571 mv:4985 misc:2004 imb:269 pmb:608 smb:3443 d:s ref:0 ;
in:2479 out:2479 type:P dur:2 cpbdur:2 q:35.14 aq:27.64 tex:14612 mv:4763 misc:2105 imb:255 pmb:509 smb:3556 d:s ref:0 ;
in:2480 out:2480 type:P dur:2 cpbdur:2 q:35.15 aq:27.42 tex:12383 mv:5565 misc:2268 imb:276 pmb:617 smb:3427 d:s ref:0 ;
in:2481 out:2481 type:P dur:2 cpbdur:2 q:35.17 aq:28.02 tex:21078 mv:6051 misc:2487 imb:339 pmb:829 smb:3152 d:s ref:0 ;
in:2482 out:2482 type:P dur:2 cpbdur:2 q:35.18 aq:27.64 tex:34024 mv:7360 misc:2472 imb:415 pmb:960 smb:2945 d:s ref:0 ;
in:2483 out:2483 type:P dur:2 cpbdur:2 q:35.20 aq:27.03 tex:52532 mv:8268 misc:2152 imb:508 pmb:1123 smb:2689 d:s ref:0 ;
in:2484 out:2484 type:P dur:2 cpbdur:2 q:35.22 aq:25.11 tex:57514 mv:9975 misc:2159 imb:549 pmb:1252 smb:2519 d:s ref:0 ;
in:2485 out:2485 type:P dur:2 cpbdur:2 q:35.24 aq:25.36 tex:64309 mv:9337 misc:2210 imb:585 pmb:1239 smb:2496 d:s ref:0 ;
in:2486 out:2486 type:P dur:2 cpbdur:2 q:35.27 aq:24.23 tex:71504 mv:9078 misc:2266 imb:605 pmb:1197 smb:2518 d:s ref:0 ;
in:2490 out:2487 type:P dur:2 cpbdur:2 q:35.29 aq:24.31 tex:129202 mv:10677 misc:1985 imb:659 pmb:1229 smb:2432 d:s ref:0 ;
in:2488 out:2488 type:B dur:2 cpbdur:2 q:35.28 aq:23.94 tex:1798 mv:3658 misc:1496 imb:114 pmb:308 smb:3898 d:s ref:0 ;
in:2487 out:2489 type:b dur:2 cpbdur:2 q:35.27 aq:25.31 tex:1546 mv:3660 misc:1498 imb:114 pmb:359 smb:3847 d:s ref:0 ;
in:2489 out:2490 type:b dur:2 cpbdur:2 q:35.29 aq:34.70 tex:1237 mv:3156 misc:1415 imb:77 pmb:305 smb:3938 d:- ref:0 ;
in:2494 out:2491 type:P dur:2 cpbdur:2 q:35.37 aq:26.79 tex:83841 mv:6789 misc:2442 imb:420 pmb:1157 smb:2743 d:s ref:0 ;
in:2492 out:2492 type:B dur:2 cpbdur:2 q:35.33 aq:33.42 tex:2643 mv:2958 misc:1511 imb:50 pmb:361 smb:3909 d:s ref:0 ;
in:2491 out:2493 type:b dur:2 cpbdur:2 q:35.31 aq:32.37 tex:1147 mv:2860 misc:1249 imb:46 pmb:252 smb:4022 d:s ref:0 ;
in:2493 out:2494 type:b dur:2 cpbdur:2 q:35.35 aq:39.41 tex:1386 mv:962 misc:732 imb:9 pmb:101 smb:4210 d:- ref:0 ;
in:2498 out:2495 type:P dur:2 cpbdur:2 q:35.51 aq:27.65 tex:57725 mv:4421 misc:2406 imb:207 pmb:1047 smb:3066 d:s ref:0 ;
in:2496 out:2496 type:B dur:2 cpbdur:2 q:35.44 aq:36.45 tex:2659 mv:923 misc:906 imb:22 pmb:130 smb:4168 d:s ref:0 ;
in:2495 out:2497 type:b dur:2 cpbdur:2 q:35.41 aq:38.39 tex:857 mv:203 misc:428 imb:4 pmb:33 smb:4283 d:s ref:0 ;
in:2497 out:2498 type:b dur:2 cpbdur:2 q:35.48 aq:37.59 tex:427 mv:135 misc:294 imb:8 pmb:10 smb:4302 d:- ref:0 ;
in:2499 out:2499 type:P dur:2 cpbdur:2 q:35.63 aq:27.69 tex:10232 mv:1377 misc:1959 imb:102 pmb:348 smb:3870 d:s ref:0 ;
in:2500 out:2500 type:P dur:2 cpbdur:2 q:35.69 aq:28.19 tex:20837 mv:1436 misc:2327 imb:23 pmb:639 smb:3658 d:s ref:0 ;
in:2501 out:2501 type:P dur:2 cpbdur:2 q:35.78 aq:26.95 tex:12405 mv:1323 misc:2064 imb:59 pmb:388 smb:3873 d:s ref:0 ;
in:2505 out:2502 type:P dur:2 cpbdur:2 q:35.87 aq:28.29 tex:15284 mv:1733 misc:2071 imb:110 pmb:434 smb:3776 d:s ref:0 ;
in:2503 out:2503 type:B dur:2 cpbdur:2 q:35.83 aq:25.73 tex:247 mv:275 misc:334 imb:9 pmb:21 smb:4290 d:s ref:0 ;
in:2502 out:2504 type:b dur:2 cpbdur:2 q:35.80 aq:36.11 tex:271 mv:139 misc:278 imb:0 pmb:9 smb:4311 d:s ref:0 ;
in:2504 out:2505 type:b dur:2 cpbdur:2 q:35.85 aq:27.68 tex:112 mv:197 misc:291 imb:4 pmb:12 smb:4304 d:- ref:0 ;
in:2509 out:2506 type:P dur:2 cpbdur:2 q:36.23 aq:28.81 tex:3173 mv:333 misc:678 imb:16 pmb:68 smb:4236 d:s ref:0 ;
in:2507 out:2507 type:B dur:2 cpbdur:2 q:36.05 aq:40.55 tex:201 mv:169 misc:310 imb:0 pmb:15 smb:4305 d:t ref:0 ;
in:2506 out:2508 type:b dur:2 cpbdur:2 q:35.96 aq:39.82 tex:170 mv:128 misc:270 imb:0 pmb:7 smb:4313 d:s ref:0 ;
in:2508 out:2509 type:b dur:2 cpbdur:2 q:36.14 aq:38.82 tex:182 mv:97 misc:273 imb:0 pmb:8 smb:4312 d:- ref:0 ;
in:2513 out:2510 type:P dur:2 cpbdur:2 q:36.29 aq:27.13 tex:1594 mv:218 misc:548 imb:7 pmb:43 smb:4270 d:s ref:0 ;
in:2511 out:2511 type:B dur:2 cpbdur:2 q:36.26 aq:35.97 tex:254 mv:78 misc:284 imb:0 pmb:8 smb:4312 d:s ref:0 ;
in:2510 out:2512 type:b dur:2 cpbdur:2 q:36.24 aq:36.00 tex:4 mv:97 misc:267 imb:0 pmb:5 smb:4315 d:s ref:0 ;
in:2512 out:2513 type:b dur:2 cpbdur:2 q:36.27 aq:41.65 tex:49 mv:79 misc:272 imb:0 pmb:7 smb:4313 d:- ref:0 ;
in:2516 out:2514 type:P dur:2 cpbdur:2 q:36.24 aq:28.77 tex:3008 mv:389 misc:547 imb:30 pmb:33 smb:4257 d:s ref:0 ;
in:2514 out:2515 type:B dur:2 cpbdur:2 q:36.27 aq:40.59 tex:288 mv:101 misc:299 imb:1 pmb:11 smb:4308 d:s ref:0 ;
in:2515 out:2516 type:b dur:2 cpbdur:2 q:36.26 aq:37.96 tex:210 mv:104 misc:270 imb:0 pmb:8 smb:4312 d:- ref:0 ;
in:2520 out:2517 type:P dur:2 cpbdur:2 q:36.20 aq:27.58 tex:1574 mv:265 misc:465 imb:11 pmb:27 smb:4282 d:s ref:0 ;
in:2518 out:2518 type:B dur:2 cpbdur:2 q:36.22 aq:25.15 tex:104 mv:75 misc:285 imb:1 pmb:8 smb:4311 d:s ref:0 ;
in:2517 out:2519 type:b dur:2 cpbdur:2 q:36.23 aq:33.31 tex:106 mv:84 misc:274 imb:0 pmb:6 smb:4314 d:s ref:0 ;
in:2519 out:2520 type:b dur:2 cpbdur:2 q:36.21 aq:38.71 tex:199 mv:74 misc:279 imb:1 pmb:7 smb:4312 d:- ref:0 ;
in:2524 out:2521 type:P dur:2 cpbdur:2 q:36.18 aq:21.19 tex:1689 mv:175 misc:368 imb:6 pmb:18 smb:4296 d:s ref:0 ;
in:2522 out:2522 type:B dur:2 cpbdur:2 q:36.19 aq:37.43 tex:53 mv:58 misc:281 imb:0 pmb:10 smb:4310 d:s ref:0 ;
in:2521 out:2523 type:b dur:2 cpbdur:2 q:36.19 aq:39.07 tex:121 mv:83 misc:276 imb:1 pmb:11 smb:4308 d:s ref:0 ;
in:2523 out:2524 type:b dur:2 cpbdur:2 q:36.18 aq:36.00 tex:1 mv:20 misc:267 imb:0 pmb:3 smb:4317 d:- ref:0 ;
in:2528 out:2525 type:P dur:2 cpbdur:2 q:36.09 aq:24.26 tex:2120 mv:539 misc:693 imb:164 pmb:35 smb:4121 d:s ref:0 ;
in:2526 out:2526 type:B dur:2 cpbdur:2 q:36.13 aq:23.14 tex:165 mv:192 misc:443 imb:4 pmb:38 smb:4278 d:s ref:0 ;
in:2525 out:2527 type:b dur:2 cpbdur:2 q:36.16 aq:36.00 tex:0 mv:0 misc:256 imb:0 pmb:0 smb:4320 d:s ref:0 ;
in:2527 out:2528 type:b dur:2 cpbdur:2 q:36.11 aq:22.44 tex:74 mv:665 misc:477 imb:73 pmb:23 smb:4224 d:- ref:0 ;
in:2532 out:2529 type:P dur:2 cpbdur:2 q:36.01 aq:24.74 tex:57936 mv:3045 misc:539 imb:587 pmb:82 smb:3651 d:s ref:0 ;
in:2530 out:2530 type:B dur:2 cpbdur:2 q:36.05 aq:21.43 tex:160 mv:253 misc:379 imb:15 pmb:13 smb:4292 d:s ref:0 ;
in:2529 out:2531 type:b dur:2 cpbdur:2 q:36.07 aq:22.46 tex:375 mv:332 misc:445 imb:21 pmb:83 smb:4216 d:s ref:0 ;
in:2531 out:2532 type:b dur:2 cpbdur:2 q:36.03 aq:24.41 tex:93 mv:604 misc:383 imb:84 pmb:2 smb:4234 d:- ref:0 ;
in:2533 out:2533 type:P dur:2 cpbdur:2 q:36.01 aq:27.35 tex:1817 mv:188 misc:699 imb:3 pmb:70 smb:4247 d:s ref:0 ;
in:2537 out:2534 type:P dur:2 cpbdur:2 q:36.00 aq:27.74 tex:3329 mv:405 misc:482 imb:36 pmb:36 smb:4248 d:s ref:0 ;
in:2535 out:2535 type:B dur:2 cpbdur:2 q:36.01 aq:37.61 tex:1334 mv:571 misc:359 imb:31 pmb:30 smb:4259 d:s ref:0 ;
in:2534 out:2536 type:b dur:2 cpbdur:2 q:36.01 aq:41.54 tex:155 mv:139 misc:298 imb:0 pmb:22 smb:4298 d:s ref:0 ;
in:2536 out:2537 type:b dur:2 cpbdur:2 q:36.00 aq:35.83 tex:966 mv:615 misc:323 imb:24 pmb:55 smb:4241 d:- ref:0 ;
in:2541 out:2538 type:P dur:2 cpbdur:2 q:35.91 aq:28.58 tex:4332 mv:523 misc:449 imb:34 pmb:40 smb:4246 d:s ref:0 ;
in:2539 out:2539 type:B dur:2 cpbdur:2 q:35.96 aq:36.62 tex:564 mv:262 misc:342 imb:0 pmb:44 smb:4276 d:s ref:0 ;
in:2538 out:2540 type:b dur:2 cpbdur:2 q:35.98 aq:36.15 tex:294 mv:203 misc:327 imb:3 pmb:33 smb:4284 d:s ref:0 ;
in:2540 out:2541 type:b dur:2 cpbdur:2 q:35.93 aq:39.42 tex:179 mv:134 misc:279 imb:0 pmb:7 smb:4313 d:- ref:0 ;
in:2543 out:2542 type:P dur:2 cpbdur:2 q:35.83 aq:26.83 tex:6398 mv:759 misc:523 imb:69 pmb:63 smb:4188 d:s ref:0 ;
in:2542 out:2543 type:b dur:2 cpbdur:2 q:35.87 aq:23.97 tex:1365 mv:639 misc:356 imb:39 pmb:53 smb:4228 d:s ref:0 ;
in:2547 out:2544 type:P dur:2 cpbdur:2 q:35.80 aq:27.78 tex:1515 mv:117 misc:352 imb:10 pmb:8 smb:4302 d:s ref:0 ;
in:2545 out:2545 type:B dur:2 cpbdur:2 q:35.82 aq:26.22 tex:364 mv:160 misc:292 imb:3 pmb:7 smb:4310 d:s ref:0 ;
in:2544 out:2546 type:b dur:2 cpbdur:2 q:35.82 aq:39.32 tex:81 mv:107 misc:276 imb:0 pmb:7 smb:4313 d:s ref:0 ;
in:2546 out:2547 type:b dur:2 cpbdur:2 q:35.81 aq:39.47 tex:134 mv:101 misc:269 imb:0 pmb:6 smb:4314 d:- ref:0 ;
in:2551 out:2548 type:P dur:2 cpbdur:2 q:35.81 aq:26.79 tex:8831 mv:938 misc:575 imb:91 pmb:62 smb:4167 d:s ref:0 ;
in:2549 out:2549 type:B dur:2 cpbdur:2 q:35.80 aq:21.67 tex:1454 mv:645 misc:381 imb:27 pmb:66 smb:4227 d:s ref:0 ;
in:2548 out:2550 type:b dur:2 cpbdur:2 q:35.80 aq:40.37 tex:226 mv:164 misc:322 imb:0 pmb:30 smb:4290 d:s ref:0 ;
in:2550 out:2551 type:b dur:2 cpbdur:2 q:35.81 aq:23.52 tex:994 mv:594 misc:372 imb:28 pmb:38 smb:4254 d:- ref:0 ;
in:2553 out:2552 type:P dur:2 cpbdur:2 q:35.79 aq:23.79 tex:5907 mv:695 misc:438 imb:90 pmb:34 smb:4196 d:s ref:0 ;
in:2552 out:2553 type:b dur:2 cpbdur:2 q:35.80 aq:35.84 tex:891 mv:476 misc:361 imb:8 pmb:52 smb:4260 d:s ref:0 ;
in:2557 out:2554 type:P dur:2 cpbdur:2 q:35.76 aq:27.26 tex:5114 mv:532 misc:394 imb:70 pmb:22 smb:4228 d:s ref:0 ;
in:2555 out:2555 type:B dur:2 cpbdur:2 q:35.77 aq:27.10 tex:1107 mv:580 misc:377 imb:13 pmb:62 smb:4245 d:s ref:0 ;
in:2554 out:2556 type:b dur:2 cpbdur:2 q:35.78 aq:38.97 tex:425 mv:172 misc:331 imb:2 pmb:37 smb:4281 d:s ref:0 ;
in:2556 out:2557 type:b dur:2 cpbdur:2 q:35.77 aq:28.37 tex:353 mv:390 misc:353 imb:13 pmb:41 smb:4266 d:- ref:0 ;
in:2561 out:2558 type:P dur:2 cpbdur:2 q:35.74 aq:28.16 tex:4121 mv:473 misc:406 imb:38 pmb:23 smb:4259 d:s ref:0 ;
in:2559 out:2559 type:B dur:2 cpbdur:2 q:35.75 aq:33.62 tex:1253 mv:717 misc:334 imb:23 pmb:57 smb:4240 d:s ref:0 ;
in:2558 out:2560 type:b dur:2 cpbdur:2 q:35.76 aq:39.15 tex:250 mv:137 misc:325 imb:0 pmb:34 smb:4286 d:s ref:0 ;
in:2560 out:2561 type:b dur:2 cpbdur:2 q:35.74 aq:37.40 tex:328 mv:210 misc:310 imb:9 pmb:19 smb:4292 d:- ref:0 ;
in:2562 out:2562 type:P dur:2 cpbdur:2 q:35.70 aq:26.54 tex:2633 mv:383 misc:400 imb:36 pmb:17 smb:4267 d:s ref:0 ;
in:2566 out:2563 type:P dur:2 cpbdur:2 q:35.69 aq:27.07 tex:5765 mv:751 misc:460 imb:81 pmb:37 smb:4202 d:s ref:0 ;
in:2564 out:2564 type:B dur:2 cpbdur:2 q:35.70 aq:34.59 tex:950 mv:673 misc:353 imb:30 pmb:43 smb:4247 d:s ref:0 ;
in:2563 out:2565 type:b dur:2 cpbdur:2 q:35.70 aq:38.07 tex:197 mv:247 misc:340 imb:1 pmb:34 smb:4285 d:s ref:0 ;
in:2565 out:2566 type:b dur:2 cpbdur:2 q:35.70 aq:37.90 tex:368 mv:223 misc:353 imb:2 pmb:38 smb:4280 d:- ref:0 ;
in:2570 out:2567 type:P dur:2 cpbdur:2 q:35.61 aq:21.47 tex:5594 mv:642 misc:412 imb:88 pmb:38 smb:4194 d:s ref:0 ;
in:2568 out:2568 type:B dur:2 cpbdur:2 q:35.65 aq:37.81 tex:630 mv:235 misc:359 imb:12 pmb:29 smb:4279 d:s ref:0 ;
in:2567 out:2569 type:b dur:2 cpbdur:2 q:35.67 aq:37.78 tex:402 mv:81 misc:269 imb:0 pmb:8 smb:4312 d:s ref:0 ;
in:2569 out:2570 type:b dur:2 cpbdur:2 q:35.63 aq:36.38 tex:520 mv:219 misc:357 imb:1 pmb:48 smb:4271 d:- ref:0 ;
in:2574 out:2571 type:P dur:2 cpbdur:2 q:35.53 aq:21.33 tex:5012 mv:416 misc:420 imb:45 pmb:24 smb:4251 d:s ref:0 ;
in:2572 out:2572 type:B dur:2 cpbdur:2 q:35.57 aq:33.56 tex:2038 mv:485 misc:381 imb:29 pmb:40 smb:4251 d:s ref:0 ;
in:2571 out:2573 type:b dur:2 cpbdur:2 q:35.59 aq:35.49 tex:1334 mv:629 misc:357 imb:30 pmb:53 smb:4237 d:s ref:0 ;
in:2573 out:2574 type:b dur:2 cpbdur:2 q:35.55 aq:34.03 tex:427 mv:210 misc:315 imb:7 pmb:22 smb:4291 d:- ref:0 ;
in:2578 out:2575 type:P dur:2 cpbdur:2 q:35.46 aq:17.46 tex:3328 mv:417 misc:423 imb:35 pmb:28 smb:4257 d:s ref:0 ;
in:2576 out:2576 type:B dur:2 cpbdur:2 q:35.49 aq:33.75 tex:1799 mv:470 misc:339 imb:37 pmb:27 smb:4256 d:s ref:0 ;
in:2575 out:2577 type:b dur:2 cpbdur:2 q:35.51 aq:35.85 tex:484 mv:256 misc:316 imb:10 pmb:23 smb:4287 d:s ref:0 ;
in:2577 out:2578 type:b dur:2 cpbdur:2 q:35.48 aq:36.54 tex:396 mv:164 misc:312 imb:0 pmb:33 smb:4287 d:- ref:0 ;
in:2581 out:2579 type:P dur:2 cpbdur:2 q:35.39 aq:23.45 tex:3167 mv:500 misc:437 imb:35 pmb:31 smb:4254 d:s ref:0 ;
in:2579 out:2580 type:B dur:2 cpbdur:2 q:35.43 aq:35.36 tex:241 mv:178 misc:333 imb:3 pmb:28 smb:4289 d:s ref:0 ;
in:2580 out:2581 type:b dur:2 cpbdur:2 q:35.41 aq:36.65 tex:82 mv:63 misc:271 imb:0 pmb:6 smb:4314 d:- ref:0 ;
in:2585 out:2582 type:P dur:2 cpbdur:2 q:35.35 aq:25.73 tex:6183 mv:1641 misc:1384 imb:128 pmb:170 smb:4022 d:s ref:0 ;
in:2583 out:2583 type:B dur:2 cpbdur:2 q:35.37 aq:34.21 tex:622 mv:129 misc:345 imb:3 pmb:34 smb:4283 d:s ref:0 ;
in:2582 out:2584 type:b dur:2 cpbdur:2 q:35.38 aq:35.39 tex:265 mv:90 misc:277 imb:1 pmb:10 smb:4309 d:s ref:0 ;
in:2584 out:2585 type:b dur:2 cpbdur:2 q:35.36 aq:36.51 tex:1514 mv:622 misc:360 imb:16 pmb:66 smb:4238 d:- ref:0 ;
in:2589 out:2586 type:P dur:2 cpbdur:2 q:35.33 aq:24.70 tex:19240 mv:6067 misc:2597 imb:490 pmb:505 smb:3325 d:s ref:0 ;
in:2587 out:2587 type:B dur:2 cpbdur:2 q:35.34 aq:27.10 tex:3051 mv:4432 misc:1701 imb:149 pmb:387 smb:3784 d:s ref:0 ;
in:2586 out:2588 type:b dur:2 cpbdur:2 q:35.35 aq:31.31 tex:2900 mv:3214 misc:1502 imb:52 pmb:352 smb:3916 d:s ref:0 ;
in:2588 out:2589 type:b dur:2 cpbdur:2 q:35.33 aq:25.36 tex:1326 mv:2863 misc:1499 imb:50 pmb:349 smb:3921 d:- ref:0 ;
in:2593 out:2590 type:P dur:2 cpbdur:2 q:35.35 aq:28.45 tex:21716 mv:4501 misc:2303 imb:308 pmb:660 smb:3352 d:s ref:0 ;
in:2591 out:2591 type:B dur:2 cpbdur:2 q:35.34 aq:29.92 tex:2655 mv:2887 misc:1370 imb:122 pmb:223 smb:3975 d:s ref:0 ;
in:2590 out:2592 type:b dur:2 cpbdur:2 q:35.33 aq:34.44 tex:1237 mv:2082 misc:1185 imb:34 pmb:216 smb:4070 d:t ref:0 ;
in:2592 out:2593 type:b dur:2 cpbdur:2 q:35.34 aq:37.00 tex:672 mv:1490 misc:910 imb:51 pmb:121 smb:4148 d:- ref:0 ;
in:2597 out:2594 type:P dur:2 cpbdur:2 q:35.38 aq:26.49 tex:83224 mv:7523 misc:2053 imb:772 pmb:490 smb:3058 d:s ref:0 ;
in:2595 out:2595 type:B dur:2 cpbdur:2 q:35.36 aq:33.81 tex:6575 mv:2632 misc:1681 imb:116 pmb:336 smb:3868 d:s ref:0 ;
in:2594 out:2596 type:b dur:2 cpbdur:2 q:35.35 aq:31.14 tex:18553 mv:6735 misc:1656 imb:326 pmb:455 smb:3539 d:s ref:0 ;
in:2596 out:2597 type:b dur:2 cpbdur:2 q:35.37 aq:38.87 tex:1449 mv:1340 misc:915 imb:11 pmb:193 smb:4116 d:- ref:0 ;
in:2601 out:2598 type:P dur:2 cpbdur:2 q:35.48 aq:29.19 tex:38728 mv:5193 misc:2199 imb:348 pmb:765 smb:3207 d:s ref:0 ;
in:2599 out:2599 type:B dur:2 cpbdur:2 q:35.43 aq:35.51 tex:2938 mv:1699 misc:1195 imb:20 pmb:219 smb:4081 d:s ref:0 ;
in:2598 out:2600 type:b dur:2 cpbdur:2 q:35.40 aq:38.94 tex:516 mv:165 misc:327 imb:0 pmb:17 smb:4303 d:s ref:0 ;
in:2600 out:2601 type:b dur:2 cpbdur:2 q:35.45 aq:33.97 tex:353 mv:118 misc:297 imb:2 pmb:9 smb:4309 d:- ref:0 ;
in:2603 out:2602 type:P dur:2 cpbdur:2 q:35.48 aq:26.29 tex:17239 mv:5194 misc:2575 imb:381 pmb:612 smb:3327 d:s ref:0 ;
in:2602 out:2603 type:b dur:2 cpbdur:2 q:35.48 aq:38.59 tex:1110 mv:1983 misc:1259 imb:49 pmb:248 smb:4023 d:s ref:0 ;
in:2606 out:2604 type:P dur:2 cpbdur:2 q:35.48 aq:28.84 tex:18762 mv:5088 misc:2206 imb:427 pmb:553 smb:3340 d:s ref:0 ;
in:2604 out:2605 type:B dur:2 cpbdur:2 q:35.48 aq:20.91 tex:1148 mv:2240 misc:1052 imb:61 pmb:186 smb:4073 d:s ref:0 ;
in:2605 out:2606 type:b dur:2 cpbdur:2 q:35.48 aq:34.80 tex:768 mv:1365 misc:851 imb:19 pmb:168 smb:4133 d:- ref:0 ;
in:2607 out:2607 type:P dur:2 cpbdur:2 q:35.48 aq:28.02 tex:11458 mv:2608 misc:1854 imb:180 pmb:352 smb:3788 d:s ref:0 ;
in:2610 out:2608 type:P dur:2 cpbdur:2 q:35.49 aq:24.61 tex:11916 mv:3926 misc:1910 imb:239 pmb:348 smb:3733 d:s ref:0 ;
in:2608 out:2609 type:B dur:2 cpbdur:2 q:35.48 aq:20.87 tex:864 mv:1975 misc:881 imb:72 pmb:152 smb:4096 d:s ref:0 ;
in:2609 out:2610 type:b dur:2 cpbdur:2 q:35.49 aq:32.19 tex:556 mv:1350 misc:566 imb:48 pmb:91 smb:4181 d:- ref:0 ;
in:2614 out:2611 type:P dur:2 cpbdur:2 q:35.45 aq:29.61 tex:30831 mv:9410 misc:2527 imb:535 pmb:878 smb:2907 d:s ref:0 ;
in:2612 out:2612 type:B dur:2 cpbdur:2 q:35.47 aq:27.78 tex:2287 mv:4443 misc:1822 imb:185 pmb:479 smb:3656 d:s ref:0 ;
in:2611 out:2613 type:b dur:2 cpbdur:2 q:35.48 aq:23.23 tex:436 mv:2376 misc:1004 imb:52 pmb:255 smb:4013 d:t ref:0 ;
in:2613 out:2614 type:b dur:2 cpbdur:2 q:35.46 aq:28.44 tex:1848 mv:6357 misc:2371 imb:118 pmb:737 smb:3465 d:- ref:0 ;
in:2615 out:2615 type:P dur:2 cpbdur:2 q:35.54 aq:30.49 tex:37227 mv:11630 misc:2255 imb:673 pmb:1070 smb:2577 d:s ref:0 ;
in:2616 out:2616 type:P dur:2 cpbdur:2 q:35.62 aq:28.93 tex:26475 mv:11346 misc:2251 imb:496 pmb:1094 smb:2730 d:s ref:0 ;
in:2617 out:2617 type:P dur:2 cpbdur:2 q:35.66 aq:28.31 tex:19693 mv:10363 misc:2472 imb:376 pmb:1087 smb:2857 d:s ref:0 ;
in:2618 out:2618 type:P dur:2 cpbdur:2 q:35.69 aq:26.89 tex:18796 mv:10536 misc:2428 imb:425 pmb:1056 smb:2839 d:s ref:0 ;
in:2619 out:2619 type:P dur:2 cpbdur:2 q:35.71 aq:28.32 tex:22356 mv:10120 misc:2380 imb:403 pmb:1042 smb:2875 d:s ref:0 ;
in:2620 out:2620 type:P dur:2 cpbdur:2 q:35.76 aq:29.16 tex:24726 mv:9673 misc:2209 imb:482 pmb:997 smb:2841 d:s ref:0 ;
in:2621 out:2621 type:P dur:2 cpbdur:2 q:35.79 aq:26.04 tex:33570 mv:10541 misc:2369 imb:622 pmb:1022 smb:2676 d:s ref:0 ;
in:2625 out:2622 type:P dur:2 cpbdur:2 q:35.85 aq:25.13 tex:120019 mv:15718 misc:1743 imb:1351 pmb:1057 smb:1912 d:s ref:0 ;
in:2623 out:2623 type:B dur:2 cpbdur:2 q:35.82 aq:33.22 tex:9010 mv:11578 misc:2508 imb:258 pmb:914 smb:3148 d:s ref:0 ;
in:2622 out:2624 type:b dur:2 cpbdur:2 q:35.80 aq:30.98 tex:3250 mv:8867 misc:2179 imb:270 pmb:606 smb:3444 d:s ref:0 ;
in:2624 out:2625 type:b dur:2 cpbdur:2 q:35.83 aq:36.41 tex:4393 mv:7746 misc:2053 imb:209 pmb:604 smb:3507 d:- ref:0 ;
in:2629 out:2626 type:P dur:2 cpbdur:2 q:35.96 aq:26.54 tex:102762 mv:11956 misc:2162 imb:828 pmb:1127 smb:2365 d:s ref:0 ;
in:2627 out:2627 type:B dur:2 cpbdur:2 q:35.90 aq:35.87 tex:7895 mv:8336 misc:2121 imb:191 pmb:683 smb:3446 d:s ref:0 ;
in:2626 out:2628 type:b dur:2 cpbdur:2 q:35.88 aq:36.15 tex:3174 mv:6162 misc:1848 imb:148 pmb:511 smb:3661 d:s ref:0 ;
in:2628 out:2629 type:b dur:2 cpbdur:2 q:35.93 aq:38.45 tex:3866 mv:4176 misc:1654 imb:65 pmb:405 smb:3850 d:- ref:0 ;
in:2633 out:2630 type:P dur:2 cpbdur:2 q:36.05 aq:27.89 tex:90922 mv:8978 misc:2212 imb:587 pmb:1081 smb:2652 d:s ref:0 ;
in:2631 out:2631 type:B dur:2 cpbdur:2 q:36.00 aq:36.39 tex:5570 mv:3783 misc:1663 imb:42 pmb:439 smb:3839 d:s ref:0 ;
in:2630 out:2632 type:b dur:2 cpbdur:2 q:35.98 aq:38.21 tex:4047 mv:2635 misc:1230 imb:69 pmb:258 smb:3993 d:s ref:0 ;
in:2632 out:2633 type:b dur:2 cpbdur:2 q:36.03 aq:38.13 tex:1818 mv:775 misc:631 imb:24 pmb:88 smb:4208 d:- ref:0 ;
in:2636 out:2634 type:P dur:2 cpbdur:2 q:36.18 aq:28.62 tex:70434 mv:5867 misc:2315 imb:271 pmb:1021 smb:3028 d:s ref:0 ;
in:2634 out:2635 type:B dur:2 cpbdur:2 q:36.09 aq:36.26 tex:626 mv:147 misc:347 imb:2 pmb:19 smb:4299 d:s ref:0 ;
in:2635 out:2636 type:b dur:2 cpbdur:2 q:36.14 aq:39.21 tex:292 mv:177 misc:299 imb:3 pmb:16 smb:4301 d:- ref:0 ;
in:2637 out:2637 type:P dur:2 cpbdur:2 q:36.27 aq:28.88 tex:17353 mv:1575 misc:2176 imb:44 pmb:519 smb:3757 d:s ref:0 ;
in:2638 out:2638 type:P dur:2 cpbdur:2 q:36.30 aq:28.65 tex:24184 mv:1937 misc:2119 imb:52 pmb:647 smb:3621 d:s ref:0 ;
in:2639 out:2639 type:P dur:2 cpbdur:2 q:36.33 aq:28.33 tex:9249 mv:1132 misc:1667 imb:103 pmb:256 smb:3961 d:s ref:0 ;
in:2640 out:2640 type:P dur:2 cpbdur:2 q:36.48 aq:27.75 tex:8128 mv:1202 misc:1574 imb:101 pmb:223 smb:3996 d:s ref:0 ;
in:2641 out:2641 type:P dur:2 cpbdur:2 q:36.50 aq:25.26 tex:8362 mv:1696 misc:1294 imb:174 pmb:189 smb:3957 d:s ref:0 ;
in:2644 out:2642 type:P dur:2 cpbdur:2 q:36.53 aq:24.86 tex:7094 mv:770 misc:776 imb:83 pmb:77 smb:4160 d:s ref:0 ;
in:2642 out:2643 type:B dur:2 cpbdur:2 q:36.51 aq:37.15 tex:281 mv:109 misc:274 imb:0 pmb:5 smb:4315 d:s ref:0 ;
in:2643 out:2644 type:b dur:2 cpbdur:2 q:36.52 aq:27.36 tex:335 mv:195 misc:310 imb:8 pmb:8 smb:4304 d:- ref:0 ;
in:2648 out:2645 type:P dur:2 cpbdur:2 q:36.64 aq:23.15 tex:3358 mv:476 misc:470 imb:71 pmb:25 smb:4224 d:s ref:0 ;
in:2646 out:2646 type:B dur:2 cpbdur:2 q:36.59 aq:34.66 tex:348 mv:177 misc:331 imb:2 pmb:27 smb:4291 d:s ref:0 ;
in:2645 out:2647 type:b dur:2 cpbdur:2 q:36.56 aq:38.13 tex:97 mv:26 misc:269 imb:0 pmb:3 smb:4317 d:s ref:0 ;
in:2647 out:2648 type:b dur:2 cpbdur:2 q:36.61 aq:29.50 tex:238 mv:108 misc:334 imb:1 pmb:27 smb:4292 d:- ref:0 ;
in:2652 out:2649 type:P dur:2 cpbdur:2 q:36.71 aq:26.92 tex:12226 mv:933 misc:529 imb:97 pmb:43 smb:4180 d:s ref:0 ;
in:2650 out:2650 type:B dur:2 cpbdur:2 q:36.68 aq:32.61 tex:214 mv:249 misc:361 imb:5 pmb:36 smb:4279 d:s ref:0 ;
in:2649 out:2651 type:b dur:2 cpbdur:2 q:36.66 aq:34.42 tex:139 mv:221 misc:336 imb:5 pmb:32 smb:4283 d:s ref:0 ;
in:2651 out:2652 type:b dur:2 cpbdur:2 q:36.69 aq:28.04 tex:105 mv:90 misc:277 imb:1 pmb:8 smb:4311 d:- ref:0 ;
in:2655 out:2653 type:P dur:2 cpbdur:2 q:36.70 aq:26.60 tex:4940 mv:439 misc:365 imb:36 pmb:19 smb:4265 d:s ref:0 ;
in:2653 out:2654 type:B dur:2 cpbdur:2 q:36.71 aq:28.03 tex:75 mv:143 misc:318 imb:3 pmb:20 smb:4297 d:s ref:0 ;
in:2654 out:2655 type:b dur:2 cpbdur:2 q:36.71 aq:37.80 tex:97 mv:194 misc:325 imb:2 pmb:27 smb:4291 d:- ref:0 ;
in:2656 out:2656 type:P dur:2 cpbdur:2 q:36.70 aq:30.84 tex:261 mv:121 misc:306 imb:4 pmb:5 smb:4311 d:s ref:0 ;
in:2657 out:2657 type:P dur:2 cpbdur:2 q:36.71 aq:23.98 tex:498 mv:175 misc:383 imb:11 pmb:8 smb:4301 d:s ref:0 ;
in:2661 out:2658 type:P dur:2 cpbdur:2 q:36.69 aq:21.00 tex:548 mv:109 misc:303 imb:7 pmb:3 smb:4310 d:s ref:0 ;
in:2659 out:2659 type:B dur:2 cpbdur:2 q:36.70 aq:37.67 tex:97 mv:80 misc:279 imb:0 pmb:8 smb:4312 d:s ref:0 ;
in:2658 out:2660 type:b dur:2 cpbdur:2 q:36.70 aq:38.51 tex:72 mv:115 misc:269 imb:1 pmb:6 smb:4313 d:s ref:0 ;
in:2660 out:2661 type:b dur:2 cpbdur:2 q:36.69 aq:37.94 tex:28 mv:79 misc:269 imb:0 pmb:5 smb:4315 d:- ref:0 ;
in:2664 out:2662 type:P dur:2 cpbdur:2 q:36.62 aq:24.24 tex:13494 mv:771 misc:391 imb:58 pmb:36 smb:4226 d:s ref:0 ;
in:2662 out:2663 type:B dur:2 cpbdur:2 q:36.67 aq:29.91 tex:263 mv:150 misc:355 imb:3 pmb:34 smb:4283 d:s ref:0 ;
in:2663 out:2664 type:b dur:2 cpbdur:2 q:36.64 aq:35.00 tex:3 mv:61 misc:272 imb:0 pmb:5 smb:4315 d:- ref:0 ;
in:2666 out:2665 type:P dur:2 cpbdur:2 q:36.56 aq:27.28 tex:2109 mv:252 misc:463 imb:16 pmb:28 smb:4276 d:s ref:0 ;
in:2665 out:2666 type:b dur:2 cpbdur:2 q:36.59 aq:31.03 tex:86 mv:137 misc:289 imb:1 pmb:11 smb:4308 d:t ref:0 ;
in:2670 out:2667 type:P dur:2 cpbdur:2 q:36.53 aq:30.32 tex:992 mv:88 misc:320 imb:5 pmb:6 smb:4309 d:s ref:0 ;
in:2668 out:2668 type:B dur:2 cpbdur:2 q:36.54 aq:36.98 tex:125 mv:85 misc:278 imb:0 pmb:6 smb:4314 d:s ref:0 ;
in:2667 out:2669 type:b dur:2 cpbdur:2 q:36.55 aq:39.13 tex:131 mv:89 misc:268 imb:0 pmb:5 smb:4315 d:s ref:0 ;
in:2669 out:2670 type:b dur:2 cpbdur:2 q:36.54 aq:38.55 tex:144 mv:86 misc:266 imb:0 pmb:4 smb:4316 d:- ref:0 ;
in:2674 out:2671 type:P dur:2 cpbdur:2 q:36.47 aq:30.36 tex:477 mv:67 misc:288 imb:1 pmb:4 smb:4315 d:s ref:0 ;
in:2672 out:2672 type:B dur:2 cpbdur:2 q:36.50 aq:35.53 tex:266 mv:103 misc:279 imb:0 pmb:5 smb:4315 d:s ref:0 ;
in:2671 out:2673 type:b dur:2 cpbdur:2 q:36.51 aq:38.55 tex:32 mv:29 misc:267 imb:0 pmb:4 smb:4316 d:s ref:0 ;
in:2673 out:2674 type:b dur:2 cpbdur:2 q:36.48 aq:35.89 tex:149 mv:89 misc:266 imb:0 pmb:5 smb:4315 d:- ref:0 ;
in:2675 out:2675 type:P dur:2 cpbdur:2 q:36.38 aq:29.95 tex:855 mv:104 misc:337 imb:3 pmb:9 smb:4308 d:s ref:0 ;
in:2676 out:2676 type:P dur:2 cpbdur:2 q:36.36 aq:28.27 tex:592 mv:82 misc:334 imb:1 pmb:10 smb:4309 d:s ref:0 ;
in:2678 out:2677 type:P dur:2 cpbdur:2 q:36.35 aq:23.57 tex:1621 mv:228 misc:327 imb:16 pmb:9 smb:4295 d:s ref:0 ;
in:2677 out:2678 type:b dur:2 cpbdur:2 q:36.35 aq:37.76 tex:158 mv:96 misc:274 imb:1 pmb:10 smb:4309 d:t ref:0 ;
in:2679 out:2679 type:P dur:2 cpbdur:2 q:36.31 aq:28.26 tex:382 mv:92 misc:310 imb:3 pmb:6 smb:4311 d:s ref:0 ;
in:2681 out:2680 type:P dur:2 cpbdur:2 q:36.31 aq:26.43 tex:705 mv:238 misc:401 imb:24 pmb:9 smb:4287 d:s ref:0 ;
in:2680 out:2681 type:b dur:2 cpbdur:2 q:36.31 aq:38.04 tex:75 mv:83 misc:266 imb:0 pmb:5 smb:4315 d:t ref:0 ;
in:2685 out:2682 type:P dur:2 cpbdur:2 q:36.28 aq:20.76 tex:4147 mv:456 misc:373 imb:40 pmb:19 smb:4261 d:s ref:0 ;
in:2683 out:2683 type:B dur:2 cpbdur:2 q:36.29 aq:34.21 tex:254 mv:165 misc:301 imb:3 pmb:20 smb:4297 d:s ref:0 ;
in:2682 out:2684 type:b dur:2 cpbdur:2 q:36.30 aq:39.13 tex:47 mv:60 misc:269 imb:0 pmb:5 smb:4315 d:s ref:0 ;
in:2684 out:2685 type:b dur:2 cpbdur:2 q:36.28 aq:33.12 tex:104 mv:134 misc:298 imb:2 pmb:20 smb:4298 d:- ref:0 ;
in:2689 out:2686 type:P dur:2 cpbdur:2 q:36.21 aq:21.11 tex:220 mv:103 misc:301 imb:1 pmb:7 smb:4312 d:s ref:0 ;
in:2687 out:2687 type:B dur:2 cpbdur:2 q:36.25 aq:37.13 tex:88 mv:71 misc:273 imb:0 pmb:4 smb:4316 d:s ref:0 ;
in:2686 out:2688 type:b dur:2 cpbdur:2 q:36.26 aq:39.13 tex:55 mv:35 misc:262 imb:0 pmb:3 smb:4317 d:t ref:0 ;
in:2688 out:2689 type:b dur:2 cpbdur:2 q:36.23 aq:34.00 tex:1 mv:64 misc:271 imb:0 pmb:4 smb:4316 d:- ref:0 ;
in:2692 out:2690 type:P dur:2 cpbdur:2 q:36.14 aq:27.40 tex:9173 mv:693 misc:358 imb:61 pmb:36 smb:4223 d:s ref:0 ;
in:2690 out:2691 type:B dur:2 cpbdur:2 q:36.19 aq:28.10 tex:132 mv:201 misc:387 imb:9 pmb:28 smb:4283 d:s ref:0 ;
in:2691 out:2692 type:b dur:2 cpbdur:2 q:36.17 aq:29.38 tex:74 mv:139 misc:371 imb:2 pmb:34 smb:4284 d:- ref:0 ;
in:2694 out:2693 type:P dur:2 cpbdur:2 q:36.10 aq:28.66 tex:1960 mv:221 misc:339 imb:13 pmb:15 smb:4292 d:s ref:0 ;
in:2693 out:2694 type:b dur:2 cpbdur:2 q:36.12 aq:31.51 tex:108 mv:149 misc:287 imb:2 pmb:13 smb:4305 d:s ref:0 ;
in:2698 out:2695 type:P dur:2 cpbdur:2 q:36.07 aq:29.70 tex:1036 mv:92 misc:312 imb:9 pmb:2 smb:4309 d:s ref:0 ;
in:2696 out:2696 type:B dur:2 cpbdur:2 q:36.09 aq:35.57 tex:141 mv:69 misc:278 imb:0 pmb:8 smb:4312 d:s ref:0 ;
in:2695 out:2697 type:b dur:2 cpbdur:2 q:36.09 aq:38.12 tex:142 mv:78 misc:268 imb:1 pmb:6 smb:4313 d:t ref:0 ;
in:2697 out:2698 type:b dur:2 cpbdur:2 q:36.08 aq:38.61 tex:141 mv:106 misc:265 imb:0 pmb:5 smb:4315 d:- ref:0 ;
in:2702 out:2699 type:P dur:2 cpbdur:2 q:36.01 aq:24.13 tex:2389 mv:365 misc:334 imb:19 pmb:22 smb:4279 d:s ref:0 ;
in:2700 out:2700 type:B dur:2 cpbdur:2 q:36.04 aq:36.75 tex:377 mv:151 misc:312 imb:2 pmb:21 smb:4297 d:s ref:0 ;
in:2699 out:2701 type:b dur:2 cpbdur:2 q:36.06 aq:38.00 tex:190 mv:118 misc:300 imb:2 pmb:17 smb:4301 d:s ref:0 ;
in:2701 out:2702 type:b dur:2 cpbdur:2 q:36.03 aq:37.99 tex:168 mv:100 misc:268 imb:0 pmb:5 smb:4315 d:- ref:0 ;
in:2706 out:2703 type:P dur:2 cpbdur:2 q:35.96 aq:28.04 tex:538 mv:112 misc:326 imb:7 pmb:4 smb:4309 d:s ref:0 ;
in:2704 out:2704 type:B dur:2 cpbdur:2 q:35.98 aq:36.41 tex:99 mv:74 misc:283 imb:0 pmb:6 smb:4314 d:s ref:0 ;
in:2703 out:2705 type:b dur:2 cpbdur:2 q:36.00 aq:38.26 tex:87 mv:48 misc:265 imb:0 pmb:5 smb:4315 d:s ref:0 ;
in:2705 out:2706 type:b dur:2 cpbdur:2 q:35.97 aq:38.79 tex:33 mv:40 misc:263 imb:0 pmb:2 smb:4318 d:- ref:0 ;
in:2708 out:2707 type:P dur:2 cpbdur:2 q:35.88 aq:32.75 tex:8986 mv:5502 misc:2376 imb:433 pmb:496 smb:3391 d:s ref:0 ;
in:2707 out:2708 type:b dur:2 cpbdur:2 q:35.92 aq:23.21 tex:135 mv:1300 misc:1637 imb:77 pmb:504 smb:3739 d:s ref:0 ;
in:2709 out:2709 type:I dur:2 cpbdur:2 q:33.24 aq:24.62 tex:79548 mv:34825 misc:531 imb:4320 pmb:0 smb:0 d:s ref:;
in:2710 out:2710 type:P dur:2 cpbdur:2 q:35.99 aq:30.46 tex:34883 mv:17493 misc:2024 imb:1690 pmb:871 smb:1759 d:s ref:0 ;
in:2711 out:2711 type:P dur:2 cpbdur:2 q:36.03 aq:29.12 tex:20449 mv:15084 misc:2427 imb:1221 pmb:845 smb:2254 d:s ref:0 ;
in:2712 out:2712 type:P dur:2 cpbdur:2 q:36.05 aq:26.09 tex:48389 mv:14531 misc:1888 imb:1809 pmb:537 smb:1974 d:s ref:0 ;
in:2713 out:2713 type:P dur:2 cpbdur:2 q:36.09 aq:27.01 tex:27070 mv:13247 misc:2011 imb:968 pmb:832 smb:2520 d:s ref:0 ;
in:2714 out:2714 type:P dur:2 cpbdur:2 q:36.11 aq:27.42 tex:30715 mv:12993 misc:1972 imb:795 pmb:1031 smb:2494 d:s ref:0 ;
in:2715 out:2715 type:P dur:2 cpbdur:2 q:36.12 aq:27.29 tex:35381 mv:12644 misc:1999 imb:858 pmb:1041 smb:2421 d:s ref:0 ;
in:2716 out:2716 type:P dur:2 cpbdur:2 q:36.15 aq:28.36 tex:37594 mv:12403 misc:2147 imb:664 pmb:1091 smb:2565 d:s ref:0 ;
in:2717 out:2717 type:P dur:2 cpbdur:2 q:36.16 aq:26.07 tex:39285 mv:11631 misc:2020 imb:747 pmb:989 smb:2584 d:s ref:0 ;
in:2718 out:2718 type:P dur:2 cpbdur:2 q:36.17 aq:27.23 tex:41776 mv:11068 misc:1836 imb:621 pmb:1030 smb:2669 d:s ref:0 ;
in:2719 out:2719 type:P dur:2 cpbdur:2 q:36.19 aq:27.35 tex:42499 mv:10418 misc:1811 imb:591 pmb:1026 smb:2703 d:s ref:0 ;
in:2720 out:2720 type:P dur:2 cpbdur:2 q:36.21 aq:26.30 tex:42780 mv:9478 misc:1878 imb:455 pmb:1022 smb:2843 d:s ref:0 ;
in:2721 out:2721 type:P dur:2 cpbdur:2 q:36.23 aq:27.55 tex:40896 mv:9204 misc:1844 imb:409 pmb:1000 smb:2911 d:s ref:0 ;
in:2722 out:2722 type:P dur:2 cpbdur:2 q:36.25 aq:25.71 tex:36849 mv:8332 misc:2251 imb:443 pmb:968 smb:2909 d:s ref:0 ;
in:2724 out:2723 type:P dur:2 cpbdur:2 q:36.27 aq:24.95 tex:44275 mv:9361 misc:2068 imb:518 pmb:1003 smb:2799 d:s ref:0 ;
in:2723 out:2724 type:b dur:2 cpbdur:2 q:36.26 aq:30.37 tex:950 mv:3619 misc:1359 imb:75 pmb:323 smb:3922 d:t ref:0 ;
in:2728 out:2725 type:P dur:2 cpbdur:2 q:36.30 aq:27.60 tex:36000 mv:7635 misc:2109 imb:343 pmb:927 smb:3050 d:s ref:0 ;
in:2726 out:2726 type:B dur:2 cpbdur:2 q:36.28 aq:28.88 tex:1889 mv:4028 misc:1507 imb:44 pmb:410 smb:3866 d:s ref:0 ;
in:2725 out:2727 type:b dur:2 cpbdur:2 q:36.27 aq:29.99 tex:598 mv:2838 misc:1204 imb:36 pmb:280 smb:4004 d:s ref:0 ;
in:2727 out:2728 type:b dur:2 cpbdur:2 q:36.29 aq:21.61 tex:267 mv:1117 misc:672 imb:8 pmb:105 smb:4207 d:- ref:0 ;
in:2732 out:2729 type:P dur:2 cpbdur:2 q:36.44 aq:29.44 tex:25442 mv:5375 misc:2199 imb:134 pmb:835 smb:3351 d:s ref:0 ;
in:2730 out:2730 type:B dur:2 cpbdur:2 q:36.37 aq:33.14 tex:1162 mv:1171 misc:803 imb:4 pmb:138 smb:4178 d:s ref:0 ;
in:2729 out:2731 type:b dur:2 cpbdur:2 q:36.33 aq:30.26 tex:178 mv:285 misc:385 imb:0 pmb:37 smb:4283 d:s ref:0 ;
in:2731 out:2732 type:b dur:2 cpbdur:2 q:36.41 aq:27.49 tex:204 mv:317 misc:407 imb:2 pmb:44 smb:4274 d:- ref:0 ;
in:2733 out:2733 type:P dur:2 cpbdur:2 q:36.64 aq:29.49 tex:17703 mv:3579 misc:1726 imb:134 pmb:476 smb:3710 d:s ref:0 ;
in:2734 out:2734 type:P dur:2 cpbdur:2 q:36.72 aq:30.53 tex:10931 mv:2971 misc:1746 imb:40 pmb:488 smb:3792 d:s ref:0 ;
in:2738 out:2735 type:P dur:2 cpbdur:2 q:36.79 aq:30.07 tex:21356 mv:3394 misc:1402 imb:120 pmb:377 smb:3823 d:s ref:0 ;
in:2736 out:2736 type:B dur:2 cpbdur:2 q:36.75 aq:29.85 tex:4814 mv:2651 misc:519 imb:13 pmb:183 smb:4124 d:t ref:0 ;
in:2735 out:2737 type:b dur:2 cpbdur:2 q:36.74 aq:28.00 tex:254 mv:299 misc:391 imb:3 pmb:28 smb:4289 d:s ref:0 ;
in:2737 out:2738 type:b dur:2 cpbdur:2 q:36.77 aq:38.48 tex:1869 mv:1359 misc:540 imb:1 pmb:142 smb:4177 d:- ref:0 ;
in:2740 out:2739 type:P dur:2 cpbdur:2 q:37.03 aq:30.68 tex:8575 mv:2374 misc:667 imb:26 pmb:228 smb:4066 d:s ref:0 ;
in:2739 out:2740 type:b dur:2 cpbdur:2 q:36.91 aq:32.53 tex:138 mv:192 misc:382 imb:0 pmb:35 smb:4285 d:s ref:0 ;
in:2741 out:2741 type:P dur:2 cpbdur:2 q:37.13 aq:28.58 tex:9152 mv:1997 misc:595 imb:22 pmb:222 smb:4076 d:s ref:0 ;
in:2742 out:2742 type:P dur:2 cpbdur:2 q:37.13 aq:29.74 tex:2517 mv:825 misc:834 imb:13 pmb:155 smb:4152 d:s ref:0 ;
in:2744 out:2743 type:P dur:2 cpbdur:2 q:37.16 aq:27.29 tex:2412 mv:889 misc:619 imb:8 pmb:126 smb:4186 d:s ref:0 ;
in:2743 out:2744 type:b dur:2 cpbdur:2 q:37.14 aq:22.00 tex:10 mv:141 misc:385 imb:0 pmb:29 smb:4291 d:t ref:0 ;
in:2748 out:2745 type:P dur:2 cpbdur:2 q:37.15 aq:29.00 tex:9262 mv:2595 misc:607 imb:53 pmb:198 smb:4069 d:s ref:0 ;
in:2746 out:2746 type:B dur:2 cpbdur:2 q:37.15 aq:37.51 tex:1487 mv:1025 misc:600 imb:3 pmb:147 smb:4170 d:s ref:0 ;
in:2745 out:2747 type:b dur:2 cpbdur:2 q:37.16 aq:32.48 tex:371 mv:341 misc:528 imb:2 pmb:82 smb:4236 d:s ref:0 ;
in:2747 out:2748 type:b dur:2 cpbdur:2 q:37.15 aq:38.49 tex:1346 mv:736 misc:494 imb:0 pmb:87 smb:4233 d:- ref:0 ;
in:2752 out:2749 type:P dur:2 cpbdur:2 q:37.12 aq:30.23 tex:11211 mv:2421 misc:472 imb:106 pmb:135 smb:4079 d:s ref:0 ;
in:2750 out:2750 type:B dur:2 cpbdur:2 q:37.13 aq:37.15 tex:4740 mv:2553 misc:499 imb:13 pmb:177 smb:4130 d:t ref:0 ;
in:2749 out:2751 type:b dur:2 cpbdur:2 q:37.14 aq:33.30 tex:1069 mv:753 misc:522 imb:0 pmb:81 smb:4239 d:s ref:0 ;
in:2751 out:2752 type:b dur:2 cpbdur:2 q:37.13 aq:38.01 tex:1429 mv:908 misc:479 imb:1 pmb:89 smb:4230 d:- ref:0 ;
in:2756 out:2753 type:P dur:2 cpbdur:2 q:37.09 aq:30.46 tex:14864 mv:2047 misc:465 imb:109 pmb:113 smb:4098 d:s ref:0 ;
in:2754 out:2754 type:B dur:2 cpbdur:2 q:37.10 aq:34.18 tex:3174 mv:1752 misc:530 imb:12 pmb:155 smb:4153 d:s ref:0 ;
in:2753 out:2755 type:b dur:2 cpbdur:2 q:37.11 aq:31.80 tex:64 mv:272 misc:456 imb:3 pmb:59 smb:4258 d:s ref:0 ;
in:2755 out:2756 type:b dur:2 cpbdur:2 q:37.09 aq:32.15 tex:571 mv:487 misc:438 imb:0 pmb:59 smb:4261 d:- ref:0 ;
in:2758 out:2757 type:P dur:2 cpbdur:2 q:37.05 aq:25.85 tex:6515 mv:1609 misc:476 imb:26 pmb:157 smb:4137 d:s ref:0 ;
in:2757 out:2758 type:b dur:2 cpbdur:2 q:37.07 aq:28.62 tex:116 mv:182 misc:318 imb:3 pmb:14 smb:4303 d:s ref:0 ;
in:2759 out:2759 type:P dur:2 cpbdur:2 q:37.02 aq:24.55 tex:2934 mv:772 misc:574 imb:26 pmb:115 smb:4179 d:s ref:0 ;
in:2760 out:2760 type:P dur:2 cpbdur:2 q:37.01 aq:23.78 tex:2771 mv:674 misc:611 imb:31 pmb:97 smb:4192 d:s ref:0 ;
in:2761 out:2761 type:P dur:2 cpbdur:2 q:37.00 aq:22.65 tex:1319 mv:231 misc:410 imb:34 pmb:16 smb:4270 d:s ref:0 ;
in:2762 out:2762 type:P dur:2 cpbdur:2 q:36.98 aq:21.57 tex:921 mv:196 misc:347 imb:33 pmb:5 smb:4282 d:s ref:0 ;
in:2763 out:2763 type:P dur:2 cpbdur:2 q:36.96 aq:26.14 tex:1925 mv:377 misc:394 imb:65 pmb:16 smb:4239 d:s ref:0 ;
in:2764 out:2764 type:P dur:2 cpbdur:2 q:36.94 aq:23.18 tex:1840 mv:457 misc:423 imb:68 pmb:23 smb:4229 d:s ref:0 ;
in:2765 out:2765 type:P dur:2 cpbdur:2 q:36.93 aq:23.31 tex:1409 mv:258 misc:373 imb:27 pmb:12 smb:4281 d:s ref:0 ;
in:2766 out:2766 type:P dur:2 cpbdur:2 q:36.92 aq:25.83 tex:1689 mv:365 misc:426 imb:23 pmb:20 smb:4277 d:s ref:0 ;
in:2770 out:2767 type:P dur:2 cpbdur:2 q:36.91 aq:25.95 tex:3305 mv:2011 misc:1180 imb:118 pmb:231 smb:3971 d:s ref:0 ;
in:2768 out:2768 type:B dur:2 cpbdur:2 q:36.91 aq:30.73 tex:779 mv:1033 misc:1004 imb:25 pmb:245 smb:4050 d:s ref:0 ;
in:2767 out:2769 type:b dur:2 cpbdur:2 q:36.92 aq:35.79 tex:473 mv:259 misc:292 imb:3 pmb:20 smb:4297 d:s ref:0 ;
in:2769 out:2770 type:b dur:2 cpbdur:2 q:36.91 aq:23.71 tex:324 mv:1535 misc:989 imb:12 pmb:269 smb:4039 d:- ref:0 ;
in:2771 out:2771 type:P dur:2 cpbdur:2 q:36.88 aq:28.05 tex:64386 mv:10987 misc:2347 imb:1320 pmb:564 smb:2436 d:s ref:0 w:4,15,2,5,32,0,29,12 ;
in:2772 out:2772 type:P dur:2 cpbdur:2 q:36.92 aq:30.54 tex:22438 mv:6637 misc:2269 imb:312 pmb:726 smb:3282 d:s ref:0 ;
in:2773 out:2773 type:P dur:2 cpbdur:2 q:36.92 aq:30.08 tex:11479 mv:4014 misc:2107 imb:265 pmb:399 smb:3656 d:s ref:0 ;
in:2774 out:2774 type:P dur:2 cpbdur:2 q:36.93 aq:27.25 tex:5690 mv:3458 misc:1852 imb:289 pmb:286 smb:3745 d:s ref:0 ;
in:2775 out:2775 type:P dur:2 cpbdur:2 q:36.94 aq:27.39 tex:6102 mv:3612 misc:1958 imb:438 pmb:247 smb:3635 d:s ref:0 ;
in:2776 out:2776 type:P dur:2 cpbdur:2 q:36.95 aq:27.06 tex:10977 mv:5635 misc:2316 imb:428 pmb:528 smb:3364 d:s ref:0 ;
in:2777 out:2777 type:P dur:2 cpbdur:2 q:36.95 aq:26.69 tex:19936 mv:7860 misc:2228 imb:644 pmb:688 smb:2988 d:s ref:0 ;
in:2778 out:2778 type:P dur:2 cpbdur:2 q:36.96 aq:26.18 tex:27247 mv:7373 misc:2188 imb:737 pmb:751 smb:2832 d:s ref:0 ;
in:2779 out:2779 type:P dur:2 cpbdur:2 q:36.97 aq:27.79 tex:32221 mv:8188 misc:2055 imb:564 pmb:799 smb:2957 d:s ref:0 ;
in:2781 out:2780 type:P dur:2 cpbdur:2 q:36.97 aq:27.28 tex:49939 mv:8304 misc:1933 imb:593 pmb:805 smb:2922 d:s ref:0 ;
in:2780 out:2781 type:b dur:2 cpbdur:2 q:36.97 aq:26.60 tex:2007 mv:4050 misc:1375 imb:159 pmb:283 smb:3878 d:s ref:0 ;
in:2782 out:2782 type:P dur:2 cpbdur:2 q:36.99 aq:27.04 tex:27669 mv:7175 misc:2116 imb:501 pmb:819 smb:3000 d:s ref:0 ;
in:2783 out:2783 type:P dur:2 cpbdur:2 q:37.00 aq:26.95 tex:24066 mv:6998 misc:2272 imb:382 pmb:807 smb:3131 d:s ref:0 ;
in:2784 out:2784 type:P dur:2 cpbdur:2 q:37.00 aq:25.47 tex:23003 mv:6598 misc:2599 imb:465 pmb:715 smb:3140 d:s ref:0 ;
in:2788 out:2785 type:P dur:2 cpbdur:2 q:37.00 aq:26.73 tex:26825 mv:5835 misc:2412 imb:458 pmb:728 smb:3134 d:s ref:0 ;
in:2786 out:2786 type:B dur:2 cpbdur:2 q:37.00 aq:24.32 tex:540 mv:2703 misc:1213 imb:48 pmb:298 smb:3974 d:s ref:0 ;
in:2785 out:2787 type:b dur:2 cpbdur:2 q:37.00 aq:25.38 tex:276 mv:1731 misc:985 imb:42 pmb:194 smb:4084 d:s ref:0 ;
in:2787 out:2788 type:b dur:2 cpbdur:2 q:37.00 aq:39.54 tex:198 mv:813 misc:645 imb:4 pmb:81 smb:4235 d:- ref:0 ;
in:2792 out:2789 type:P dur:2 cpbdur:2 q:37.06 aq:30.38 tex:16017 mv:3003 misc:2124 imb:132 pmb:564 smb:3624 d:s ref:0 ;
in:2790 out:2790 type:B dur:2 cpbdur:2 q:37.03 aq:34.22 tex:640 mv:637 misc:571 imb:9 pmb:65 smb:4246 d:s ref:0 ;
in:2789 out:2791 type:b dur:2 cpbdur:2 q:37.01 aq:42.90 tex:135 mv:114 misc:295 imb:0 pmb:13 smb:4307 d:s ref:0 ;
in:2791 out:2792 type:b dur:2 cpbdur:2 q:37.04 aq:24.56 tex:175 mv:213 misc:308 imb:3 pmb:13 smb:4304 d:- ref:0 ;
in:2793 out:2793 type:P dur:2 cpbdur:2 q:37.08 aq:29.66 tex:5386 mv:1071 misc:1439 imb:62 pmb:221 smb:4037 d:s ref:0 ;
in:2794 out:2794 type:P dur:2 cpbdur:2 q:37.09 aq:30.22 tex:7161 mv:1619 misc:1748 imb:45 pmb:366 smb:3909 d:s ref:0 ;
in:2795 out:2795 type:P dur:2 cpbdur:2 q:37.11 aq:30.07 tex:4707 mv:1517 misc:1648 imb:116 pmb:219 smb:3985 d:s ref:0 ;
in:2797 out:2796 type:P dur:2 cpbdur:2 q:37.15 aq:29.69 tex:4092 mv:1209 misc:1267 imb:97 pmb:159 smb:4064 d:s ref:0 ;
in:2796 out:2797 type:b dur:2 cpbdur:2 q:37.13 aq:42.74 tex:559 mv:311 misc:298 imb:9 pmb:21 smb:4290 d:s ref:0 ;
in:2801 out:2798 type:P dur:2 cpbdur:2 q:37.25 aq:28.78 tex:2092 mv:364 misc:440 imb:16 pmb:37 smb:4267 d:s ref:0 ;
in:2799 out:2799 type:B dur:2 cpbdur:2 q:37.20 aq:41.59 tex:210 mv:200 misc:302 imb:2 pmb:19 smb:4299 d:s ref:0 ;
in:2798 out:2800 type:b dur:2 cpbdur:2 q:37.17 aq:41.48 tex:76 mv:117 misc:303 imb:0 pmb:15 smb:4305 d:s ref:0 ;
in:2800 out:2801 type:b dur:2 cpbdur:2 q:37.23 aq:39.05 tex:45 mv:113 misc:274 imb:0 pmb:8 smb:4312 d:- ref:0 ;
in:2803 out:2802 type:P dur:2 cpbdur:2 q:37.31 aq:28.99 tex:13154 mv:2038 misc:648 imb:266 pmb:178 smb:3876 d:s ref:0 ;
in:2802 out:2803 type:b dur:2 cpbdur:2 q:37.28 aq:25.90 tex:175 mv:634 misc:575 imb:27 pmb:86 smb:4207 d:s ref:0 ;
in:2804 out:2804 type:P dur:2 cpbdur:2 q:37.34 aq:30.56 tex:7840 mv:1928 misc:656 imb:226 pmb:234 smb:3860 d:s ref:0 ;
in:2807 out:2805 type:P dur:2 cpbdur:2 q:37.34 aq:23.44 tex:6604 mv:1960 misc:660 imb:360 pmb:131 smb:3829 d:s ref:0 ;
in:2805 out:2806 type:B dur:2 cpbdur:2 q:37.34 aq:32.96 tex:13252 mv:2818 misc:698 imb:223 pmb:206 smb:3891 d:s ref:0 ;
in:2806 out:2807 type:b dur:2 cpbdur:2 q:37.34 aq:35.22 tex:9311 mv:3582 misc:539 imb:381 pmb:171 smb:3768 d:- ref:0 ;
in:2809 out:2808 type:P dur:2 cpbdur:2 q:37.29 aq:24.02 tex:38274 mv:4832 misc:462 imb:1370 pmb:66 smb:2884 d:s ref:0 ;
in:2808 out:2809 type:b dur:2 cpbdur:2 q:37.32 aq:25.13 tex:307 mv:722 misc:603 imb:16 pmb:116 smb:4188 d:s ref:0 ;
in:2810 out:2810 type:P dur:2 cpbdur:2 q:37.30 aq:23.52 tex:762 mv:275 misc:371 imb:9 pmb:18 smb:4293 d:s ref:0 ;
in:2812 out:2811 type:P dur:2 cpbdur:2 q:37.29 aq:23.45 tex:46667 mv:5179 misc:834 imb:991 pmb:134 smb:3195 d:s ref:0 ;
in:2811 out:2812 type:b dur:2 cpbdur:2 q:37.29 aq:31.33 tex:378 mv:717 misc:601 imb:12 pmb:125 smb:4183 d:s ref:0 ;
in:2813 out:2813 type:P dur:2 cpbdur:2 q:37.32 aq:23.10 tex:83375 mv:6594 misc:743 imb:1183 pmb:132 smb:3005 d:s ref:0 ;
in:2817 out:2814 type:P dur:2 cpbdur:2 q:37.36 aq:29.83 tex:3022 mv:422 misc:500 imb:13 pmb:46 smb:4261 d:s ref:0 ;
in:2815 out:2815 type:B dur:2 cpbdur:2 q:37.34 aq:40.24 tex:262 mv:157 misc:301 imb:1 pmb:15 smb:4304 d:s ref:0 ;
in:2814 out:2816 type:b dur:2 cpbdur:2 q:37.33 aq:41.20 tex:149 mv:169 misc:282 imb:0 pmb:14 smb:4306 d:s ref:0 ;
in:2816 out:2817 type:b dur:2 cpbdur:2 q:37.35 aq:42.77 tex:177 mv:199 misc:280 imb:1 pmb:13 smb:4306 d:- ref:0 ;
in:2821 out:2818 type:P dur:2 cpbdur:2 q:37.31 aq:27.27 tex:1413 mv:351 misc:444 imb:21 pmb:25 smb:4274 d:s ref:0 ;
in:2819 out:2819 type:B dur:2 cpbdur:2 q:37.33 aq:41.81 tex:84 mv:165 misc:295 imb:0 pmb:11 smb:4309 d:t ref:0 ;
in:2818 out:2820 type:b dur:2 cpbdur:2 q:37.34 aq:41.31 tex:122 mv:131 misc:283 imb:0 pmb:10 smb:4310 d:t ref:0 ;
in:2820 out:2821 type:b dur:2 cpbdur:2 q:37.32 aq:42.47 tex:41 mv:78 misc:281 imb:0 pmb:8 smb:4312 d:- ref:0 ;
in:2825 out:2822 type:P dur:2 cpbdur:2 q:37.26 aq:39.20 tex:385 mv:97 misc:294 imb:2 pmb:12 smb:4306 d:s ref:0 ;
in:2823 out:2823 type:B dur:2 cpbdur:2 q:37.28 aq:34.00 tex:1 mv:34 misc:285 imb:0 pmb:5 smb:4315 d:s ref:0 ;
in:2822 out:2824 type:b dur:2 cpbdur:2 q:37.29 aq:42.64 tex:39 mv:16 misc:265 imb:0 pmb:3 smb:4317 d:s ref:0 ;
in:2824 out:2825 type:b dur:2 cpbdur:2 q:37.27 aq:35.00 tex:0 mv:0 misc:256 imb:0 pmb:0 smb:4320 d:- ref:0 ;
in:2827 out:2826 type:P dur:2 cpbdur:2 q:37.29 aq:40.86 tex:402 mv:120 misc:310 imb:1 pmb:12 smb:4307 d:s ref:0 ;
in:2826 out:2827 type:b dur:2 cpbdur:2 q:37.28 aq:35.00 tex:2 mv:55 misc:279 imb:0 pmb:7 smb:4313 d:s ref:0 ;
in:2830 out:2828 type:P dur:2 cpbdur:2 q:37.26 aq:27.75 tex:3072 mv:579 misc:365 imb:83 pmb:17 smb:4220 d:s ref:0 ;
in:2828 out:2829 type:B dur:2 cpbdur:2 q:37.28 aq:25.26 tex:330 mv:285 misc:353 imb:6 pmb:35 smb:4279 d:s ref:0 ;
in:2829 out:2830 type:b dur:2 cpbdur:2 q:37.27 aq:27.82 tex:1456 mv:1020 misc:348 imb:84 pmb:34 smb:4202 d:- ref:0 ;
in:2834 out:2831 type:P dur:2 cpbdur:2 q:37.35 aq:25.74 tex:6208 mv:1108 misc:444 imb:172 pmb:49 smb:4099 d:s ref:0 ;
in:2832 out:2832 type:B dur:2 cpbdur:2 q:37.31 aq:29.09 tex:2459 mv:1137 misc:524 imb:91 pmb:90 smb:4139 d:s ref:0 ;
in:2831 out:2833 type:b dur:2 cpbdur:2 q:37.28 aq:37.86 tex:676 mv:537 misc:467 imb:21 pmb:73 smb:4226 d:s ref:0 ;
in:2833 out:2834 type:b dur:2 cpbdur:2 q:37.33 aq:29.47 tex:1992 mv:1087 misc:545 imb:86 pmb:95 smb:4139 d:- ref:0 ;
in:2838 out:2835 type:P dur:2 cpbdur:2 q:37.32 aq:28.86 tex:5950 mv:1237 misc:437 imb:179 pmb:54 smb:4087 d:s ref:0 ;
in:2836 out:2836 type:B dur:2 cpbdur:2 q:37.34 aq:29.82 tex:1982 mv:1012 misc:462 imb:69 pmb:65 smb:4186 d:s ref:0 ;
in:2835 out:2837 type:b dur:2 cpbdur:2 q:37.35 aq:37.25 tex:873 mv:405 misc:386 imb:17 pmb:47 smb:4256 d:s ref:0 ;
in:2837 out:2838 type:b dur:2 cpbdur:2 q:37.33 aq:33.28 tex:643 mv:432 misc:389 imb:2 pmb:65 smb:4253 d:- ref:0 ;
in:2841 out:2839 type:P dur:2 cpbdur:2 q:37.26 aq:27.95 tex:4789 mv:1016 misc:443 imb:147 pmb:46 smb:4127 d:s ref:0 ;
in:2839 out:2840 type:B dur:2 cpbdur:2 q:37.30 aq:34.37 tex:930 mv:378 misc:444 imb:6 pmb:67 smb:4247 d:s ref:0 ;
in:2840 out:2841 type:b dur:2 cpbdur:2 q:37.28 aq:36.96 tex:476 mv:253 misc:287 imb:0 pmb:19 smb:4301 d:- ref:0 ;
in:2844 out:2842 type:P dur:2 cpbdur:2 q:37.23 aq:29.48 tex:5487 mv:1144 misc:449 imb:161 pmb:32 smb:4127 d:s ref:0 ;
in:2842 out:2843 type:B dur:2 cpbdur:2 q:37.25 aq:34.31 tex:1254 mv:987 misc:455 imb:56 pmb:74 smb:4190 d:s ref:0 ;
in:2843 out:2844 type:b dur:2 cpbdur:2 q:37.24 aq:33.04 tex:185 mv:473 misc:390 imb:8 pmb:56 smb:4256 d:- ref:0 ;
in:2847 out:2845 type:P dur:2 cpbdur:2 q:37.17 aq:25.06 tex:1856 mv:2692 misc:1444 imb:154 pmb:277 smb:3889 d:s ref:0 ;
in:2845 out:2846 type:B dur:2 cpbdur:2 q:37.21 aq:27.54 tex:429 mv:1178 misc:1369 imb:39 pmb:391 smb:3890 d:s ref:0 ;
in:2846 out:2847 type:b dur:2 cpbdur:2 q:37.19 aq:34.59 tex:252 mv:849 misc:1011 imb:8 pmb:307 smb:4005 d:- ref:0 ;
in:2848 out:2848 type:I dur:2 cpbdur:2 q:34.34 aq:23.18 tex:68432 mv:30994 misc:526 imb:4320 pmb:0 smb:0 d:s ref:;
in:2849 out:2849 type:P dur:2 cpbdur:2 q:37.24 aq:31.78 tex:63747 mv:10287 misc:1246 imb:1787 pmb:285 smb:2248 d:s ref:0 ;
in:2850 out:2850 type:P dur:2 cpbdur:2 q:37.26 aq:29.47 tex:68524 mv:11549 misc:1311 imb:2163 pmb:276 smb:1881 d:s ref:0 ;
in:2851 out:2851 type:P dur:2 cpbdur:2 q:37.26 aq:27.81 tex:71945 mv:11888 misc:1391 imb:1959 pmb:366 smb:1995 d:s ref:0 ;
in:2852 out:2852 type:P dur:2 cpbdur:2 q:37.26 aq:28.12 tex:82632 mv:12919 misc:1201 imb:2120 pmb:358 smb:1842 d:s ref:0 ;
in:2853 out:2853 type:P dur:2 cpbdur:2 q:37.28 aq:28.64 tex:66701 mv:12113 misc:1530 imb:1108 pmb:793 smb:2419 d:s ref:0 ;
in:2854 out:2854 type:P dur:2 cpbdur:2 q:37.29 aq:31.04 tex:29904 mv:8350 misc:1906 imb:613 pmb:848 smb:2859 d:s ref:0 ;
in:2855 out:2855 type:P dur:2 cpbdur:2 q:37.30 aq:30.03 tex:27781 mv:8118 misc:1837 imb:355 pmb:948 smb:3017 d:s ref:0 ;
in:2856 out:2856 type:P dur:2 cpbdur:2 q:37.31 aq:28.47 tex:30771 mv:8204 misc:1737 imb:398 pmb:1012 smb:2910 d:s ref:0 w:5,33,-1 ;
in:2857 out:2857 type:P dur:2 cpbdur:2 q:37.32 aq:26.79 tex:40046 mv:7892 misc:1638 imb:489 pmb:1008 smb:2823 d:s ref:0 ;
in:2858 out:2858 type:P dur:2 cpbdur:2 q:37.33 aq:25.56 tex:43015 mv:8257 misc:1776 imb:506 pmb:1030 smb:2784 d:s ref:0 ;
in:2859 out:2859 type:P dur:2 cpbdur:2 q:37.35 aq:26.47 tex:46287 mv:7049 misc:1744 imb:498 pmb:965 smb:2857 d:s ref:0 ;
in:2860 out:2860 type:P dur:2 cpbdur:2 q:37.36 aq:25.05 tex:41000 mv:6739 misc:1933 imb:399 pmb:979 smb:2942 d:s ref:0 ;
in:2864 out:2861 type:P dur:2 cpbdur:2 q:37.38 aq:25.44 tex:65001 mv:7621 misc:1810 imb:533 pmb:947 smb:2840 d:s ref:0 ;
in:2862 out:2862 type:B dur:2 cpbdur:2 q:37.37 aq:23.56 tex:712 mv:1880 misc:1112 imb:73 pmb:181 smb:4066 d:s ref:0 ;
in:2861 out:2863 type:b dur:2 cpbdur:2 q:37.37 aq:28.09 tex:386 mv:1325 misc:905 imb:67 pmb:136 smb:4117 d:s ref:0 ;
in:2863 out:2864 type:b dur:2 cpbdur:2 q:37.38 aq:28.69 tex:323 mv:955 misc:810 imb:14 pmb:132 smb:4174 d:- ref:0 ;
in:2868 out:2865 type:P dur:2 cpbdur:2 q:37.40 aq:28.11 tex:24519 mv:4516 misc:2309 imb:343 pmb:779 smb:3198 d:s ref:0 ;
in:2866 out:2866 type:B dur:2 cpbdur:2 q:37.39 aq:30.90 tex:332 mv:1304 misc:1476 imb:20 pmb:350 smb:3950 d:s ref:0 ;
in:2865 out:2867 type:b dur:2 cpbdur:2 q:37.39 aq:36.97 tex:283 mv:1394 misc:1091 imb:10 pmb:201 smb:4109 d:s ref:0 ;
in:2867 out:2868 type:b dur:2 cpbdur:2 q:37.40 aq:38.09 tex:222 mv:184 misc:330 imb:6 pmb:16 smb:4298 d:- ref:0 ;
in:2871 out:2869 type:P dur:2 cpbdur:2 q:37.74 aq:30.89 tex:11415 mv:2456 misc:2153 imb:51 pmb:644 smb:3625 d:s ref:0 ;
in:2869 out:2870 type:B dur:2 cpbdur:2 q:37.52 aq:36.76 tex:165 mv:141 misc:318 imb:4 pmb:11 smb:4305 d:s ref:0 ;
in:2870 out:2871 type:b dur:2 cpbdur:2 q:37.63 aq:40.09 tex:213 mv:189 misc:286 imb:2 pmb:15 smb:4303 d:- ref:0 ;
in:2872 out:2872 type:P dur:2 cpbdur:2 q:38.06 aq:32.16 tex:6589 mv:1100 misc:1527 imb:30 pmb:335 smb:3955 d:s ref:0 ;
in:2873 out:2873 type:P dur:2 cpbdur:2 q:38.13 aq:30.82 tex:3983 mv:1384 misc:1481 imb:77 pmb:238 smb:4005 d:s ref:0 ;
in:2876 out:2874 type:P dur:2 cpbdur:2 q:38.18 aq:30.54 tex:4081 mv:1340 misc:1355 imb:98 pmb:224 smb:3998 d:s ref:0 ;
in:2874 out:2875 type:B dur:2 cpbdur:2 q:38.15 aq:30.14 tex:291 mv:412 misc:353 imb:16 pmb:29 smb:4275 d:s ref:0 ;
in:2875 out:2876 type:b dur:2 cpbdur:2 q:38.17 aq:39.85 tex:270 mv:157 misc:317 imb:1 pmb:23 smb:4296 d:- ref:0 ;
in:2877 out:2877 type:P dur:2 cpbdur:2 q:38.33 aq:31.81 tex:1608 mv:348 misc:596 imb:9 pmb:65 smb:4246 d:s ref:0 ;
in:2878 out:2878 type:P dur:2 cpbdur:2 q:38.39 aq:29.82 tex:1354 mv:345 misc:541 imb:17 pmb:48 smb:4255 d:s ref:0 ;
in:2882 out:2879 type:P dur:2 cpbdur:2 q:38.47 aq:31.25 tex:1740 mv:395 misc:361 imb:32 pmb:18 smb:4270 d:s ref:0 ;
in:2880 out:2880 type:B dur:2 cpbdur:2 q:38.43 aq:38.21 tex:149 mv:205 misc:318 imb:2 pmb:22 smb:4296 d:s ref:0 ;
in:2879 out:2881 type:b dur:2 cpbdur:2 q:38.41 aq:34.82 tex:17 mv:122 misc:301 imb:2 pmb:20 smb:4298 d:s ref:0 ;
in:2881 out:2882 type:b dur:2 cpbdur:2 q:38.45 aq:40.27 tex:39 mv:110 misc:275 imb:0 pmb:9 smb:4311 d:- ref:0 ;
in:2884 out:2883 type:P dur:2 cpbdur:2 q:38.45 aq:35.48 tex:242 mv:132 misc:330 imb:3 pmb:16 smb:4301 d:s ref:0 ;
in:2883 out:2884 type:b dur:2 cpbdur:2 q:38.46 aq:37.00 tex:1 mv:58 misc:285 imb:0 pmb:9 smb:4311 d:t ref:0 ;
in:2886 out:2885 type:P dur:2 cpbdur:2 q:38.43 aq:22.81 tex:94 mv:228 misc:366 imb:13 pmb:13 smb:4294 d:s ref:0 ;
in:2885 out:2886 type:b dur:2 cpbdur:2 q:38.44 aq:37.00 tex:3 mv:114 misc:283 imb:0 pmb:10 smb:4310 d:t ref:0 ;
in:2887 out:2887 type:P dur:2 cpbdur:2 q:38.36 aq:32.43 tex:222 mv:207 misc:347 imb:9 pmb:15 smb:4296 d:s ref:0 ;
in:2888 out:2888 type:P dur:2 cpbdur:2 q:38.35 aq:31.35 tex:350 mv:160 misc:314 imb:6 pmb:10 smb:4304 d:s ref:0 ;
in:2889 out:2889 type:P dur:2 cpbdur:2 q:38.33 aq:30.99 tex:243 mv:180 misc:313 imb:4 pmb:9 smb:4307 d:s ref:0 ;
in:2891 out:2890 type:P dur:2 cpbdur:2 q:38.30 aq:23.78 tex:2107 mv:721 misc:444 imb:67 pmb:28 smb:4225 d:s ref:0 ;
in:2890 out:2891 type:b dur:2 cpbdur:2 q:38.31 aq:38.91 tex:80 mv:196 misc:316 imb:4 pmb:23 smb:4293 d:s ref:0 ;
in:2893 out:2892 type:P dur:2 cpbdur:2 q:38.24 aq:30.52 tex:462 mv:277 misc:373 imb:12 pmb:17 smb:4291 d:s ref:0 ;
in:2892 out:2893 type:b dur:2 cpbdur:2 q:38.27 aq:37.00 tex:4 mv:102 misc:278 imb:1 pmb:7 smb:4312 d:t ref:0 ;
in:2897 out:2894 type:P dur:2 cpbdur:2 q:38.21 aq:25.09 tex:197 mv:135 misc:332 imb:5 pmb:9 smb:4306 d:s ref:0 ;
in:2895 out:2895 type:B dur:2 cpbdur:2 q:38.22 aq:35.00 tex:3 mv:138 misc:291 imb:0 pmb:10 smb:4310 d:s ref:0 ;
in:2894 out:2896 type:b dur:2 cpbdur:2 q:38.23 aq:37.00 tex:1 mv:87 misc:280 imb:0 pmb:8 smb:4312 d:s ref:0 ;
in:2896 out:2897 type:b dur:2 cpbdur:2 q:38.22 aq:37.00 tex:2 mv:61 misc:273 imb:0 pmb:8 smb:4312 d:- ref:0 ;
in:2901 out:2898 type:P dur:2 cpbdur:2 q:38.11 aq:23.77 tex:2473 mv:591 misc:360 imb:60 pmb:19 smb:4241 d:s ref:0 ;
in:2899 out:2899 type:B dur:2 cpbdur:2 q:38.16 aq:28.25 tex:81 mv:287 misc:352 imb:6 pmb:25 smb:4289 d:s ref:0 ;
in:2898 out:2900 type:b dur:2 cpbdur:2 q:38.19 aq:37.00 tex:2 mv:78 misc:280 imb:0 pmb:7 smb:4313 d:t ref:0 ;
in:2900 out:2901 type:b dur:2 cpbdur:2 q:38.14 aq:37.00 tex:8 mv:86 misc:330 imb:1 pmb:25 smb:4294 d:- ref:0 ;
in:2905 out:2902 type:P dur:2 cpbdur:2 q:38.04 aq:28.48 tex:228 mv:143 misc:325 imb:4 pmb:10 smb:4306 d:s ref:0 ;
in:2903 out:2903 type:B dur:2 cpbdur:2 q:38.08 aq:35.00 tex:3 mv:100 misc:289 imb:0 pmb:10 smb:4310 d:t ref:0 ;
in:2902 out:2904 type:b dur:2 cpbdur:2 q:38.09 aq:37.00 tex:0 mv:34 misc:270 imb:0 pmb:4 smb:4316 d:s ref:0 ;
in:2904 out:2905 type:b dur:2 cpbdur:2 q:38.06 aq:37.00 tex:0 mv:0 misc:256 imb:0 pmb:0 smb:4320 d:- ref:0 ;
in:2909 out:2906 type:P dur:2 cpbdur:2 q:37.96 aq:27.56 tex:365 mv:135 misc:308 imb:5 pmb:7 smb:4308 d:s ref:0 ;
in:2907 out:2907 type:B dur:2 cpbdur:2 q:38.00 aq:39.75 tex:38 mv:50 misc:288 imb:0 pmb:6 smb:4314 d:s ref:0 ;
in:2906 out:2908 type:b dur:2 cpbdur:2 q:38.02 aq:37.00 tex:0 mv:8 misc:264 imb:0 pmb:1 smb:4319 d:s ref:0 ;
in:2908 out:2909 type:b dur:2 cpbdur:2 q:37.98 aq:41.37 tex:40 mv:80 misc:288 imb:0 pmb:5 smb:4315 d:- ref:0 ;
in:2913 out:2910 type:P dur:2 cpbdur:2 q:37.89 aq:26.01 tex:70067 mv:7688 misc:517 imb:1457 pmb:148 smb:2715 d:s ref:0 ;
in:2911 out:2911 type:B dur:2 cpbdur:2 q:37.93 aq:27.34 tex:253 mv:488 misc:619 imb:8 pmb:111 smb:4201 d:s ref:0 ;
in:2910 out:2912 type:b dur:2 cpbdur:2 q:37.95 aq:24.03 tex:70 mv:571 misc:583 imb:31 pmb:80 smb:4209 d:s ref:0 ;
in:2912 out:2913 type:b dur:2 cpbdur:2 q:37.91 aq:37.00 tex:2 mv:15 misc:279 imb:0 pmb:6 smb:4314 d:- ref:0 ;
in:2914 out:2914 type:P dur:2 cpbdur:2 q:37.90 aq:27.88 tex:26626 mv:4445 misc:745 imb:2202 pmb:77 smb:2041 d:s ref:0 ;
in:2917 out:2915 type:P dur:2 cpbdur:2 q:37.90 aq:25.14 tex:28705 mv:5883 misc:516 imb:2106 pmb:164 smb:2050 d:s ref:0 ;
in:2915 out:2916 type:B dur:2 cpbdur:2 q:37.90 aq:34.35 tex:4963 mv:3548 misc:1201 imb:152 pmb:249 smb:3919 d:s ref:0 ;
in:2916 out:2917 type:b dur:2 cpbdur:2 q:37.90 aq:28.15 tex:1989 mv:1622 misc:893 imb:52 pmb:173 smb:4095 d:- ref:0 ;
in:2918 out:2918 type:P dur:2 cpbdur:2 q:37.89 aq:24.53 tex:3402 mv:2377 misc:1173 imb:162 pmb:227 smb:3931 d:s ref:0 ;
in:2919 out:2919 type:P dur:2 cpbdur:2 q:37.88 aq:27.09 tex:805 mv:317 misc:470 imb:42 pmb:34 smb:4244 d:s ref:0 ;
in:2921 out:2920 type:P dur:2 cpbdur:2 q:37.87 aq:24.20 tex:3219 mv:2208 misc:1133 imb:462 pmb:189 smb:3669 d:s ref:0 ;
in:2920 out:2921 type:b dur:2 cpbdur:2 q:37.88 aq:34.28 tex:890 mv:749 misc:577 imb:24 pmb:106 smb:4190 d:s ref:0 ;
in:2922 out:2922 type:P dur:2 cpbdur:2 q:37.84 aq:37.87 tex:792 mv:241 misc:311 imb:28 pmb:7 smb:4285 d:s ref:0 ;
in:2923 out:2923 type:P dur:2 cpbdur:2 q:37.83 aq:26.62 tex:764 mv:229 misc:351 imb:33 pmb:9 smb:4278 d:s ref:0 ;
in:2924 out:2924 type:P dur:2 cpbdur:2 q:37.82 aq:30.07 tex:21325 mv:7280 misc:1875 imb:1249 pmb:284 smb:2787 d:s ref:0 ;
in:2925 out:2925 type:I dur:2 cpbdur:2 q:35.05 aq:24.45 tex:42124 mv:20033 misc:531 imb:4320 pmb:0 smb:0 d:s ref:;
in:2926 out:2926 type:P dur:2 cpbdur:2 q:37.88 aq:27.94 tex:6357 mv:4929 misc:1578 imb:494 pmb:273 smb:3553 d:s ref:0 ;
in:2927 out:2927 type:P dur:2 cpbdur:2 q:37.88 aq:29.29 tex:6693 mv:4729 misc:1658 imb:411 pmb:269 smb:3640 d:s ref:0 ;
in:2928 out:2928 type:P dur:2 cpbdur:2 q:37.97 aq:29.08 tex:6501 mv:4164 misc:1255 imb:540 pmb:183 smb:3597 d:s ref:0 ;
in:2929 out:2929 type:P dur:2 cpbdur:2 q:37.96 aq:28.81 tex:4962 mv:3775 misc:1631 imb:413 pmb:232 smb:3675 d:s ref:0 ;
in:2930 out:2930 type:P dur:2 cpbdur:2 q:37.98 aq:28.44 tex:5851 mv:4984 misc:1613 imb:495 pmb:355 smb:3470 d:s ref:0 ;
in:2931 out:2931 type:P dur:2 cpbdur:2 q:37.97 aq:30.52 tex:8525 mv:6629 misc:1454 imb:780 pmb:422 smb:3118 d:s ref:0 ;
in:2932 out:2932 type:P dur:2 cpbdur:2 q:38.02 aq:25.12 tex:9894 mv:5525 misc:1557 imb:408 pmb:441 smb:3471 d:s ref:0 ;
in:2933 out:2933 type:P dur:2 cpbdur:2 q:38.07 aq:32.70 tex:9720 mv:5232 misc:1320 imb:435 pmb:575 smb:3310 d:s ref:0 ;
in:2934 out:2934 type:P dur:2 cpbdur:2 q:38.09 aq:32.66 tex:11338 mv:5351 misc:1263 imb:568 pmb:433 smb:3319 d:s ref:0 ;
in:2935 out:2935 type:P dur:2 cpbdur:2 q:38.11 aq:21.55 tex:13998 mv:5080 misc:1266 imb:612 pmb:415 smb:3293 d:s ref:0 ;
in:2936 out:2936 type:P dur:2 cpbdur:2 q:38.12 aq:21.75 tex:17488 mv:5335 misc:1273 imb:514 pmb:451 smb:3355 d:s ref:0 ;
in:2937 out:2937 type:P dur:2 cpbdur:2 q:38.13 aq:32.58 tex:17562 mv:5593 misc:1189 imb:460 pmb:474 smb:3386 d:s ref:0 ;
in:2938 out:2938 type:P dur:2 cpbdur:2 q:38.13 aq:26.53 tex:14745 mv:5033 misc:1302 imb:486 pmb:436 smb:3398 d:s ref:0 ;
in:2939 out:2939 type:P dur:2 cpbdur:2 q:38.13 aq:26.19 tex:14895 mv:4364 misc:1309 imb:359 pmb:470 smb:3491 d:s ref:0 ;
in:2940 out:2940 type:P dur:2 cpbdur:2 q:38.13 aq:28.13 tex:10770 mv:4375 misc:1263 imb:416 pmb:394 smb:3510 d:s ref:0 ;
in:2941 out:2941 type:P dur:2 cpbdur:2 q:38.12 aq:29.86 tex:10987 mv:3903 misc:1254 imb:249 pmb:446 smb:3625 d:s ref:0 ;
in:2943 out:2942 type:P dur:2 cpbdur:2 q:38.14 aq:26.29 tex:10198 mv:4051 misc:1311 imb:456 pmb:394 smb:3470 d:s ref:0 ;
in:2942 out:2943 type:b dur:2 cpbdur:2 q:38.13 aq:28.49 tex:225 mv:1585 misc:766 imb:8 pmb:181 smb:4131 d:t ref:0 ;
in:2945 out:2944 type:P dur:2 cpbdur:2 q:38.16 aq:26.68 tex:6986 mv:3525 misc:1393 imb:394 pmb:365 smb:3561 d:s ref:0 ;
in:2944 out:2945 type:b dur:2 cpbdur:2 q:38.15 aq:25.51 tex:217 mv:733 misc:554 imb:1 pmb:100 smb:4219 d:t ref:0 ;
in:2948 out:2946 type:P dur:2 cpbdur:2 q:38.14 aq:29.31 tex:3576 mv:2100 misc:1132 imb:38 pmb:291 smb:3991 d:s ref:0 ;
in:2946 out:2947 type:B dur:2 cpbdur:2 q:38.15 aq:26.74 tex:36 mv:216 misc:332 imb:0 pmb:15 smb:4305 d:s ref:0 ;
in:2947 out:2948 type:b dur:2 cpbdur:2 q:38.14 aq:37.00 tex:4 mv:131 misc:281 imb:0 pmb:11 smb:4309 d:- ref:0 ;
in:2949 out:2949 type:P dur:2 cpbdur:2 q:38.08 aq:29.34 tex:972 mv:892 misc:912 imb:95 pmb:120 smb:4105 d:s ref:0 ;
in:2950 out:2950 type:P dur:2 cpbdur:2 q:38.07 aq:25.22 tex:1499 mv:1025 misc:956 imb:98 pmb:124 smb:4098 d:s ref:0 ;
in:2954 out:2951 type:P dur:2 cpbdur:2 q:38.06 aq:36.49 tex:659 mv:236 misc:345 imb:24 pmb:8 smb:4288 d:s ref:0 ;
in:2952 out:2952 type:B dur:2 cpbdur:2 q:38.07 aq:24.65 tex:331 mv:211 misc:306 imb:2 pmb:12 smb:4306 d:s ref:0 ;
in:2951 out:2953 type:b dur:2 cpbdur:2 q:38.07 aq:43.25 tex:61 mv:75 misc:272 imb:0 pmb:5 smb:4315 d:t ref:0 ;
in:2953 out:2954 type:b dur:2 cpbdur:2 q:38.06 aq:41.77 tex:54 mv:81 misc:281 imb:0 pmb:11 smb:4309 d:- ref:0 ;
in:2955 out:2955 type:P dur:2 cpbdur:2 q:38.06 aq:27.23 tex:21334 mv:3705 misc:1057 imb:944 pmb:106 smb:3270 d:s ref:0 ;
in:2959 out:2956 type:P dur:2 cpbdur:2 q:38.10 aq:25.71 tex:29708 mv:3650 misc:1154 imb:1516 pmb:97 smb:2707 d:s ref:0 ;
in:2957 out:2957 type:B dur:2 cpbdur:2 q:38.08 aq:36.62 tex:3143 mv:2879 misc:1274 imb:69 pmb:465 smb:3786 d:s ref:0 ;
in:2956 out:2958 type:b dur:2 cpbdur:2 q:38.07 aq:36.24 tex:3285 mv:3040 misc:1235 imb:89 pmb:438 smb:3793 d:s ref:0 ;
in:2958 out:2959 type:b dur:2 cpbdur:2 q:38.09 aq:37.00 tex:1401 mv:2287 misc:1080 imb:45 pmb:356 smb:3919 d:- ref:0 ;
in:2963 out:2960 type:P dur:2 cpbdur:2 q:38.16 aq:28.03 tex:10578 mv:2515 misc:899 imb:334 pmb:142 smb:3844 d:s ref:0 ;
in:2961 out:2961 type:B dur:2 cpbdur:2 q:38.13 aq:35.33 tex:2010 mv:2328 misc:1014 imb:103 pmb:232 smb:3985 d:s ref:0 ;
in:2960 out:2962 type:b dur:2 cpbdur:2 q:38.11 aq:35.17 tex:337 mv:530 misc:669 imb:13 pmb:172 smb:4135 d:s ref:0 ;
in:2962 out:2963 type:b dur:2 cpbdur:2 q:38.15 aq:27.03 tex:116 mv:393 misc:595 imb:6 pmb:146 smb:4168 d:- ref:0 ;
in:2966 out:2964 type:P dur:2 cpbdur:2 q:38.18 aq:27.37 tex:10136 mv:3006 misc:1050 imb:492 pmb:126 smb:3702 d:s ref:0 ;
in:2964 out:2965 type:B dur:2 cpbdur:2 q:38.17 aq:29.71 tex:988 mv:612 misc:664 imb:24 pmb:163 smb:4133 d:s ref:0 ;
in:2965 out:2966 type:b dur:2 cpbdur:2 q:38.17 aq:31.41 tex:635 mv:1286 misc:807 imb:35 pmb:215 smb:4070 d:- ref:0 ;
in:2967 out:2967 type:P dur:2 cpbdur:2 q:38.15 aq:30.78 tex:6057 mv:2962 misc:1085 imb:508 pmb:148 smb:3664 d:s ref:0 ;
in:2968 out:2968 type:P dur:2 cpbdur:2 q:38.15 aq:31.77 tex:3095 mv:2447 misc:1146 imb:244 pmb:141 smb:3935 d:s ref:0 ;
in:2969 out:2969 type:P dur:2 cpbdur:2 q:38.14 aq:26.63 tex:11000 mv:3328 misc:1200 imb:531 pmb:139 smb:3650 d:s ref:0 ;
in:2970 out:2970 type:P dur:2 cpbdur:2 q:38.13 aq:27.79 tex:11962 mv:6050 misc:1220 imb:880 pmb:234 smb:3206 d:s ref:0 ;
in:2971 out:2971 type:P dur:2 cpbdur:2 q:38.13 aq:34.23 tex:4272 mv:3821 misc:1323 imb:186 pmb:324 smb:3810 d:s ref:0 ;
in:2972 out:2972 type:P dur:2 cpbdur:2 q:38.12 aq:27.79 tex:6186 mv:4011 misc:1363 imb:187 pmb:361 smb:3772 d:s ref:0 ;
in:2973 out:2973 type:P dur:2 cpbdur:2 q:38.12 aq:26.35 tex:6974 mv:4358 misc:1332 imb:237 pmb:393 smb:3690 d:s ref:0 ;
in:2974 out:2974 type:P dur:2 cpbdur:2 q:38.13 aq:26.07 tex:6765 mv:3999 misc:1380 imb:163 pmb:384 smb:3773 d:s ref:0 ;
in:2975 out:2975 type:P dur:2 cpbdur:2 q:38.14 aq:26.79 tex:5963 mv:3205 misc:1344 imb:235 pmb:302 smb:3783 d:s ref:0 ;
in:2976 out:2976 type:P dur:2 cpbdur:2 q:38.15 aq:27.87 tex:9698 mv:3853 misc:1401 imb:401 pmb:284 smb:3635 d:s ref:0 ;
in:2980 out:2977 type:P dur:2 cpbdur:2 q:38.15 aq:25.89 tex:14812 mv:3627 misc:993 imb:1352 pmb:76 smb:2892 d:s ref:0 ;
in:2978 out:2978 type:B dur:2 cpbdur:2 q:38.15 aq:35.62 tex:2608 mv:2982 misc:1370 imb:67 pmb:431 smb:3822 d:s ref:0 ;
in:2977 out:2979 type:b dur:2 cpbdur:2 q:38.15 aq:34.85 tex:8705 mv:3401 misc:1342 imb:90 pmb:564 smb:3666 d:s ref:0 ;
in:2979 out:2980 type:b dur:2 cpbdur:2 q:38.15 aq:35.71 tex:896 mv:2240 misc:904 imb:45 pmb:229 smb:4046 d:- ref:0 ;
in:2982 out:2981 type:P dur:2 cpbdur:2 q:38.11 aq:27.77 tex:2253 mv:2579 misc:1096 imb:284 pmb:134 smb:3902 d:s ref:0 ;
in:2981 out:2982 type:b dur:2 cpbdur:2 q:38.13 aq:36.68 tex:963 mv:2093 misc:816 imb:24 pmb:233 smb:4063 d:s ref:0 ;
in:2983 out:2983 type:P dur:2 cpbdur:2 q:38.10 aq:25.84 tex:6672 mv:2656 misc:1224 imb:272 pmb:158 smb:3890 d:s ref:0 ;
in:2985 out:2984 type:P dur:2 cpbdur:2 q:38.09 aq:28.15 tex:29104 mv:5458 misc:1134 imb:877 pmb:200 smb:3243 d:s ref:0 ;
in:2984 out:2985 type:b dur:2 cpbdur:2 q:38.10 aq:36.86 tex:2602 mv:3880 misc:1254 imb:75 pmb:465 smb:3780 d:s ref:0 ;
in:2986 out:2986 type:P dur:2 cpbdur:2 q:38.11 aq:33.44 tex:6796 mv:3378 misc:1234 imb:181 pmb:325 smb:3814 d:s ref:0 ;
in:2987 out:2987 type:P dur:2 cpbdur:2 q:38.12 aq:33.00 tex:8959 mv:3511 misc:1186 imb:113 pmb:387 smb:3820 d:s ref:0 ;
in:2988 out:2988 type:P dur:2 cpbdur:2 q:38.14 aq:35.66 tex:9249 mv:3074 misc:1149 imb:79 pmb:387 smb:3854 d:s ref:0 ;
in:2989 out:2989 type:P dur:2 cpbdur:2 q:38.14 aq:32.27 tex:6930 mv:2538 misc:1204 imb:77 pmb:324 smb:3919 d:s ref:0 ;
in:2990 out:2990 type:P dur:2 cpbdur:2 q:38.15 aq:32.46 tex:5445 mv:2343 misc:1172 imb:87 pmb:292 smb:3941 d:s ref:0 ;
in:2991 out:2991 type:P dur:2 cpbdur:2 q:38.15 aq:30.89 tex:1643 mv:1705 misc:1028 imb:58 pmb:205 smb:4057 d:s ref:0 ;
in:2994 out:2992 type:P dur:2 cpbdur:2 q:38.15 aq:32.14 tex:24719 mv:3834 misc:1063 imb:720 pmb:115 smb:3485 d:s ref:0 ;
in:2992 out:2993 type:B dur:2 cpbdur:2 q:38.15 aq:32.44 tex:3884 mv:2876 misc:1168 imb:85 pmb:320 smb:3915 d:s ref:0 ;
in:2993 out:2994 type:b dur:2 cpbdur:2 q:38.15 aq:34.35 tex:1731 mv:3235 misc:1210 imb:56 pmb:396 smb:3868 d:- ref:0 ;
in:2995 out:2995 type:P dur:2 cpbdur:2 q:38.15 aq:27.87 tex:3824 mv:2701 misc:963 imb:144 pmb:176 smb:4000 d:s ref:0 ;
in:2996 out:2996 type:P dur:2 cpbdur:2 q:38.15 aq:24.92 tex:1608 mv:2309 misc:899 imb:91 pmb:159 smb:4070 d:s ref:0 ;
in:2997 out:2997 type:P dur:2 cpbdur:2 q:38.17 aq:31.96 tex:2230 mv:2303 misc:891 imb:74 pmb:176 smb:4070 d:s ref:0 ;
in:2998 out:2998 type:P dur:2 cpbdur:2 q:38.16 aq:34.71 tex:4819 mv:2675 misc:938 imb:60 pmb:263 smb:3997 d:s ref:0 ;
in:2999 out:2999 type:P dur:2 cpbdur:2 q:38.16 aq:28.39 tex:7733 mv:2802 misc:1001 imb:106 pmb:298 smb:3916 d:s ref:0 ;
in:3000 out:3000 type:P dur:2 cpbdur:2 q:38.16 aq:35.58 tex:10476 mv:2902 misc:1022 imb:99 pmb:326 smb:3895 d:s ref:0 ;
in:3001 out:3001 type:P dur:2 cpbdur:2 q:38.16 aq:28.95 tex:9814 mv:2741 misc:1013 imb:95 pmb:317 smb:3908 d:s ref:0 ;
in:3002 out:3002 type:P dur:2 cpbdur:2 q:38.18 aq:34.24 tex:10674 mv:2958 misc:1000 imb:88 pmb:352 smb:3880 d:s ref:0 ;
in:3003 out:3003 type:P dur:2 cpbdur:2 q:38.18 aq:31.79 tex:10057 mv:2447 misc:1024 imb:94 pmb:313 smb:3913 d:s ref:0 ;
in:3004 out:3004 type:P dur:2 cpbdur:2 q:38.18 aq:32.40 tex:8665 mv:2384 misc:1047 imb:92 pmb:320 smb:3908 d:s ref:0 ;
in:3006 out:3005 type:P dur:2 cpbdur:2 q:38.19 aq:27.07 tex:6903 mv:2292 misc:1061 imb:94 pmb:288 smb:3938 d:s ref:0 ;
in:3005 out:3006 type:b dur:2 cpbdur:2 q:38.19 aq:39.28 tex:726 mv:1314 misc:712 imb:16 pmb:174 smb:4130 d:t ref:0 ;
in:3009 out:3007 type:P dur:2 cpbdur:2 q:38.19 aq:36.80 tex:1652 mv:1337 misc:835 imb:61 pmb:164 smb:4095 d:s ref:0 ;
in:3007 out:3008 type:B dur:2 cpbdur:2 q:38.19 aq:39.64 tex:784 mv:1010 misc:790 imb:11 pmb:181 smb:4128 d:s ref:0 ;
in:3008 out:3009 type:b dur:2 cpbdur:2 q:38.19 aq:39.20 tex:506 mv:1424 misc:846 imb:28 pmb:185 smb:4107 d:- ref:0 ;
in:3011 out:3010 type:P dur:2 cpbdur:2 q:38.18 aq:24.98 tex:11740 mv:3268 misc:904 imb:630 pmb:93 smb:3597 d:s ref:0 ;
in:3010 out:3011 type:b dur:2 cpbdur:2 q:38.18 aq:37.68 tex:2771 mv:3371 misc:954 imb:65 pmb:297 smb:3958 d:s ref:0 ;
in:3013 out:3012 type:P dur:2 cpbdur:2 q:38.18 aq:26.90 tex:7555 mv:2957 misc:984 imb:296 pmb:143 smb:3881 d:s ref:0 ;
in:3012 out:3013 type:b dur:2 cpbdur:2 q:38.18 aq:30.36 tex:650 mv:2300 misc:722 imb:49 pmb:185 smb:4086 d:s ref:0 ;
in:3015 out:3014 type:P dur:2 cpbdur:2 q:38.16 aq:31.09 tex:9813 mv:5118 misc:1053 imb:362 pmb:260 smb:3698 d:s ref:0 ;
in:3014 out:3015 type:b dur:2 cpbdur:2 q:38.17 aq:34.55 tex:975 mv:2941 misc:1084 imb:79 pmb:261 smb:3980 d:s ref:0 ;
in:3016 out:3016 type:P dur:2 cpbdur:2 q:38.16 aq:30.36 tex:7025 mv:4505 misc:1150 imb:200 pmb:331 smb:3789 d:s ref:0 ;
in:3017 out:3017 type:P dur:2 cpbdur:2 q:38.16 aq:34.23 tex:6953 mv:4437 misc:1226 imb:195 pmb:371 smb:3754 d:s ref:0 ;
in:3018 out:3018 type:P dur:2 cpbdur:2 q:38.17 aq:26.83 tex:8759 mv:4701 misc:1172 imb:224 pmb:419 smb:3677 d:s ref:0 ;
in:3019 out:3019 type:P dur:2 cpbdur:2 q:38.18 aq:27.15 tex:9657 mv:4984 misc:1135 imb:246 pmb:438 smb:3636 d:s ref:0 ;
in:3020 out:3020 type:P dur:2 cpbdur:2 q:38.19 aq:26.84 tex:9718 mv:4387 misc:1255 imb:187 pmb:420 smb:3713 d:s ref:0 ;
in:3021 out:3021 type:P dur:2 cpbdur:2 q:38.21 aq:31.83 tex:10397 mv:3439 misc:1196 imb:134 pmb:414 smb:3772 d:s ref:0 ;
in:3022 out:3022 type:P dur:2 cpbdur:2 q:38.22 aq:31.08 tex:10890 mv:4065 misc:1285 imb:166 pmb:431 smb:3723 d:s ref:0 ;
in:3023 out:3023 type:P dur:2 cpbdur:2 q:38.22 aq:28.98 tex:9669 mv:3566 misc:1213 imb:148 pmb:389 smb:3783 d:s ref:0 ;
in:3024 out:3024 type:P dur:2 cpbdur:2 q:38.22 aq:29.56 tex:7678 mv:2791 misc:1267 imb:112 pmb:363 smb:3845 d:s ref:0 ;
in:3025 out:3025 type:P dur:2 cpbdur:2 q:38.22 aq:31.12 tex:23205 mv:5666 misc:1481 imb:846 pmb:362 smb:3112 d:s ref:0 ;
in:3026 out:3026 type:P dur:2 cpbdur:2 q:38.23 aq:31.91 tex:17028 mv:5887 misc:1701 imb:907 pmb:448 smb:2965 d:s ref:0 ;
in:3027 out:3027 type:P dur:2 cpbdur:2 q:38.23 aq:29.84 tex:34562 mv:5194 misc:1564 imb:767 pmb:351 smb:3202 d:s ref:0 ;
in:3029 out:3028 type:P dur:2 cpbdur:2 q:38.25 aq:28.99 tex:23201 mv:4497 misc:1486 imb:586 pmb:409 smb:3325 d:s ref:0 ;
in:3028 out:3029 type:b dur:2 cpbdur:2 q:38.24 aq:35.73 tex:1316 mv:1515 misc:1009 imb:21 pmb:212 smb:4087 d:t ref:0 ;
in:3030 out:3030 type:P dur:2 cpbdur:2 q:38.27 aq:29.54 tex:5745 mv:2697 misc:1526 imb:166 pmb:373 smb:3781 d:s ref:0 ;
in:3034 out:3031 type:P dur:2 cpbdur:2 q:38.27 aq:27.33 tex:572 mv:1655 misc:1293 imb:109 pmb:226 smb:3985 d:s ref:0 ;
in:3032 out:3032 type:B dur:2 cpbdur:2 q:38.27 aq:28.82 tex:540 mv:823 misc:757 imb:21 pmb:112 smb:4187 d:t ref:0 ;
in:3031 out:3033 type:b dur:2 cpbdur:2 q:38.27 aq:30.17 tex:562 mv:478 misc:456 imb:42 pmb:43 smb:4235 d:s ref:0 ;
in:3033 out:3034 type:b dur:2 cpbdur:2 q:38.27 aq:37.00 tex:1 mv:29 misc:290 imb:0 pmb:11 smb:4309 d:- ref:0 ;
in:3035 out:3035 type:P dur:2 cpbdur:2 q:38.26 aq:24.95 tex:70 mv:83 misc:359 imb:3 pmb:10 smb:4307 d:s ref:0 ;
in:3036 out:3036 type:P dur:2 cpbdur:2 q:38.26 aq:35.00 tex:0 mv:0 misc:264 imb:0 pmb:0 smb:4320 d:s ref:0 ;
in:3037 out:3037 type:P dur:2 cpbdur:2 q:38.26 aq:33.60 tex:13920 mv:3911 misc:1417 imb:516 pmb:249 smb:3555 d:s ref:0 ;
in:3038 out:3038 type:I dur:2 cpbdur:2 q:35.30 aq:24.04 tex:34421 mv:12976 misc:531 imb:4320 pmb:0 smb:0 d:s ref:;
in:3040 out:3039 type:P dur:2 cpbdur:2 q:38.32 aq:29.22 tex:9725 mv:5086 misc:1461 imb:906 pmb:181 smb:3233 d:s ref:0 ;
in:3039 out:3040 type:b dur:2 cpbdur:2 q:38.32 aq:36.40 tex:1398 mv:4296 misc:1474 imb:114 pmb:417 smb:3789 d:s ref:0 ;
in:3041 out:3041 type:P dur:2 cpbdur:2 q:38.33 aq:27.44 tex:2347 mv:2949 misc:1216 imb:335 pmb:125 smb:3860 d:s ref:0 ;
in:3042 out:3042 type:P dur:2 cpbdur:2 q:38.34 aq:29.51 tex:3856 mv:3445 misc:1283 imb:451 pmb:168 smb:3701 d:s ref:0 ;
in:3043 out:3043 type:P dur:2 cpbdur:2 q:38.36 aq:28.75 tex:5223 mv:4244 misc:1253 imb:368 pmb:235 smb:3717 d:s ref:0 ;
in:3044 out:3044 type:P dur:2 cpbdur:2 q:38.39 aq:29.22 tex:5648 mv:4207 misc:1425 imb:310 pmb:276 smb:3734 d:s ref:0 ;
in:3045 out:3045 type:P dur:2 cpbdur:2 q:38.43 aq:30.90 tex:9661 mv:5234 misc:1585 imb:341 pmb:336 smb:3643 d:s ref:0 ;
in:3046 out:3046 type:P dur:2 cpbdur:2 q:38.45 aq:31.68 tex:11217 mv:5988 misc:1779 imb:360 pmb:428 smb:3532 d:s ref:0 ;
in:3047 out:3047 type:P dur:2 cpbdur:2 q:38.46 aq:30.08 tex:12094 mv:5976 misc:1858 imb:379 pmb:465 smb:3476 d:s ref:0 ;
in:3048 out:3048 type:P dur:2 cpbdur:2 q:38.47 aq:30.37 tex:13433 mv:5564 misc:1859 imb:262 pmb:526 smb:3532 d:s ref:0 ;
in:3049 out:3049 type:P dur:2 cpbdur:2 q:38.47 aq:30.40 tex:16588 mv:6092 misc:1808 imb:242 pmb:601 smb:3477 d:s ref:0 ;
in:3050 out:3050 type:P dur:2 cpbdur:2 q:38.47 aq:30.87 tex:18368 mv:5791 misc:1865 imb:229 pmb:659 smb:3432 d:s ref:0 ;
in:3051 out:3051 type:P dur:2 cpbdur:2 q:38.48 aq:34.17 tex:21320 mv:4383 misc:1753 imb:148 pmb:628 smb:3544 d:s ref:0 ;
in:3052 out:3052 type:P dur:2 cpbdur:2 q:38.48 aq:29.67 tex:23959 mv:5252 misc:1821 imb:250 pmb:668 smb:3402 d:s ref:0 ;
in:3053 out:3053 type:P dur:2 cpbdur:2 q:38.48 aq:28.74 tex:24881 mv:6548 misc:2171 imb:827 pmb:614 smb:2879 d:s ref:0 ;
in:3054 out:3054 type:P dur:2 cpbdur:2 q:38.48 aq:30.12 tex:27651 mv:5723 misc:2202 imb:365 pmb:716 smb:3239 d:s ref:0 ;
in:3055 out:3055 type:P dur:2 cpbdur:2 q:38.48 aq:29.60 tex:54170 mv:8998 misc:1736 imb:1160 pmb:632 smb:2528 d:s ref:0 ;
in:3056 out:3056 type:P dur:2 cpbdur:2 q:38.52 aq:30.31 tex:27757 mv:5438 misc:2173 imb:286 pmb:737 smb:3297 d:s ref:0 ;
in:3060 out:3057 type:P dur:2 cpbdur:2 q:38.53 aq:28.06 tex:54960 mv:8160 misc:1600 imb:1051 pmb:680 smb:2589 d:s ref:0 ;
in:3058 out:3058 type:B dur:2 cpbdur:2 q:38.52 aq:26.19 tex:1106 mv:2753 misc:1293 imb:154 pmb:310 smb:3856 d:s ref:0 ;
in:3057 out:3059 type:b dur:2 cpbdur:2 q:38.52 aq:28.71 tex:261 mv:1702 misc:1509 imb:26 pmb:396 smb:3898 d:s ref:0 ;
in:3059 out:3060 type:b dur:2 cpbdur:2 q:38.53 aq:43.46 tex:262 mv:825 misc:793 imb:5 pmb:139 smb:4176 d:- ref:0 ;
in:3063 out:3061 type:P dur:2 cpbdur:2 q:38.55 aq:32.10 tex:14202 mv:3433 misc:1845 imb:197 pmb:546 smb:3577 d:s ref:0 ;
in:3061 out:3062 type:B dur:2 cpbdur:2 q:38.53 aq:27.37 tex:650 mv:407 misc:407 imb:11 pmb:42 smb:4267 d:s ref:0 ;
in:3062 out:3063 type:b dur:2 cpbdur:2 q:38.54 aq:33.85 tex:524 mv:471 misc:389 imb:6 pmb:57 smb:4257 d:- ref:0 ;
in:3066 out:3064 type:P dur:2 cpbdur:2 q:38.54 aq:33.76 tex:5544 mv:1527 misc:977 imb:205 pmb:110 smb:4005 d:s ref:0 ;
in:3064 out:3065 type:B dur:2 cpbdur:2 q:38.55 aq:27.37 tex:1788 mv:1192 misc:492 imb:86 pmb:91 smb:4143 d:s ref:0 ;
in:3065 out:3066 type:b dur:2 cpbdur:2 q:38.54 aq:28.89 tex:550 mv:458 misc:440 imb:11 pmb:73 smb:4236 d:- ref:0 ;
in:3067 out:3067 type:P dur:2 cpbdur:2 q:38.55 aq:26.83 tex:994 mv:342 misc:432 imb:19 pmb:19 smb:4282 d:s ref:0 ;
in:3071 out:3068 type:P dur:2 cpbdur:2 q:38.56 aq:29.17 tex:5045 mv:1139 misc:456 imb:172 pmb:44 smb:4104 d:s ref:0 ;
in:3069 out:3069 type:B dur:2 cpbdur:2 q:38.56 aq:28.49 tex:1669 mv:1142 misc:493 imb:87 pmb:70 smb:4163 d:s ref:0 ;
in:3068 out:3070 type:b dur:2 cpbdur:2 q:38.56 aq:30.45 tex:227 mv:290 misc:371 imb:3 pmb:47 smb:4270 d:s ref:0 ;
in:3070 out:3071 type:b dur:2 cpbdur:2 q:38.56 aq:33.42 tex:1535 mv:1057 misc:456 imb:54 pmb:98 smb:4168 d:- ref:0 ;
in:3075 out:3072 type:P dur:2 cpbdur:2 q:38.65 aq:31.38 tex:4802 mv:1183 misc:431 imb:181 pmb:51 smb:4088 d:s ref:0 ;
in:3073 out:3073 type:B dur:2 cpbdur:2 q:38.61 aq:30.37 tex:1779 mv:1115 misc:482 imb:73 pmb:68 smb:4179 d:s ref:0 ;
in:3072 out:3074 type:b dur:2 cpbdur:2 q:38.59 aq:37.18 tex:222 mv:325 misc:373 imb:7 pmb:46 smb:4267 d:s ref:0 ;
in:3074 out:3075 type:b dur:2 cpbdur:2 q:38.63 aq:38.19 tex:984 mv:1076 misc:460 imb:57 pmb:85 smb:4178 d:- ref:0 ;
in:3077 out:3076 type:P dur:2 cpbdur:2 q:38.77 aq:32.29 tex:618 mv:209 misc:333 imb:11 pmb:11 smb:4298 d:s ref:0 ;
in:3076 out:3077 type:b dur:2 cpbdur:2 q:38.71 aq:38.45 tex:90 mv:200 misc:278 imb:0 pmb:15 smb:4305 d:s ref:0 ;
in:3079 out:3078 type:P dur:2 cpbdur:2 q:38.74 aq:34.25 tex:372 mv:215 misc:317 imb:10 pmb:8 smb:4302 d:s ref:0 ;
in:3078 out:3079 type:b dur:2 cpbdur:2 q:38.76 aq:37.21 tex:149 mv:148 misc:279 imb:0 pmb:14 smb:4306 d:t ref:0 ;
in:3080 out:3080 type:P dur:2 cpbdur:2 q:38.73 aq:31.46 tex:2512 mv:1074 misc:350 imb:139 pmb:47 smb:4134 d:s ref:0 ;
in:3081 out:3081 type:P dur:2 cpbdur:2 q:38.71 aq:36.42 tex:243 mv:232 misc:301 imb:6 pmb:11 smb:4303 d:s ref:0 ;
in:3082 out:3082 type:P dur:2 cpbdur:2 q:38.71 aq:29.20 tex:969 mv:2474 misc:1365 imb:194 pmb:259 smb:3867 d:s ref:0 ;
in:3083 out:3083 type:I dur:2 cpbdur:2 q:35.65 aq:25.67 tex:53796 mv:24346 misc:554 imb:4320 pmb:0 smb:0 d:s ref:;
in:3084 out:3084 type:P dur:2 cpbdur:2 q:38.77 aq:32.32 tex:40090 mv:9238 misc:1344 imb:1844 pmb:278 smb:2198 d:s ref:0 ;
in:3085 out:3085 type:P dur:2 cpbdur:2 q:38.79 aq:31.49 tex:42751 mv:9676 misc:1341 imb:1980 pmb:260 smb:2080 d:s ref:0 ;
in:3086 out:3086 type:P dur:2 cpbdur:2 q:38.80 aq:31.12 tex:48345 mv:10684 misc:1475 imb:2013 pmb:292 smb:2015 d:s ref:0 ;
in:3087 out:3087 type:P dur:2 cpbdur:2 q:38.80 aq:30.97 tex:50353 mv:10711 misc:1408 imb:1825 pmb:336 smb:2159 d:s ref:0 ;
in:3088 out:3088 type:P dur:2 cpbdur:2 q:38.81 aq:30.74 tex:51542 mv:11136 misc:1346 imb:1795 pmb:358 smb:2167 d:s ref:0 ;
in:3089 out:3089 type:P dur:2 cpbdur:2 q:38.81 aq:31.11 tex:57772 mv:11312 misc:1316 imb:1772 pmb:414 smb:2134 d:s ref:0 ;
in:3090 out:3090 type:P dur:2 cpbdur:2 q:38.81 aq:30.91 tex:47485 mv:10928 misc:1611 imb:839 pmb:741 smb:2740 d:s ref:0 ;
in:3091 out:3091 type:P dur:2 cpbdur:2 q:38.82 aq:33.00 tex:16747 mv:5464 misc:1869 imb:200 pmb:779 smb:3341 d:s ref:0 ;
in:3092 out:3092 type:P dur:2 cpbdur:2 q:38.82 aq:30.59 tex:20846 mv:7716 misc:1966 imb:405 pmb:877 smb:3038 d:s ref:0 ;
in:3093 out:3093 type:P dur:2 cpbdur:2 q:38.82 aq:29.24 tex:25384 mv:7600 misc:1816 imb:480 pmb:855 smb:2985 d:s ref:0 ;
in:3094 out:3094 type:P dur:2 cpbdur:2 q:38.82 aq:28.17 tex:29511 mv:8136 misc:1833 imb:531 pmb:842 smb:2947 d:s ref:0 ;
in:3095 out:3095 type:P dur:2 cpbdur:2 q:38.83 aq:28.26 tex:37223 mv:8801 misc:1768 imb:571 pmb:891 smb:2858 d:s ref:0 ;
in:3097 out:3096 type:P dur:2 cpbdur:2 q:38.83 aq:26.73 tex:47201 mv:7882 misc:1869 imb:628 pmb:847 smb:2845 d:s ref:0 ;
in:3096 out:3097 type:b dur:2 cpbdur:2 q:38.83 aq:27.51 tex:675 mv:1691 misc:1162 imb:51 pmb:219 smb:4050 d:s ref:0 ;
in:3101 out:3098 type:P dur:2 cpbdur:2 q:38.84 aq:28.58 tex:33101 mv:6576 misc:1987 imb:408 pmb:801 smb:3111 d:s ref:0 ;
in:3099 out:3099 type:B dur:2 cpbdur:2 q:38.83 aq:30.37 tex:664 mv:2094 misc:1322 imb:62 pmb:288 smb:3970 d:s ref:0 ;
in:3098 out:3100 type:b dur:2 cpbdur:2 q:38.83 aq:26.37 tex:398 mv:2119 misc:1523 imb:38 pmb:376 smb:3906 d:s ref:0 ;
in:3100 out:3101 type:b dur:2 cpbdur:2 q:38.84 aq:34.43 tex:249 mv:1026 misc:1173 imb:10 pmb:209 smb:4101 d:- ref:0 ;
in:3105 out:3102 type:P dur:2 cpbdur:2 q:38.88 aq:30.91 tex:10877 mv:3772 misc:2151 imb:154 pmb:584 smb:3582 d:s ref:0 ;
in:3103 out:3103 type:B dur:2 cpbdur:2 q:38.86 aq:31.31 tex:164 mv:1148 misc:1120 imb:8 pmb:205 smb:4107 d:t ref:0 ;
in:3102 out:3104 type:b dur:2 cpbdur:2 q:38.85 aq:34.51 tex:108 mv:104 misc:316 imb:5 pmb:8 smb:4307 d:s ref:0 ;
in:3104 out:3105 type:b dur:2 cpbdur:2 q:38.87 aq:38.00 tex:0 mv:5 misc:259 imb:0 pmb:1 smb:4319 d:- ref:0 ;
in:3106 out:3106 type:P dur:2 cpbdur:2 q:39.13 aq:32.56 tex:3734 mv:1121 misc:1665 imb:9 pmb:349 smb:3962 d:s ref:0 ;
in:3107 out:3107 type:P dur:2 cpbdur:2 q:39.25 aq:32.28 tex:2258 mv:998 misc:1504 imb:12 pmb:285 smb:4023 d:s ref:0 ;
in:3108 out:3108 type:P dur:2 cpbdur:2 q:39.34 aq:32.47 tex:2091 mv:799 misc:1230 imb:22 pmb:192 smb:4106 d:s ref:0 ;
in:3109 out:3109 type:P dur:2 cpbdur:2 q:39.38 aq:31.83 tex:1763 mv:622 misc:1095 imb:8 pmb:177 smb:4135 d:s ref:0 ;
in:3113 out:3110 type:P dur:2 cpbdur:2 q:39.41 aq:32.25 tex:858 mv:324 misc:738 imb:7 pmb:75 smb:4238 d:s ref:0 ;
in:3111 out:3111 type:B dur:2 cpbdur:2 q:39.39 aq:36.00 tex:0 mv:0 misc:272 imb:0 pmb:0 smb:4320 d:s ref:0 ;
in:3110 out:3112 type:b dur:2 cpbdur:2 q:39.39 aq:38.00 tex:0 mv:0 misc:256 imb:0 pmb:0 smb:4320 d:s ref:0 ;
in:3112 out:3113 type:b dur:2 cpbdur:2 q:39.40 aq:26.82 tex:22 mv:13 misc:261 imb:1 pmb:0 smb:4319 d:- ref:0 ;
in:3117 out:3114 type:P dur:2 cpbdur:2 q:39.56 aq:31.50 tex:218 mv:91 misc:339 imb:4 pmb:10 smb:4306 d:s ref:0 ;
in:3115 out:3115 type:B dur:2 cpbdur:2 q:39.48 aq:36.00 tex:0 mv:14 misc:282 imb:0 pmb:2 smb:4318 d:t ref:0 ;
in:3114 out:3116 type:b dur:2 cpbdur:2 q:39.45 aq:38.00 tex:0 mv:10 misc:262 imb:0 pmb:1 smb:4319 d:s ref:0 ;
in:3116 out:3117 type:b dur:2 cpbdur:2 q:39.52 aq:38.00 tex:0 mv:0 misc:256 imb:0 pmb:0 smb:4320 d:- ref:0 ;
in:3120 out:3118 type:P dur:2 cpbdur:2 q:39.57 aq:30.56 tex:510 mv:171 misc:343 imb:3 pmb:15 smb:4302 d:s ref:0 ;
in:3118 out:3119 type:B dur:2 cpbdur:2 q:39.56 aq:39.47 tex:57 mv:70 misc:297 imb:0 pmb:10 smb:4310 d:s ref:0 ;
in:3119 out:3120 type:b dur:2 cpbdur:2 q:39.56 aq:39.86 tex:107 mv:66 misc:275 imb:0 pmb:11 smb:4309 d:- ref:0 ;
in:3122 out:3121 type:P dur:2 cpbdur:2 q:39.55 aq:33.56 tex:401 mv:239 misc:376 imb:11 pmb:16 smb:4293 d:s ref:0 ;
in:3121 out:3122 type:b dur:2 cpbdur:2 q:39.56 aq:39.54 tex:31 mv:103 misc:282 imb:0 pmb:9 smb:4311 d:t ref:0 ;
in:3126 out:3123 type:P dur:2 cpbdur:2 q:39.53 aq:28.66 tex:16190 mv:1113 misc:425 imb:123 pmb:42 smb:4155 d:s ref:0 ;
in:3124 out:3124 type:B dur:2 cpbdur:2 q:39.54 aq:32.28 tex:87 mv:292 misc:381 imb:12 pmb:40 smb:4268 d:s ref:0 ;
in:3123 out:3125 type:b dur:2 cpbdur:2 q:39.54 aq:39.55 tex:47 mv:67 misc:278 imb:0 pmb:10 smb:4310 d:t ref:0 ;
in:3125 out:3126 type:b dur:2 cpbdur:2 q:39.53 aq:32.52 tex:47 mv:263 misc:386 imb:12 pmb:35 smb:4273 d:- ref:0 ;
in:3127 out:3127 type:P dur:2 cpbdur:2 q:39.40 aq:30.64 tex:309 mv:125 misc:358 imb:5 pmb:11 smb:4304 d:s ref:0 ;
in:3131 out:3128 type:P dur:2 cpbdur:2 q:39.38 aq:37.01 tex:1367 mv:142 misc:315 imb:17 pmb:6 smb:4297 d:s ref:0 ;
in:3129 out:3129 type:B dur:2 cpbdur:2 q:39.39 aq:38.13 tex:77 mv:200 misc:331 imb:4 pmb:18 smb:4298 d:s ref:0 ;
in:3128 out:3130 type:b dur:2 cpbdur:2 q:39.40 aq:39.54 tex:39 mv:176 misc:289 imb:1 pmb:11 smb:4308 d:s ref:0 ;
in:3130 out:3131 type:b dur:2 cpbdur:2 q:39.38 aq:38.00 tex:19 mv:104 misc:293 imb:0 pmb:14 smb:4306 d:- ref:0 ;
in:3132 out:3132 type:P dur:2 cpbdur:2 q:39.31 aq:35.33 tex:279 mv:141 misc:324 imb:2 pmb:12 smb:4306 d:s ref:0 ;
in:3136 out:3133 type:P dur:2 cpbdur:2 q:39.30 aq:37.78 tex:72 mv:138 misc:302 imb:1 pmb:12 smb:4307 d:s ref:0 ;
in:3134 out:3134 type:B dur:2 cpbdur:2 q:39.30 aq:38.24 tex:343 mv:175 misc:298 imb:5 pmb:10 smb:4305 d:s ref:0 ;
in:3133 out:3135 type:b dur:2 cpbdur:2 q:39.31 aq:38.00 tex:3 mv:87 misc:278 imb:0 pmb:7 smb:4313 d:s ref:0 ;
in:3135 out:3136 type:b dur:2 cpbdur:2 q:39.30 aq:37.27 tex:13 mv:149 misc:286 imb:2 pmb:10 smb:4308 d:- ref:0 ;
in:3137 out:3137 type:P dur:2 cpbdur:2 q:39.23 aq:36.60 tex:106 mv:137 misc:293 imb:2 pmb:11 smb:4307 d:s ref:0 ;
in:3139 out:3138 type:P dur:2 cpbdur:2 q:39.22 aq:30.75 tex:22877 mv:7885 misc:2046 imb:1700 pmb:284 smb:2336 d:s ref:0 ;
in:3138 out:3139 type:b dur:2 cpbdur:2 q:39.23 aq:27.97 tex:1979 mv:6565 misc:2256 imb:170 pmb:590 smb:3560 d:s ref:0 ;
in:3140 out:3140 type:P dur:2 cpbdur:2 q:39.21 aq:33.87 tex:10315 mv:8304 misc:2261 imb:1057 pmb:569 smb:2694 d:s ref:0 ;
in:3141 out:3141 type:P dur:2 cpbdur:2 q:39.21 aq:29.85 tex:15687 mv:9702 misc:2251 imb:811 pmb:523 smb:2986 d:s ref:0 ;
in:3142 out:3142 type:P dur:2 cpbdur:2 q:39.22 aq:30.28 tex:15141 mv:10627 misc:2056 imb:1044 pmb:617 smb:2659 d:s ref:0 ;
in:3143 out:3143 type:P dur:2 cpbdur:2 q:39.22 aq:32.35 tex:16469 mv:10374 misc:2021 imb:791 pmb:682 smb:2847 d:s ref:0 ;
in:3144 out:3144 type:P dur:2 cpbdur:2 q:39.22 aq:31.54 tex:17011 mv:10773 misc:2128 imb:817 pmb:674 smb:2829 d:s ref:0 ;
in:3145 out:3145 type:P dur:2 cpbdur:2 q:39.22 aq:31.47 tex:25938 mv:12412 misc:2186 imb:791 pmb:806 smb:2723 d:s ref:0 ;
in:3146 out:3146 type:P dur:2 cpbdur:2 q:39.24 aq:32.47 tex:19917 mv:11381 misc:2398 imb:600 pmb:928 smb:2792 d:s ref:0 ;
in:3147 out:3147 type:P dur:2 cpbdur:2 q:39.25 aq:31.75 tex:19823 mv:11769 misc:2312 imb:691 pmb:990 smb:2639 d:s ref:0 ;
in:3148 out:3148 type:P dur:2 cpbdur:2 q:39.25 aq:30.42 tex:23935 mv:11582 misc:2315 imb:662 pmb:980 smb:2678 d:s ref:0 ;
in:3149 out:3149 type:P dur:2 cpbdur:2 q:39.26 aq:30.38 tex:26121 mv:11191 misc:2096 imb:728 pmb:998 smb:2594 d:s ref:0 ;
in:3150 out:3150 type:P dur:2 cpbdur:2 q:39.27 aq:31.02 tex:33763 mv:11020 misc:2233 imb:657 pmb:1047 smb:2616 d:s ref:0 ;
in:3152 out:3151 type:P dur:2 cpbdur:2 q:39.27 aq:28.76 tex:65057 mv:14124 misc:1827 imb:1226 pmb:1067 smb:2027 d:s ref:0 ;
in:3151 out:3152 type:b dur:2 cpbdur:2 q:39.27 aq:29.22 tex:1288 mv:6569 misc:2151 imb:170 pmb:611 smb:3539 d:s ref:0 ;
in:3156 out:3153 type:P dur:2 cpbdur:2 q:39.28 aq:28.86 tex:95008 mv:13875 misc:1965 imb:986 pmb:1105 smb:2229 d:s ref:0 ;
in:3154 out:3154 type:B dur:2 cpbdur:2 q:39.28 aq:36.82 tex:4700 mv:8742 misc:2510 imb:278 pmb:709 smb:3333 d:s ref:0 ;
in:3153 out:3155 type:b dur:2 cpbdur:2 q:39.27 aq:37.71 tex:2159 mv:7034 misc:2055 imb:188 pmb:529 smb:3603 d:s ref:0 ;
in:3155 out:3156 type:b dur:2 cpbdur:2 q:39.28 aq:36.42 tex:1015 mv:4570 misc:1735 imb:120 pmb:430 smb:3770 d:- ref:0 ;
in:3160 out:3157 type:P dur:2 cpbdur:2 q:39.34 aq:30.94 tex:80729 mv:10263 misc:2288 imb:539 pmb:1108 smb:2673 d:s ref:0 ;
in:3158 out:3158 type:B dur:2 cpbdur:2 q:39.31 aq:38.69 tex:2585 mv:3907 misc:1612 imb:135 pmb:334 smb:3851 d:s ref:0 ;
in:3157 out:3159 type:b dur:2 cpbdur:2 q:39.29 aq:38.63 tex:1090 mv:2400 misc:1102 imb:33 pmb:221 smb:4066 d:s ref:0 ;
in:3159 out:3160 type:b dur:2 cpbdur:2 q:39.32 aq:41.45 tex:608 mv:722 misc:766 imb:13 pmb:106 smb:4201 d:- ref:0 ;
in:3164 out:3161 type:P dur:2 cpbdur:2 q:39.45 aq:29.97 tex:58233 mv:7640 misc:2847 imb:437 pmb:1064 smb:2819 d:s ref:0 ;
in:3162 out:3162 type:B dur:2 cpbdur:2 q:39.39 aq:38.74 tex:361 mv:496 misc:543 imb:3 pmb:53 smb:4264 d:s ref:0 ;
in:3161 out:3163 type:b dur:2 cpbdur:2 q:39.37 aq:41.33 tex:439 mv:614 misc:507 imb:29 pmb:42 smb:4249 d:s ref:0 ;
in:3163 out:3164 type:b dur:2 cpbdur:2 q:39.42 aq:37.00 tex:0 mv:21 misc:267 imb:0 pmb:2 smb:4318 d:- ref:0 ;
in:3168 out:3165 type:P dur:2 cpbdur:2 q:39.59 aq:30.96 tex:10408 mv:1373 misc:1555 imb:124 pmb:227 smb:3969 d:s ref:0 ;
in:3166 out:3166 type:B dur:2 cpbdur:2 q:39.52 aq:35.00 tex:12 mv:128 misc:348 imb:3 pmb:21 smb:4296 d:s ref:0 ;
in:3165 out:3167 type:b dur:2 cpbdur:2 q:39.48 aq:40.83 tex:63 mv:103 misc:338 imb:1 pmb:23 smb:4296 d:s ref:0 ;
in:3167 out:3168 type:b dur:2 cpbdur:2 q:39.56 aq:37.00 tex:0 mv:0 misc:256 imb:0 pmb:0 smb:4320 d:- ref:0 ;
in:3172 out:3169 type:P dur:2 cpbdur:2 q:39.77 aq:31.39 tex:1827 mv:412 misc:833 imb:17 pmb:84 smb:4219 d:s ref:0 ;
in:3170 out:3170 type:B dur:2 cpbdur:2 q:39.68 aq:36.00 tex:2 mv:29 misc:281 imb:0 pmb:3 smb:4317 d:t ref:0 ;
in:3169 out:3171 type:b dur:2 cpbdur:2 q:39.64 aq:37.00 tex:3 mv:13 misc:272 imb:0 pmb:3 smb:4317 d:s ref:0 ;
in:3171 out:3172 type:b dur:2 cpbdur:2 q:39.72 aq:38.00 tex:0 mv:0 misc:256 imb:0 pmb:0 smb:4320 d:- ref:0 ;
in:3176 out:3173 type:P dur:2 cpbdur:2 q:39.87 aq:30.48 tex:1763 mv:263 misc:718 imb:9 pmb:68 smb:4243 d:s ref:0 ;
in:3174 out:3174 type:B dur:2 cpbdur:2 q:39.82 aq:36.00 tex:0 mv:0 misc:272 imb:0 pmb:0 smb:4320 d:s ref:0 ;
in:3173 out:3175 type:b dur:2 cpbdur:2 q:39.79 aq:38.00 tex:0 mv:0 misc:256 imb:0 pmb:0 smb:4320 d:s ref:0 ;
in:3175 out:3176 type:b dur:2 cpbdur:2 q:39.84 aq:38.00 tex:0 mv:0 misc:256 imb:0 pmb:0 smb:4320 d:- ref:0 ;
in:3180 out:3177 type:P dur:2 cpbdur:2 q:39.91 aq:30.60 tex:1022 mv:185 misc:497 imb:7 pmb:30 smb:4283 d:s ref:0 ;
in:3178 out:3178 type:B dur:2 cpbdur:2 q:39.89 aq:35.00 tex:2 mv:45 misc:281 imb:0 pmb:6 smb:4314 d:s ref:0 ;
in:3177 out:3179 type:b dur:2 cpbdur:2 q:39.88 aq:38.00 tex:1 mv:46 misc:265 imb:0 pmb:5 smb:4315 d:s ref:0 ;
in:3179 out:3180 type:b dur:2 cpbdur:2 q:39.90 aq:38.00 tex:0 mv:36 misc:268 imb:0 pmb:5 smb:4315 d:- ref:0 ;
in:3184 out:3181 type:P dur:2 cpbdur:2 q:39.88 aq:28.00 tex:707 mv:180 misc:449 imb:5 pmb:25 smb:4290 d:s ref:0 ;
in:3182 out:3182 type:B dur:2 cpbdur:2 q:39.90 aq:38.98 tex:38 mv:72 misc:282 imb:1 pmb:4 smb:4315 d:s ref:0 ;
in:3181 out:3183 type:b dur:2 cpbdur:2 q:39.90 aq:38.00 tex:0 mv:22 misc:266 imb:0 pmb:4 smb:4316 d:s ref:0 ;
in:3183 out:3184 type:b dur:2 cpbdur:2 q:39.89 aq:38.00 tex:3 mv:61 misc:264 imb:0 pmb:4 smb:4316 d:- ref:0 ;
in:3186 out:3185 type:P dur:2 cpbdur:2 q:39.83 aq:27.05 tex:1098 mv:220 misc:522 imb:7 pmb:35 smb:4278 d:s ref:0 ;
in:3185 out:3186 type:b dur:2 cpbdur:2 q:39.86 aq:38.00 tex:1 mv:67 misc:268 imb:0 pmb:4 smb:4316 d:t ref:0 ;
in:3190 out:3187 type:P dur:2 cpbdur:2 q:39.80 aq:22.32 tex:4146 mv:507 misc:347 imb:39 pmb:24 smb:4257 d:s ref:0 ;
in:3188 out:3188 type:B dur:2 cpbdur:2 q:39.82 aq:33.31 tex:90 mv:131 misc:331 imb:2 pmb:16 smb:4302 d:s ref:0 ;
in:3187 out:3189 type:b dur:2 cpbdur:2 q:39.82 aq:33.18 tex:22 mv:93 misc:309 imb:1 pmb:14 smb:4305 d:s ref:0 ;
in:3189 out:3190 type:b dur:2 cpbdur:2 q:39.81 aq:40.06 tex:24 mv:73 misc:271 imb:0 pmb:5 smb:4315 d:- ref:0 ;
in:3194 out:3191 type:P dur:2 cpbdur:2 q:39.76 aq:24.79 tex:396 mv:162 misc:370 imb:8 pmb:12 smb:4300 d:s ref:0 ;
in:3192 out:3192 type:B dur:2 cpbdur:2 q:39.78 aq:36.00 tex:0 mv:70 misc:282 imb:0 pmb:5 smb:4315 d:t ref:0 ;
in:3191 out:3193 type:b dur:2 cpbdur:2 q:39.79 aq:38.00 tex:2 mv:70 misc:264 imb:0 pmb:5 smb:4315 d:t ref:0 ;
in:3193 out:3194 type:b dur:2 cpbdur:2 q:39.77 aq:38.00 tex:0 mv:18 misc:262 imb:0 pmb:2 smb:4318 d:- ref:0 ;
in:3198 out:3195 type:P dur:2 cpbdur:2 q:39.70 aq:23.82 tex:8907 mv:609 misc:372 imb:60 pmb:20 smb:4240 d:s ref:0 ;
in:3196 out:3196 type:B dur:2 cpbdur:2 q:39.73 aq:38.13 tex:38 mv:99 misc:391 imb:0 pmb:31 smb:4289 d:s ref:0 ;
in:3195 out:3197 type:b dur:2 cpbdur:2 q:39.74 aq:33.04 tex:1514 mv:441 misc:333 imb:16 pmb:38 smb:4266 d:s ref:0 ;
in:3197 out:3198 type:b dur:2 cpbdur:2 q:39.71 aq:38.00 tex:0 mv:0 misc:256 imb:0 pmb:0 smb:4320 d:- ref:0 ;
in:3202 out:3199 type:P dur:2 cpbdur:2 q:39.66 aq:30.85 tex:459 mv:161 misc:452 imb:4 pmb:26 smb:4290 d:s ref:0 ;
in:3200 out:3200 type:B dur:2 cpbdur:2 q:39.68 aq:36.00 tex:0 mv:0 misc:272 imb:0 pmb:0 smb:4320 d:s ref:0 ;
in:3199 out:3201 type:b dur:2 cpbdur:2 q:39.69 aq:38.00 tex:0 mv:0 misc:256 imb:0 pmb:0 smb:4320 d:s ref:0 ;
in:3201 out:3202 type:b dur:2 cpbdur:2 q:39.67 aq:38.00 tex:0 mv:0 misc:256 imb:0 pmb:0 smb:4320 d:- ref:0 ;
in:3206 out:3203 type:P dur:2 cpbdur:2 q:39.60 aq:29.42 tex:397 mv:100 misc:431 imb:1 pmb:23 smb:4296 d:s ref:0 ;
in:3204 out:3204 type:B dur:2 cpbdur:2 q:39.63 aq:36.00 tex:1 mv:10 misc:277 imb:0 pmb:2 smb:4318 d:s ref:0 ;
in:3203 out:3205 type:b dur:2 cpbdur:2 q:39.64 aq:37.00 tex:0 mv:0 misc:256 imb:0 pmb:0 smb:4320 d:s ref:0 ;
in:3205 out:3206 type:b dur:2 cpbdur:2 q:39.62 aq:37.00 tex:0 mv:0 misc:256 imb:0 pmb:0 smb:4320 d:- ref:0 ;
in:3210 out:3207 type:P dur:2 cpbdur:2 q:39.56 aq:31.71 tex:288 mv:103 misc:361 imb:2 pmb:14 smb:4304 d:s ref:0 ;
in:3208 out:3208 type:B dur:2 cpbdur:2 q:39.58 aq:35.00 tex:0 mv:73 misc:287 imb:0 pmb:5 smb:4315 d:s ref:0 ;
in:3207 out:3209 type:b dur:2 cpbdur:2 q:39.59 aq:37.00 tex:0 mv:29 misc:267 imb:0 pmb:3 smb:4317 d:s ref:0 ;
in:3209 out:3210 type:b dur:2 cpbdur:2 q:39.57 aq:37.00 tex:1 mv:52 misc:267 imb:0 pmb:5 smb:4315 d:- ref:0 ;
in:3214 out:3211 type:P dur:2 cpbdur:2 q:39.52 aq:34.87 tex:1508 mv:186 misc:514 imb:3 pmb:42 smb:4275 d:s ref:0 ;
in:3212 out:3212 type:B dur:2 cpbdur:2 q:39.54 aq:39.12 tex:57 mv:79 misc:288 imb:0 pmb:5 smb:4315 d:s ref:0 ;
in:3211 out:3213 type:b dur:2 cpbdur:2 q:39.55 aq:39.48 tex:35 mv:84 misc:265 imb:0 pmb:4 smb:4316 d:t ref:0 ;
in:3213 out:3214 type:b dur:2 cpbdur:2 q:39.53 aq:37.00 tex:0 mv:49 misc:271 imb:0 pmb:4 smb:4316 d:- ref:0 ;
in:3218 out:3215 type:P dur:2 cpbdur:2 q:39.47 aq:30.42 tex:830 mv:129 misc:433 imb:4 pmb:23 smb:4293 d:s ref:0 ;
in:3216 out:3216 type:B dur:2 cpbdur:2 q:39.49 aq:35.00 tex:1 mv:63 misc:280 imb:0 pmb:4 smb:4316 d:t ref:0 ;
in:3215 out:3217 type:b dur:2 cpbdur:2 q:39.51 aq:37.00 tex:2 mv:36 misc:266 imb:0 pmb:2 smb:4318 d:s ref:0 ;
in:3217 out:3218 type:b dur:2 cpbdur:2 q:39.48 aq:37.00 tex:1 mv:15 misc:264 imb:0 pmb:1 smb:4319 d:- ref:0 ;
in:3222 out:3219 type:P dur:2 cpbdur:2 q:39.43 aq:32.08 tex:1021 mv:160 misc:475 imb:4 pmb:31 smb:4285 d:s ref:0 ;
in:3220 out:3220 type:B dur:2 cpbdur:2 q:39.45 aq:35.00 tex:0 mv:32 misc:280 imb:0 pmb:4 smb:4316 d:s ref:0 ;
in:3219 out:3221 type:b dur:2 cpbdur:2 q:39.46 aq:37.00 tex:0 mv:0 misc:256 imb:0 pmb:0 smb:4320 d:s ref:0 ;
in:3221 out:3222 type:b dur:2 cpbdur:2 q:39.44 aq:37.00 tex:0 mv:0 misc:256 imb:0 pmb:0 smb:4320 d:- ref:0 ;
in:3226 out:3223 type:P dur:2 cpbdur:2 q:39.37 aq:29.22 tex:5073 mv:635 misc:828 imb:33 pmb:94 smb:4193 d:s ref:0 ;
in:3224 out:3224 type:B dur:2 cpbdur:2 q:39.40 aq:39.34 tex:108 mv:162 misc:346 imb:5 pmb:17 smb:4298 d:s ref:0 ;
in:3223 out:3225 type:b dur:2 cpbdur:2 q:39.41 aq:37.00 tex:3 mv:121 misc:300 imb:0 pmb:14 smb:4306 d:s ref:0 ;
in:3225 out:3226 type:b dur:2 cpbdur:2 q:39.39 aq:40.12 tex:70 mv:52 misc:270 imb:0 pmb:4 smb:4316 d:- ref:0 ;
in:3230 out:3227 type:P dur:2 cpbdur:2 q:39.33 aq:30.75 tex:1374 mv:265 misc:577 imb:8 pmb:51 smb:4261 d:s ref:0 ;
in:3228 out:3228 type:B dur:2 cpbdur:2 q:39.35 aq:38.09 tex:43 mv:42 misc:283 imb:0 pmb:5 smb:4315 d:s ref:0 ;
in:3227 out:3229 type:b dur:2 cpbdur:2 q:39.36 aq:40.60 tex:39 mv:25 misc:264 imb:0 pmb:3 smb:4317 d:s ref:0 ;
in:3229 out:3230 type:b dur:2 cpbdur:2 q:39.34 aq:37.00 tex:0 mv:0 misc:256 imb:0 pmb:0 smb:4320 d:- ref:0 ;
in:3234 out:3231 type:P dur:2 cpbdur:2 q:39.29 aq:29.56 tex:3749 mv:267 misc:752 imb:8 pmb:89 smb:4223 d:s ref:0 ;
in:3232 out:3232 type:B dur:2 cpbdur:2 q:39.31 aq:37.13 tex:66 mv:12 misc:282 imb:0 pmb:3 smb:4317 d:t ref:0 ;
in:3231 out:3233 type:b dur:2 cpbdur:2 q:39.32 aq:37.00 tex:0 mv:0 misc:256 imb:0 pmb:0 smb:4320 d:s ref:0 ;
in:3233 out:3234 type:b dur:2 cpbdur:2 q:39.30 aq:37.00 tex:0 mv:0 misc:256 imb:0 pmb:0 smb:4320 d:- ref:0 ;
in:3238 out:3235 type:P dur:2 cpbdur:2 q:39.25 aq:33.84 tex:390 mv:169 misc:377 imb:3 pmb:18 smb:4299 d:s ref:0 ;
in:3236 out:3236 type:B dur:2 cpbdur:2 q:39.27 aq:35.00 tex:2 mv:67 misc:283 imb:0 pmb:6 smb:4314 d:s ref:0 ;
in:3235 out:3237 type:b dur:2 cpbdur:2 q:39.28 aq:41.80 tex:36 mv:25 misc:267 imb:0 pmb:4 smb:4316 d:t ref:0 ;
in:3237 out:3238 type:b dur:2 cpbdur:2 q:39.26 aq:40.31 tex:32 mv:112 misc:264 imb:0 pmb:5 smb:4315 d:- ref:0 ;
in:3241 out:3239 type:P dur:2 cpbdur:2 q:39.20 aq:29.37 tex:3877 mv:699 misc:640 imb:30 pmb:72 smb:4218 d:s ref:0 ;
in:3239 out:3240 type:B dur:2 cpbdur:2 q:39.23 aq:38.48 tex:69 mv:127 misc:332 imb:1 pmb:26 smb:4293 d:s ref:0 ;
in:3240 out:3241 type:b dur:2 cpbdur:2 q:39.21 aq:37.00 tex:1 mv:54 misc:265 imb:0 pmb:5 smb:4315 d:- ref:0 ;
in:3245 out:3242 type:P dur:2 cpbdur:2 q:39.16 aq:30.18 tex:3502 mv:494 misc:412 imb:25 pmb:38 smb:4257 d:s ref:0 ;
in:3243 out:3243 type:B dur:2 cpbdur:2 q:39.18 aq:34.91 tex:138 mv:155 misc:315 imb:2 pmb:19 smb:4299 d:s ref:0 ;
in:3242 out:3244 type:b dur:2 cpbdur:2 q:39.19 aq:40.86 tex:43 mv:55 misc:262 imb:0 pmb:4 smb:4316 d:t ref:0 ;
in:3244 out:3245 type:b dur:2 cpbdur:2 q:39.17 aq:33.56 tex:20 mv:77 misc:311 imb:1 pmb:15 smb:4304 d:- ref:0 ;
in:3249 out:3246 type:P dur:2 cpbdur:2 q:39.11 aq:28.76 tex:947 mv:139 misc:450 imb:5 pmb:25 smb:4290 d:s ref:0 ;
in:3247 out:3247 type:B dur:2 cpbdur:2 q:39.14 aq:35.00 tex:1 mv:39 misc:288 imb:0 pmb:5 smb:4315 d:t ref:0 ;
in:3246 out:3248 type:b dur:2 cpbdur:2 q:39.15 aq:37.00 tex:1 mv:45 misc:266 imb:0 pmb:3 smb:4317 d:s ref:0 ;
in:3248 out:3249 type:b dur:2 cpbdur:2 q:39.13 aq:31.86 tex:18 mv:24 misc:270 imb:1 pmb:1 smb:4318 d:- ref:0 ;
in:3253 out:3250 type:P dur:2 cpbdur:2 q:39.06 aq:30.13 tex:9846 mv:527 misc:419 imb:49 pmb:34 smb:4237 d:s ref:0 ;
in:3251 out:3251 type:B dur:2 cpbdur:2 q:39.09 aq:34.08 tex:16 mv:110 misc:322 imb:2 pmb:20 smb:4298 d:s ref:0 ;
in:3250 out:3252 type:b dur:2 cpbdur:2 q:39.10 aq:37.00 tex:0 mv:0 misc:256 imb:0 pmb:0 smb:4320 d:s ref:0 ;
in:3252 out:3253 type:b dur:2 cpbdur:2 q:39.08 aq:37.00 tex:3 mv:54 misc:303 imb:1 pmb:18 smb:4301 d:- ref:0 ;
in:3257 out:3254 type:P dur:2 cpbdur:2 q:39.02 aq:31.04 tex:1986 mv:165 misc:625 imb:4 pmb:61 smb:4255 d:s ref:0 ;
in:3255 out:3255 type:B dur:2 cpbdur:2 q:39.04 aq:35.00 tex:0 mv:0 misc:272 imb:0 pmb:0 smb:4320 d:s ref:0 ;
in:3254 out:3256 type:b dur:2 cpbdur:2 q:39.05 aq:37.00 tex:0 mv:0 misc:256 imb:0 pmb:0 smb:4320 d:s ref:0 ;
in:3256 out:3257 type:b dur:2 cpbdur:2 q:39.03 aq:37.00 tex:0 mv:0 misc:256 imb:0 pmb:0 smb:4320 d:- ref:0 ;
in:3261 out:3258 type:P dur:2 cpbdur:2 q:38.97 aq:27.74 tex:277 mv:48 misc:347 imb:1 pmb:13 smb:4306 d:s ref:0 ;
in:3259 out:3259 type:B dur:2 cpbdur:2 q:39.00 aq:35.00 tex:0 mv:0 misc:272 imb:0 pmb:0 smb:4320 d:s ref:0 ;
in:3258 out:3260 type:b dur:2 cpbdur:2 q:39.01 aq:37.00 tex:0 mv:0 misc:256 imb:0 pmb:0 smb:4320 d:s ref:0 ;
in:3260 out:3261 type:b dur:2 cpbdur:2 q:38.99 aq:37.00 tex:0 mv:0 misc:256 imb:0 pmb:0 smb:4320 d:- ref:0 ;
in:3265 out:3262 type:P dur:2 cpbdur:2 q:38.93 aq:30.95 tex:3143 mv:187 misc:718 imb:9 pmb:79 smb:4232 d:s ref:0 ;
in:3263 out:3263 type:B dur:2 cpbdur:2 q:38.95 aq:35.00 tex:0 mv:0 misc:272 imb:0 pmb:0 smb:4320 d:s ref:0 ;
in:3262 out:3264 type:b dur:2 cpbdur:2 q:38.96 aq:37.00 tex:0 mv:0 misc:256 imb:0 pmb:0 smb:4320 d:s ref:0 ;
in:3264 out:3265 type:b dur:2 cpbdur:2 q:38.94 aq:37.00 tex:0 mv:0 misc:256 imb:0 pmb:0 smb:4320 d:- ref:0 ;
in:3269 out:3266 type:P dur:2 cpbdur:2 q:38.88 aq:24.05 tex:200 mv:84 misc:372 imb:3 pmb:19 smb:4298 d:s ref:0 ;
in:3267 out:3267 type:B dur:2 cpbdur:2 q:38.90 aq:35.00 tex:0 mv:0 misc:272 imb:0 pmb:0 smb:4320 d:s ref:0 ;
in:3266 out:3268 type:b dur:2 cpbdur:2 q:38.92 aq:37.00 tex:0 mv:0 misc:256 imb:0 pmb:0 smb:4320 d:s ref:0 ;
in:3268 out:3269 type:b dur:2 cpbdur:2 q:38.89 aq:37.00 tex:0 mv:0 misc:256 imb:0 pmb:0 smb:4320 d:- ref:0 ;
in:3273 out:3270 type:P dur:2 cpbdur:2 q:38.84 aq:33.90 tex:486 mv:79 misc:379 imb:1 pmb:19 smb:4300 d:s ref:0 ;
in:3271 out:3271 type:B dur:2 cpbdur:2 q:38.86 aq:35.00 tex:0 mv:0 misc:272 imb:0 pmb:0 smb:4320 d:s ref:0 ;
in:3270 out:3272 type:b dur:2 cpbdur:2 q:38.87 aq:37.00 tex:0 mv:0 misc:256 imb:0 pmb:0 smb:4320 d:s ref:0 ;
in:3272 out:3273 type:b dur:2 cpbdur:2 q:38.85 aq:37.00 tex:0 mv:0 misc:256 imb:0 pmb:0 smb:4320 d:- ref:0 ;
in:3277 out:3274 type:P dur:2 cpbdur:2 q:38.79 aq:36.72 tex:818 mv:188 misc:474 imb:5 pmb:30 smb:4285 d:s ref:0 ;
in:3275 out:3275 type:B dur:2 cpbdur:2 q:38.81 aq:35.00 tex:0 mv:77 misc:283 imb:0 pmb:5 smb:4315 d:s ref:0 ;
in:3274 out:3276 type:b dur:2 cpbdur:2 q:38.82 aq:37.00 tex:1 mv:34 misc:261 imb:0 pmb:3 smb:4317 d:t ref:0 ;
in:3276 out:3277 type:b dur:2 cpbdur:2 q:38.80 aq:37.00 tex:0 mv:40 misc:272 imb:0 pmb:5 smb:4315 d:- ref:0 ;
in:3281 out:3278 type:P dur:2 cpbdur:2 q:38.74 aq:31.14 tex:447 mv:99 misc:334 imb:7 pmb:8 smb:4305 d:s ref:0 ;
in:3279 out:3279 type:B dur:2 cpbdur:2 q:38.76 aq:27.75 tex:81 mv:148 misc:291 imb:1 pmb:9 smb:4310 d:s ref:0 ;
in:3278 out:3280 type:b dur:2 cpbdur:2 q:38.78 aq:38.16 tex:81 mv:43 misc:268 imb:0 pmb:7 smb:4313 d:t ref:0 ;
in:3280 out:3281 type:b dur:2 cpbdur:2 q:38.75 aq:39.76 tex:40 mv:73 misc:279 imb:0 pmb:7 smb:4313 d:- ref:0 ;
in:3282 out:3282 type:P dur:2 cpbdur:2 q:38.69 aq:29.35 tex:2262 mv:208 misc:706 imb:1 pmb:78 smb:4241 d:s ref:0 ;
in:3286 out:3283 type:P dur:2 cpbdur:2 q:38.68 aq:27.76 tex:4849 mv:617 misc:478 imb:41 pmb:42 smb:4237 d:s ref:0 ;
in:3284 out:3284 type:B dur:2 cpbdur:2 q:38.69 aq:38.94 tex:578 mv:430 misc:344 imb:10 pmb:42 smb:4268 d:s ref:0 ;
in:3283 out:3285 type:b dur:2 cpbdur:2 q:38.69 aq:40.36 tex:111 mv:182 misc:307 imb:3 pmb:16 smb:4301 d:s ref:0 ;
in:3285 out:3286 type:b dur:2 cpbdur:2 q:38.69 aq:38.84 tex:92 mv:114 misc:322 imb:1 pmb:23 smb:4296 d:- ref:0 ;
in:3288 out:3287 type:P dur:2 cpbdur:2 q:38.64 aq:21.64 tex:719 mv:323 misc:518 imb:15 pmb:28 smb:4277 d:s ref:0 ;
in:3287 out:3288 type:b dur:2 cpbdur:2 q:38.66 aq:37.82 tex:79 mv:70 misc:267 imb:0 pmb:7 smb:4313 d:t ref:0 ;
in:3291 out:3289 type:P dur:2 cpbdur:2 q:38.61 aq:22.60 tex:334 mv:158 misc:348 imb:2 pmb:14 smb:4304 d:s ref:0 ;
in:3289 out:3290 type:B dur:2 cpbdur:2 q:38.63 aq:35.00 tex:2 mv:77 misc:281 imb:0 pmb:5 smb:4315 d:t ref:0 ;
in:3290 out:3291 type:b dur:2 cpbdur:2 q:38.62 aq:36.00 tex:1 mv:71 misc:272 imb:0 pmb:5 smb:4315 d:- ref:0 ;
in:3295 out:3292 type:P dur:2 cpbdur:2 q:38.57 aq:24.72 tex:3027 mv:454 misc:351 imb:30 pmb:23 smb:4267 d:s ref:0 ;
in:3293 out:3293 type:B dur:2 cpbdur:2 q:38.59 aq:37.42 tex:151 mv:128 misc:321 imb:3 pmb:19 smb:4298 d:s ref:0 ;
in:3292 out:3294 type:b dur:2 cpbdur:2 q:38.60 aq:28.70 tex:25 mv:78 misc:305 imb:2 pmb:17 smb:4301 d:s ref:0 ;
in:3294 out:3295 type:b dur:2 cpbdur:2 q:38.58 aq:39.86 tex:31 mv:37 misc:260 imb:0 pmb:2 smb:4318 d:- ref:0 ;
in:3299 out:3296 type:P dur:2 cpbdur:2 q:38.53 aq:29.67 tex:4615 mv:539 misc:470 imb:30 pmb:40 smb:4250 d:s ref:0 ;
in:3297 out:3297 type:B dur:2 cpbdur:2 q:38.55 aq:37.31 tex:53 mv:172 misc:335 imb:2 pmb:23 smb:4295 d:s ref:0 ;
in:3296 out:3298 type:b dur:2 cpbdur:2 q:38.56 aq:39.20 tex:76 mv:120 misc:300 imb:1 pmb:22 smb:4297 d:s ref:0 ;
in:3298 out:3299 type:b dur:2 cpbdur:2 q:38.54 aq:36.00 tex:4 mv:79 misc:269 imb:0 pmb:6 smb:4314 d:- ref:0 ;
in:3303 out:3300 type:P dur:2 cpbdur:2 q:38.48 aq:30.44 tex:1545 mv:206 misc:561 imb:3 pmb:52 smb:4265 d:s ref:0 ;
in:3301 out:3301 type:B dur:2 cpbdur:2 q:38.51 aq:36.43 tex:42 mv:47 misc:287 imb:0 pmb:6 smb:4314 d:s ref:0 ;
in:3300 out:3302 type:b dur:2 cpbdur:2 q:38.52 aq:40.12 tex:38 mv:88 misc:266 imb:0 pmb:4 smb:4316 d:s ref:0 ;
in:3302 out:3303 type:b dur:2 cpbdur:2 q:38.49 aq:38.94 tex:33 mv:53 misc:266 imb:0 pmb:4 smb:4316 d:- ref:0 ;
in:3307 out:3304 type:P dur:2 cpbdur:2 q:38.44 aq:29.41 tex:13149 mv:1070 misc:693 imb:104 pmb:81 smb:4135 d:s ref:0 ;
in:3305 out:3305 type:B dur:2 cpbdur:2 q:38.46 aq:33.70 tex:66 mv:139 misc:347 imb:2 pmb:34 smb:4284 d:s ref:0 ;
in:3304 out:3306 type:b dur:2 cpbdur:2 q:38.47 aq:36.08 tex:60 mv:146 misc:346 imb:2 pmb:34 smb:4284 d:s ref:0 ;
in:3306 out:3307 type:b dur:2 cpbdur:2 q:38.45 aq:36.00 tex:1 mv:20 misc:267 imb:0 pmb:2 smb:4318 d:- ref:0 ;
in:3311 out:3308 type:P dur:2 cpbdur:2 q:38.40 aq:30.20 tex:1627 mv:172 misc:569 imb:5 pmb:48 smb:4267 d:s ref:0 ;
in:3309 out:3309 type:B dur:2 cpbdur:2 q:38.42 aq:39.30 tex:53 mv:15 misc:276 imb:0 pmb:2 smb:4318 d:s ref:0 ;
in:3308 out:3310 type:b dur:2 cpbdur:2 q:38.43 aq:36.00 tex:0 mv:0 misc:256 imb:0 pmb:0 smb:4320 d:s ref:0 ;
in:3310 out:3311 type:b dur:2 cpbdur:2 q:38.41 aq:36.00 tex:0 mv:0 misc:256 imb:0 pmb:0 smb:4320 d:- ref:0 ;
in:3315 out:3312 type:P dur:2 cpbdur:2 q:38.35 aq:34.65 tex:1504 mv:86 misc:490 imb:3 pmb:38 smb:4279 d:s ref:0 ;
in:3313 out:3313 type:B dur:2 cpbdur:2 q:38.38 aq:34.00 tex:0 mv:0 misc:272 imb:0 pmb:0 smb:4320 d:s ref:0 ;
in:3312 out:3314 type:b dur:2 cpbdur:2 q:38.39 aq:36.00 tex:0 mv:0 misc:256 imb:0 pmb:0 smb:4320 d:s ref:0 ;
in:3314 out:3315 type:b dur:2 cpbdur:2 q:38.36 aq:36.00 tex:0 mv:0 misc:256 imb:0 pmb:0 smb:4320 d:- ref:0 ;
in:3319 out:3316 type:P dur:2 cpbdur:2 q:38.31 aq:28.66 tex:1835 mv:117 misc:584 imb:4 pmb:50 smb:4266 d:s ref:0 ;
in:3317 out:3317 type:B dur:2 cpbdur:2 q:38.33 aq:34.00 tex:0 mv:0 misc:272 imb:0 pmb:0 smb:4320 d:s ref:0 ;
in:3316 out:3318 type:b dur:2 cpbdur:2 q:38.34 aq:36.00 tex:0 mv:0 misc:256 imb:0 pmb:0 smb:4320 d:s ref:0 ;
in:3318 out:3319 type:b dur:2 cpbdur:2 q:38.32 aq:36.00 tex:0 mv:0 misc:256 imb:0 pmb:0 smb:4320 d:- ref:0 ;
in:3323 out:3320 type:P dur:2 cpbdur:2 q:38.26 aq:32.54 tex:620 mv:140 misc:392 imb:4 pmb:17 smb:4299 d:s ref:0 ;
in:3321 out:3321 type:B dur:2 cpbdur:2 q:38.28 aq:37.42 tex:58 mv:39 misc:287 imb:0 pmb:5 smb:4315 d:s ref:0 ;
in:3320 out:3322 type:b dur:2 cpbdur:2 q:38.29 aq:36.00 tex:0 mv:4 misc:260 imb:0 pmb:1 smb:4319 d:t ref:0 ;
in:3322 out:3323 type:b dur:2 cpbdur:2 q:38.27 aq:39.42 tex:43 mv:79 misc:270 imb:0 pmb:5 smb:4315 d:- ref:0 ;
in:3326 out:3324 type:P dur:2 cpbdur:2 q:38.22 aq:27.53 tex:2574 mv:325 misc:549 imb:23 pmb:41 smb:4256 d:s ref:0 ;
in:3324 out:3325 type:B dur:2 cpbdur:2 q:38.24 aq:40.30 tex:39 mv:102 misc:307 imb:0 pmb:14 smb:4306 d:s ref:0 ;
in:3325 out:3326 type:b dur:2 cpbdur:2 q:38.23 aq:38.43 tex:79 mv:74 misc:271 imb:0 pmb:7 smb:4313 d:- ref:0 ;
in:3328 out:3327 type:P dur:2 cpbdur:2 q:38.18 aq:32.33 tex:1476 mv:172 misc:520 imb:5 pmb:37 smb:4278 d:s ref:0 ;
in:3327 out:3328 type:b dur:2 cpbdur:2 q:38.20 aq:36.00 tex:0 mv:74 misc:270 imb:0 pmb:4 smb:4316 d:t ref:0 ;
in:3332 out:3329 type:P dur:2 cpbdur:2 q:38.16 aq:25.30 tex:1339 mv:268 misc:337 imb:18 pmb:16 smb:4286 d:s ref:0 ;
in:3330 out:3330 type:B dur:2 cpbdur:2 q:38.17 aq:38.01 tex:280 mv:93 misc:315 imb:0 pmb:20 smb:4300 d:s ref:0 ;
in:3329 out:3331 type:b dur:2 cpbdur:2 q:38.17 aq:39.42 tex:70 mv:86 misc:292 imb:0 pmb:17 smb:4303 d:s ref:0 ;
in:3331 out:3332 type:b dur:2 cpbdur:2 q:38.16 aq:39.55 tex:93 mv:49 misc:266 imb:0 pmb:4 smb:4316 d:- ref:0 ;
in:3333 out:3333 type:I dur:2 cpbdur:2 q:35.46 aq:22.32 tex:262713 mv:47456 misc:567 imb:4320 pmb:0 smb:0 d:s ref:;
in:3335 out:3334 type:P dur:2 cpbdur:2 q:38.49 aq:29.57 tex:1000 mv:240 misc:320 imb:15 pmb:10 smb:4295 d:s ref:0 ;
in:3334 out:3335 type:b dur:2 cpbdur:2 q:38.49 aq:39.53 tex:81 mv:94 misc:289 imb:0 pmb:15 smb:4305 d:t ref:0 ;
in:3339 out:3336 type:P dur:2 cpbdur:2 q:38.47 aq:23.88 tex:3911 mv:454 misc:323 imb:38 pmb:22 smb:4260 d:s ref:0 ;
in:3337 out:3337 type:B dur:2 cpbdur:2 q:38.48 aq:26.88 tex:95 mv:184 misc:313 imb:4 pmb:19 smb:4297 d:s ref:0 ;
in:3336 out:3338 type:b dur:2 cpbdur:2 q:38.49 aq:37.89 tex:81 mv:100 misc:315 imb:1 pmb:19 smb:4300 d:s ref:0 ;
in:3338 out:3339 type:b dur:2 cpbdur:2 q:38.48 aq:36.00 tex:1 mv:79 misc:264 imb:0 pmb:6 smb:4314 d:- ref:0 ;
in:3340 out:3340 type:P dur:2 cpbdur:2 q:38.42 aq:30.61 tex:283 mv:76 misc:289 imb:1 pmb:5 smb:4314 d:s ref:0 ;
in:3342 out:3341 type:P dur:2 cpbdur:2 q:38.41 aq:20.74 tex:360 mv:99 misc:325 imb:2 pmb:7 smb:4311 d:s ref:0 ;
in:3341 out:3342 type:b dur:2 cpbdur:2 q:38.42 aq:36.00 tex:1 mv:48 misc:263 imb:0 pmb:3 smb:4317 d:t ref:0 ;
in:3346 out:3343 type:P dur:2 cpbdur:2 q:38.39 aq:22.03 tex:16838 mv:1079 misc:331 imb:89 pmb:37 smb:4194 d:s ref:0 ;
in:3344 out:3344 type:B dur:2 cpbdur:2 q:38.40 aq:28.78 tex:28 mv:92 misc:376 imb:1 pmb:35 smb:4284 d:s ref:0 ;
in:3343 out:3345 type:b dur:2 cpbdur:2 q:38.41 aq:28.11 tex:113 mv:240 misc:399 imb:11 pmb:54 smb:4255 d:s ref:0 ;
in:3345 out:3346 type:b dur:2 cpbdur:2 q:38.39 aq:36.00 tex:0 mv:0 misc:256 imb:0 pmb:0 smb:4320 d:- ref:0 ;
in:3350 out:3347 type:P dur:2 cpbdur:2 q:38.35 aq:30.69 tex:170 mv:47 misc:303 imb:0 pmb:6 smb:4314 d:s ref:0 ;
in:3348 out:3348 type:B dur:2 cpbdur:2 q:38.37 aq:39.47 tex:41 mv:8 misc:279 imb:0 pmb:3 smb:4317 d:t ref:0 ;
in:3347 out:3349 type:b dur:2 cpbdur:2 q:38.38 aq:36.00 tex:0 mv:0 misc:256 imb:0 pmb:0 smb:4320 d:s ref:0 ;
in:3349 out:3350 type:b dur:2 cpbdur:2 q:38.36 aq:36.00 tex:0 mv:0 misc:256 imb:0 pmb:0 smb:4320 d:- ref:0 ;
in:3354 out:3351 type:P dur:2 cpbdur:2 q:38.32 aq:35.50 tex:97 mv:29 misc:282 imb:0 pmb:4 smb:4316 d:s ref:0 ;
in:3352 out:3352 type:B dur:2 cpbdur:2 q:38.34 aq:34.00 tex:0 mv:11 misc:285 imb:0 pmb:2 smb:4318 d:s ref:0 ;
in:3351 out:3353 type:b dur:2 cpbdur:2 q:38.35 aq:36.00 tex:0 mv:0 misc:256 imb:0 pmb:0 smb:4320 d:s ref:0 ;
in:3353 out:3354 type:b dur:2 cpbdur:2 q:38.33 aq:36.00 tex:0 mv:0 misc:256 imb:0 pmb:0 smb:4320 d:- ref:0 ;
in:3357 out:3355 type:P dur:2 cpbdur:2 q:38.28 aq:35.02 tex:3076 mv:509 misc:319 imb:24 pmb:30 smb:4266 d:s ref:0 ;
in:3355 out:3356 type:B dur:2 cpbdur:2 q:38.31 aq:29.30 tex:23 mv:106 misc:335 imb:1 pmb:17 smb:4302 d:s ref:0 ;
in:3356 out:3357 type:b dur:2 cpbdur:2 q:38.29 aq:39.39 tex:91 mv:174 misc:311 imb:2 pmb:22 smb:4296 d:- ref:0 ;
in:3359 out:3358 type:P dur:2 cpbdur:2 q:38.24 aq:30.53 tex:2584 mv:485 misc:323 imb:25 pmb:17 smb:4278 d:s ref:0 ;
in:3358 out:3359 type:b dur:2 cpbdur:2 q:38.26 aq:38.39 tex:94 mv:150 misc:324 imb:1 pmb:20 smb:4299 d:s ref:0 ;
in:3363 out:3360 type:P dur:2 cpbdur:2 q:38.22 aq:31.50 tex:3501 mv:463 misc:332 imb:42 pmb:17 smb:4261 d:s ref:0 ;
in:3361 out:3361 type:B dur:2 cpbdur:2 q:38.23 aq:28.32 tex:675 mv:401 misc:364 imb:11 pmb:35 smb:4274 d:s ref:0 ;
in:3360 out:3362 type:b dur:2 cpbdur:2 q:38.23 aq:36.00 tex:4 mv:124 misc:328 imb:0 pmb:19 smb:4301 d:s ref:0 ;
in:3362 out:3363 type:b dur:2 cpbdur:2 q:38.22 aq:37.29 tex:120 mv:218 misc:334 imb:3 pmb:23 smb:4294 d:- ref:0 ;
in:3364 out:3364 type:P dur:2 cpbdur:2 q:38.18 aq:35.57 tex:414 mv:85 misc:309 imb:2 pmb:7 smb:4311 d:s ref:0 ;
in:3366 out:3365 type:P dur:2 cpbdur:2 q:38.17 aq:33.90 tex:238 mv:75 misc:303 imb:2 pmb:5 smb:4313 d:s ref:0 ;
in:3365 out:3366 type:b dur:2 cpbdur:2 q:38.17 aq:35.01 tex:25 mv:74 misc:269 imb:0 pmb:6 smb:4314 d:t ref:0 ;
in:3367 out:3367 type:P dur:2 cpbdur:2 q:38.15 aq:32.80 tex:118 mv:82 misc:288 imb:2 pmb:5 smb:4313 d:s ref:0 ;
in:3371 out:3368 type:P dur:2 cpbdur:2 q:38.14 aq:30.55 tex:2927 mv:392 misc:337 imb:43 pmb:17 smb:4260 d:s ref:0 ;
in:3369 out:3369 type:B dur:2 cpbdur:2 q:38.14 aq:35.05 tex:826 mv:476 misc:338 imb:10 pmb:48 smb:4262 d:s ref:0 ;
in:3368 out:3370 type:b dur:2 cpbdur:2 q:38.14 aq:36.00 tex:6 mv:107 misc:327 imb:0 pmb:24 smb:4296 d:s ref:0 ;
in:3370 out:3371 type:b dur:2 cpbdur:2 q:38.14 aq:36.00 tex:17 mv:126 misc:321 imb:1 pmb:21 smb:4298 d:- ref:0 ;
in:3373 out:3372 type:P dur:2 cpbdur:2 q:38.09 aq:33.22 tex:262 mv:113 misc:305 imb:1 pmb:8 smb:4311 d:s ref:0 ;
in:3372 out:3373 type:b dur:2 cpbdur:2 q:38.11 aq:32.53 tex:18 mv:96 misc:270 imb:1 pmb:7 smb:4312 d:t ref:0 ;
in:3374 out:3374 type:P dur:2 cpbdur:2 q:38.07 aq:24.58 tex:1783 mv:303 misc:306 imb:18 pmb:13 smb:4289 d:s ref:0 ;
in:3378 out:3375 type:P dur:2 cpbdur:2 q:38.06 aq:31.37 tex:1852 mv:228 misc:320 imb:20 pmb:14 smb:4286 d:s ref:0 ;
in:3376 out:3376 type:B dur:2 cpbdur:2 q:38.06 aq:36.43 tex:285 mv:186 misc:337 imb:2 pmb:18 smb:4300 d:s ref:0 ;
in:3375 out:3377 type:b dur:2 cpbdur:2 q:38.06 aq:37.89 tex:663 mv:347 misc:318 imb:2 pmb:32 smb:4286 d:s ref:0 ;
in:3377 out:3378 type:b dur:2 cpbdur:2 q:38.06 aq:37.92 tex:155 mv:105 misc:268 imb:1 pmb:6 smb:4313 d:- ref:0 ;
in:3382 out:3379 type:P dur:2 cpbdur:2 q:38.01 aq:33.05 tex:3619 mv:415 misc:366 imb:27 pmb:33 smb:4260 d:s ref:0 ;
in:3380 out:3380 type:B dur:2 cpbdur:2 q:38.03 aq:37.40 tex:364 mv:91 misc:353 imb:0 pmb:35 smb:4285 d:s ref:0 ;
in:3379 out:3381 type:b dur:2 cpbdur:2 q:38.04 aq:39.38 tex:151 mv:59 misc:270 imb:0 pmb:6 smb:4314 d:s ref:0 ;
in:3381 out:3382 type:b dur:2 cpbdur:2 q:38.02 aq:31.93 tex:348 mv:245 misc:359 imb:1 pmb:27 smb:4292 d:- ref:0 ;
in:3385 out:3383 type:P dur:2 cpbdur:2 q:37.96 aq:28.23 tex:2939 mv:576 misc:373 imb:36 pmb:36 smb:4248 d:s ref:0 ;
in:3383 out:3384 type:B dur:2 cpbdur:2 q:38.00 aq:36.28 tex:183 mv:190 misc:355 imb:2 pmb:43 smb:4275 d:s ref:0 ;
in:3384 out:3385 type:b dur:2 cpbdur:2 q:37.98 aq:31.01 tex:83 mv:112 misc:293 imb:2 pmb:11 smb:4307 d:- ref:0 ;
in:3386 out:3386 type:P dur:2 cpbdur:2 q:37.92 aq:32.42 tex:228 mv:127 misc:325 imb:7 pmb:6 smb:4307 d:s ref:0 ;
in:3387 out:3387 type:P dur:2 cpbdur:2 q:37.91 aq:31.85 tex:1168 mv:408 misc:336 imb:72 pmb:15 smb:4233 d:s ref:0 ;
in:3388 out:3388 type:P dur:2 cpbdur:2 q:37.90 aq:35.49 tex:291 mv:87 misc:294 imb:4 pmb:5 smb:4311 d:s ref:0 ;
in:3389 out:3389 type:P dur:2 cpbdur:2 q:37.89 aq:32.59 tex:263 mv:85 misc:284 imb:2 pmb:6 smb:4312 d:s ref:0 ;
in:3392 out:3390 type:P dur:2 cpbdur:2 q:37.87 aq:36.38 tex:375 mv:99 misc:278 imb:3 pmb:6 smb:4311 d:s ref:0 ;
in:3390 out:3391 type:B dur:2 cpbdur:2 q:37.88 aq:35.00 tex:1 mv:72 misc:295 imb:0 pmb:7 smb:4313 d:t ref:0 ;
in:3391 out:3392 type:b dur:2 cpbdur:2 q:37.88 aq:36.00 tex:1 mv:37 misc:266 imb:0 pmb:6 smb:4314 d:- ref:0 ;
in:3395 out:3393 type:P dur:2 cpbdur:2 q:37.83 aq:30.66 tex:41745 mv:12505 misc:2118 imb:1820 pmb:491 smb:2009 d:s ref:0 ;
in:3393 out:3394 type:B dur:2 cpbdur:2 q:37.86 aq:37.32 tex:99 mv:189 misc:632 imb:3 pmb:87 smb:4230 d:s ref:0 ;
in:3394 out:3395 type:b dur:2 cpbdur:2 q:37.85 aq:37.41 tex:9058 mv:12435 misc:2835 imb:352 pmb:892 smb:3076 d:- ref:0 ;
in:3396 out:3396 type:P dur:2 cpbdur:2 q:37.86 aq:28.71 tex:40418 mv:13472 misc:2078 imb:1530 pmb:627 smb:2163 d:s ref:0 ;
in:3397 out:3397 type:P dur:2 cpbdur:2 q:37.88 aq:29.89 tex:11891 mv:11468 misc:2657 imb:629 pmb:892 smb:2799 d:s ref:0 ;
in:3398 out:3398 type:P dur:2 cpbdur:2 q:37.89 aq:29.93 tex:11866 mv:11702 misc:2416 imb:654 pmb:893 smb:2773 d:s ref:0 ;
in:3399 out:3399 type:P dur:2 cpbdur:2 q:37.89 aq:29.69 tex:14249 mv:11066 misc:2429 imb:525 pmb:977 smb:2818 d:s ref:0 ;
in:3400 out:3400 type:P dur:2 cpbdur:2 q:37.90 aq:30.34 tex:16339 mv:10389 misc:2368 imb:564 pmb:966 smb:2790 d:s ref:0 ;
in:3401 out:3401 type:P dur:2 cpbdur:2 q:37.91 aq:29.55 tex:21699 mv:10611 misc:2330 imb:592 pmb:918 smb:2810 d:s ref:0 ;
in:3402 out:3402 type:P dur:2 cpbdur:2 q:37.92 aq:30.50 tex:23492 mv:9700 misc:2072 imb:424 pmb:990 smb:2906 d:s ref:0 ;
in:3403 out:3403 type:P dur:2 cpbdur:2 q:37.92 aq:29.45 tex:22637 mv:9051 misc:2296 imb:406 pmb:867 smb:3047 d:s ref:0 ;
in:3404 out:3404 type:P dur:2 cpbdur:2 q:37.93 aq:29.33 tex:24614 mv:8955 misc:2183 imb:624 pmb:880 smb:2816 d:s ref:0 ;
in:3405 out:3405 type:P dur:2 cpbdur:2 q:37.93 aq:31.59 tex:21522 mv:7843 misc:2267 imb:354 pmb:861 smb:3105 d:s ref:0 ;
in:3406 out:3406 type:P dur:2 cpbdur:2 q:37.93 aq:30.60 tex:20890 mv:7201 misc:2277 imb:311 pmb:861 smb:3148 d:s ref:0 ;
in:3408 out:3407 type:P dur:2 cpbdur:2 q:37.94 aq:29.72 tex:23518 mv:7133 misc:2245 imb:407 pmb:884 smb:3029 d:s ref:0 ;
in:3407 out:3408 type:b dur:2 cpbdur:2 q:37.94 aq:31.10 tex:1013 mv:2422 misc:1245 imb:33 pmb:294 smb:3993 d:t ref:0 ;
in:3412 out:3409 type:P dur:2 cpbdur:2 q:37.94 aq:30.67 tex:9473 mv:5139 misc:2284 imb:247 pmb:594 smb:3479 d:s ref:0 ;
in:3410 out:3410 type:B dur:2 cpbdur:2 q:37.94 aq:34.59 tex:2354 mv:3015 misc:1567 imb:40 pmb:381 smb:3899 d:s ref:0 ;
in:3409 out:3411 type:b dur:2 cpbdur:2 q:37.94 aq:31.91 tex:755 mv:1593 misc:996 imb:9 pmb:204 smb:4107 d:s ref:0 ;
in:3411 out:3412 type:b dur:2 cpbdur:2 q:37.94 aq:28.78 tex:372 mv:931 misc:705 imb:19 pmb:79 smb:4222 d:- ref:0 ;
in:3414 out:3413 type:P dur:2 cpbdur:2 q:37.97 aq:30.82 tex:13504 mv:4546 misc:2238 imb:267 pmb:526 smb:3527 d:s ref:0 ;
in:3413 out:3414 type:b dur:2 cpbdur:2 q:37.95 aq:30.61 tex:723 mv:2356 misc:1273 imb:48 pmb:279 smb:3993 d:s ref:0 ;
in:3415 out:3415 type:P dur:2 cpbdur:2 q:38.05 aq:33.06 tex:34666 mv:6619 misc:2163 imb:571 pmb:698 smb:3051 d:s ref:0 ;
in:3416 out:3416 type:P dur:2 cpbdur:2 q:38.09 aq:33.16 tex:14215 mv:4360 misc:2209 imb:245 pmb:550 smb:3525 d:s ref:0 ;
in:3417 out:3417 type:P dur:2 cpbdur:2 q:38.12 aq:30.37 tex:8608 mv:3130 misc:1878 imb:315 pmb:408 smb:3597 d:s ref:0 ;
in:3418 out:3418 type:P dur:2 cpbdur:2 q:38.15 aq:29.02 tex:4757 mv:2554 misc:1817 imb:236 pmb:246 smb:3838 d:s ref:0 ;
in:3419 out:3419 type:P dur:2 cpbdur:2 q:38.19 aq:26.73 tex:5643 mv:3237 misc:1928 imb:312 pmb:261 smb:3747 d:s ref:0 ;
in:3420 out:3420 type:P dur:2 cpbdur:2 q:38.24 aq:29.26 tex:9363 mv:4594 misc:2131 imb:250 pmb:528 smb:3542 d:s ref:0 ;
in:3421 out:3421 type:P dur:2 cpbdur:2 q:38.29 aq:28.35 tex:17685 mv:7158 misc:2381 imb:589 pmb:621 smb:3110 d:s ref:0 ;
in:3422 out:3422 type:P dur:2 cpbdur:2 q:38.34 aq:28.93 tex:28526 mv:8219 misc:2287 imb:853 pmb:798 smb:2669 d:s ref:0 ;
in:3423 out:3423 type:P dur:2 cpbdur:2 q:38.40 aq:28.09 tex:34982 mv:8694 misc:2132 imb:733 pmb:859 smb:2728 d:s ref:0 ;
in:3425 out:3424 type:P dur:2 cpbdur:2 q:38.45 aq:26.43 tex:49146 mv:9456 misc:2166 imb:833 pmb:924 smb:2563 d:s ref:0 ;
in:3424 out:3425 type:b dur:2 cpbdur:2 q:38.43 aq:26.92 tex:384 mv:2516 misc:1332 imb:159 pmb:278 smb:3883 d:s ref:0 ;
in:3429 out:3426 type:P dur:2 cpbdur:2 q:38.51 aq:29.04 tex:43783 mv:7096 misc:2145 imb:486 pmb:889 smb:2945 d:s ref:0 ;
in:3427 out:3427 type:B dur:2 cpbdur:2 q:38.48 aq:29.50 tex:2374 mv:3285 misc:1285 imb:201 pmb:224 smb:3895 d:s ref:0 ;
in:3426 out:3428 type:b dur:2 cpbdur:2 q:38.47 aq:27.87 tex:563 mv:1641 misc:740 imb:48 pmb:141 smb:4131 d:s ref:0 ;
in:3428 out:3429 type:b dur:2 cpbdur:2 q:38.49 aq:36.40 tex:1023 mv:1447 misc:530 imb:122 pmb:56 smb:4142 d:- ref:0 ;
in:3433 out:3430 type:P dur:2 cpbdur:2 q:38.55 aq:31.26 tex:25768 mv:4741 misc:2203 imb:293 pmb:650 smb:3377 d:s ref:0 ;
in:3431 out:3431 type:B dur:2 cpbdur:2 q:38.53 aq:33.90 tex:793 mv:1464 misc:823 imb:80 pmb:128 smb:4112 d:s ref:0 ;
in:3430 out:3432 type:b dur:2 cpbdur:2 q:38.52 aq:33.49 tex:184 mv:388 misc:412 imb:5 pmb:35 smb:4280 d:s ref:0 ;
in:3432 out:3433 type:b dur:2 cpbdur:2 q:38.54 aq:31.18 tex:201 mv:258 misc:341 imb:6 pmb:29 smb:4285 d:- ref:0 ;
in:3436 out:3434 type:P dur:2 cpbdur:2 q:38.58 aq:31.79 tex:11966 mv:4194 misc:2240 imb:211 pmb:643 smb:3466 d:s ref:0 ;
in:3434 out:3435 type:B dur:2 cpbdur:2 q:38.56 aq:42.04 tex:231 mv:195 misc:382 imb:3 pmb:31 smb:4286 d:s ref:0 ;
in:3435 out:3436 type:b dur:2 cpbdur:2 q:38.57 aq:30.21 tex:170 mv:268 misc:378 imb:8 pmb:35 smb:4277 d:- ref:0 ;
in:3437 out:3437 type:P dur:2 cpbdur:2 q:38.55 aq:33.15 tex:3086 mv:949 misc:1213 imb:72 pmb:162 smb:4086 d:s ref:0 ;
in:3438 out:3438 type:P dur:2 cpbdur:2 q:38.54 aq:33.14 tex:3363 mv:956 misc:1281 imb:33 pmb:190 smb:4097 d:s ref:0 ;
in:3440 out:3439 type:P dur:2 cpbdur:2 q:38.53 aq:32.23 tex:1853 mv:701 misc:846 imb:64 pmb:69 smb:4187 d:s ref:0 ;
in:3439 out:3440 type:b dur:2 cpbdur:2 q:38.53 aq:43.12 tex:113 mv:75 misc:276 imb:0 pmb:7 smb:4313 d:t ref:0 ;
in:3444 out:3441 type:P dur:2 cpbdur:2 q:38.55 aq:29.85 tex:543 mv:127 misc:354 imb:2 pmb:15 smb:4303 d:s ref:0 ;
in:3442 out:3442 type:B dur:2 cpbdur:2 q:38.54 aq:38.28 tex:107 mv:103 misc:302 imb:1 pmb:7 smb:4312 d:s ref:0 ;
in:3441 out:3443 type:b dur:2 cpbdur:2 q:38.54 aq:42.86 tex:58 mv:68 misc:266 imb:0 pmb:4 smb:4316 d:t ref:0 ;
in:3443 out:3444 type:b dur:2 cpbdur:2 q:38.54 aq:43.93 tex:41 mv:47 misc:272 imb:0 pmb:3 smb:4317 d:- ref:0 ;
in:3445 out:3445 type:P dur:2 cpbdur:2 q:38.57 aq:29.36 tex:26313 mv:5463 misc:1256 imb:1548 pmb:143 smb:2629 d:s ref:0 ;
in:3446 out:3446 type:P dur:2 cpbdur:2 q:38.59 aq:31.20 tex:17260 mv:6079 misc:509 imb:1930 pmb:118 smb:2272 d:s ref:0 ;
in:3447 out:3447 type:P dur:2 cpbdur:2 q:38.60 aq:29.26 tex:25499 mv:6221 misc:352 imb:2084 pmb:34 smb:2202 d:s ref:0 ;
in:3448 out:3448 type:P dur:2 cpbdur:2 q:38.63 aq:29.61 tex:4382 mv:2677 misc:1173 imb:334 pmb:165 smb:3821 d:s ref:0 ;
in:3450 out:3449 type:P dur:2 cpbdur:2 q:38.62 aq:30.57 tex:5892 mv:3746 misc:1226 imb:517 pmb:194 smb:3609 d:s ref:0 ;
in:3449 out:3450 type:b dur:2 cpbdur:2 q:38.63 aq:35.82 tex:539 mv:2019 misc:930 imb:71 pmb:217 smb:4032 d:t ref:0 ;
in:3452 out:3451 type:P dur:2 cpbdur:2 q:38.60 aq:32.60 tex:7715 mv:2686 misc:1319 imb:415 pmb:187 smb:3718 d:s ref:0 ;
in:3451 out:3452 type:b dur:2 cpbdur:2 q:38.61 aq:33.32 tex:360 mv:168 misc:328 imb:7 pmb:23 smb:4290 d:s ref:0 ;
in:3453 out:3453 type:P dur:2 cpbdur:2 q:38.58 aq:34.72 tex:1190 mv:305 misc:481 imb:27 pmb:25 smb:4268 d:s ref:0 ;
in:3454 out:3454 type:P dur:2 cpbdur:2 q:38.57 aq:35.46 tex:565 mv:154 misc:353 imb:26 pmb:4 smb:4290 d:s ref:0 ;
in:3455 out:3455 type:P dur:2 cpbdur:2 q:38.56 aq:34.14 tex:624 mv:138 misc:326 imb:23 pmb:3 smb:4294 d:s ref:0 ;
in:3456 out:3456 type:P dur:2 cpbdur:2 q:38.55 aq:30.75 tex:486 mv:205 misc:333 imb:12 pmb:8 smb:4300 d:s ref:0 ;
in:3457 out:3457 type:P dur:2 cpbdur:2 q:38.54 aq:34.35 tex:349 mv:145 misc:338 imb:14 pmb:5 smb:4301 d:s ref:0 ;
in:3458 out:3458 type:P dur:2 cpbdur:2 q:38.52 aq:31.41 tex:523 mv:181 misc:368 imb:20 pmb:7 smb:4293 d:s ref:0 ;
in:3459 out:3459 type:P dur:2 cpbdur:2 q:38.51 aq:27.09 tex:830 mv:1397 misc:845 imb:289 pmb:91 smb:3940 d:s ref:0 w:7,127,0 ;
in:3460 out:3460 type:I dur:2 cpbdur:2 q:35.57 aq:27.71 tex:53108 mv:30564 misc:544 imb:4320 pmb:0 smb:0 d:s ref:w:7,127,0 ;
in:3461 out:3461 type:P dur:2 cpbdur:2 q:38.56 aq:34.56 tex:4099 mv:3476 misc:1497 imb:494 pmb:230 smb:3596 d:s ref:0 w:5,31,1,6,61,6,64,0 ;
in:3462 out:3462 type:P dur:2 cpbdur:2 q:38.56 aq:34.15 tex:5421 mv:2850 misc:1561 imb:328 pmb:250 smb:3742 d:s ref:0 ;
in:3463 out:3463 type:P dur:2 cpbdur:2 q:38.57 aq:32.42 tex:3677 mv:2830 misc:1357 imb:118 pmb:331 smb:3871 d:s ref:0 ;
in:3464 out:3464 type:P dur:2 cpbdur:2 q:38.58 aq:27.29 tex:3267 mv:1826 misc:1139 imb:201 pmb:148 smb:3971 d:s ref:0 ;
in:3465 out:3465 type:P dur:2 cpbdur:2 q:38.61 aq:28.06 tex:3391 mv:2007 misc:1314 imb:160 pmb:237 smb:3923 d:s ref:0 ;
in:3466 out:3466 type:P dur:2 cpbdur:2 q:38.63 aq:27.69 tex:7471 mv:5441 misc:2040 imb:467 pmb:353 smb:3500 d:s ref:0 ;
in:3467 out:3467 type:P dur:2 cpbdur:2 q:38.63 aq:27.24 tex:15784 mv:8037 misc:2243 imb:673 pmb:579 smb:3068 d:s ref:0 ;
in:3468 out:3468 type:P dur:2 cpbdur:2 q:38.64 aq:30.49 tex:22371 mv:8431 misc:2006 imb:671 pmb:755 smb:2894 d:s ref:0 w:5,33,-1 ;
in:3470 out:3469 type:P dur:2 cpbdur:2 q:38.65 aq:29.38 tex:43931 mv:9377 misc:1716 imb:755 pmb:828 smb:2737 d:s ref:0 w:6,67,-2 ;
in:3469 out:3470 type:b dur:2 cpbdur:2 q:38.65 aq:33.03 tex:691 mv:1362 misc:787 imb:31 pmb:118 smb:4171 d:s ref:0 ;
in:3471 out:3471 type:P dur:2 cpbdur:2 q:38.66 aq:30.19 tex:26095 mv:5814 misc:1939 imb:331 pmb:764 smb:3225 d:s ref:0 ;
in:3472 out:3472 type:P dur:2 cpbdur:2 q:38.66 aq:28.17 tex:33655 mv:7946 misc:2159 imb:752 pmb:799 smb:2769 d:s ref:0 ;
in:3475 out:3473 type:P dur:2 cpbdur:2 q:38.66 aq:30.84 tex:30708 mv:5495 misc:1909 imb:352 pmb:712 smb:3256 d:s ref:0 ;
in:3473 out:3474 type:B dur:2 cpbdur:2 q:38.66 aq:28.63 tex:971 mv:2078 misc:1039 imb:66 pmb:155 smb:4099 d:s ref:0 ;
in:3474 out:3475 type:b dur:2 cpbdur:2 q:38.66 aq:33.92 tex:377 mv:1670 misc:953 imb:34 pmb:178 smb:4108 d:- ref:0 ;
in:3476 out:3476 type:P dur:2 cpbdur:2 q:38.66 aq:32.10 tex:11963 mv:3382 misc:1983 imb:192 pmb:514 smb:3614 d:s ref:0 ;
in:3477 out:3477 type:P dur:2 cpbdur:2 q:38.65 aq:30.81 tex:16541 mv:4541 misc:2270 imb:316 pmb:609 smb:3395 d:s ref:0 ;
in:3481 out:3478 type:P dur:2 cpbdur:2 q:38.67 aq:32.94 tex:28413 mv:5699 misc:2104 imb:383 pmb:570 smb:3367 d:s ref:0 ;
in:3479 out:3479 type:B dur:2 cpbdur:2 q:38.66 aq:37.67 tex:885 mv:1695 misc:1100 imb:10 pmb:238 smb:4072 d:s ref:0 ;
in:3478 out:3480 type:b dur:2 cpbdur:2 q:38.65 aq:32.69 tex:119 mv:733 misc:524 imb:11 pmb:105 smb:4204 d:s ref:0 ;
in:3480 out:3481 type:b dur:2 cpbdur:2 q:38.67 aq:42.78 tex:113 mv:27 misc:276 imb:0 pmb:5 smb:4315 d:- ref:0 ;
in:3482 out:3482 type:P dur:2 cpbdur:2 q:38.64 aq:34.34 tex:4851 mv:1857 misc:1740 imb:116 pmb:328 smb:3876 d:s ref:0 ;
in:3483 out:3483 type:P dur:2 cpbdur:2 q:38.61 aq:33.79 tex:3946 mv:1278 misc:1496 imb:57 pmb:259 smb:4004 d:s ref:0 ;
in:3484 out:3484 type:P dur:2 cpbdur:2 q:38.61 aq:33.49 tex:2881 mv:1292 misc:1435 imb:70 pmb:223 smb:4027 d:s ref:0 ;
in:3485 out:3485 type:P dur:2 cpbdur:2 q:38.61 aq:34.16 tex:2638 mv:1158 misc:1284 imb:63 pmb:175 smb:4082 d:s ref:0 ;
in:3487 out:3486 type:P dur:2 cpbdur:2 q:38.63 aq:32.45 tex:3162 mv:1141 misc:1289 imb:106 pmb:141 smb:4073 d:s ref:0 ;
in:3486 out:3487 type:b dur:2 cpbdur:2 q:38.62 aq:30.09 tex:426 mv:179 misc:299 imb:4 pmb:14 smb:4302 d:s ref:0 ;
in:3488 out:3488 type:P dur:2 cpbdur:2 q:38.66 aq:29.54 tex:653 mv:191 misc:388 imb:38 pmb:7 smb:4275 d:s ref:0 ;
in:3489 out:3489 type:P dur:2 cpbdur:2 q:38.69 aq:37.08 tex:618 mv:250 misc:412 imb:28 pmb:14 smb:4278 d:s ref:0 ;
in:3490 out:3490 type:P dur:2 cpbdur:2 q:38.73 aq:35.13 tex:653 mv:196 misc:367 imb:22 pmb:10 smb:4288 d:s ref:0 ;
in:3491 out:3491 type:P dur:2 cpbdur:2 q:38.77 aq:32.83 tex:660 mv:187 misc:369 imb:24 pmb:11 smb:4285 d:s ref:0 ;
in:3492 out:3492 type:P dur:2 cpbdur:2 q:38.76 aq:34.41 tex:664 mv:208 misc:408 imb:30 pmb:10 smb:4280 d:s ref:0 ;
in:3493 out:3493 type:P dur:2 cpbdur:2 q:38.75 aq:34.62 tex:564 mv:375 misc:421 imb:41 pmb:13 smb:4266 d:s ref:0 ;
in:3496 out:3494 type:P dur:2 cpbdur:2 q:38.77 aq:32.30 tex:1418 mv:181 misc:401 imb:24 pmb:8 smb:4288 d:s ref:0 ;
in:3494 out:3495 type:B dur:2 cpbdur:2 q:38.76 aq:41.57 tex:220 mv:219 misc:305 imb:0 pmb:15 smb:4305 d:s ref:0 ;
in:3495 out:3496 type:b dur:2 cpbdur:2 q:38.76 aq:42.01 tex:57 mv:124 misc:283 imb:1 pmb:10 smb:4309 d:- ref:0 ;
in:3497 out:3497 type:P dur:2 cpbdur:2 q:38.78 aq:36.17 tex:4032 mv:2486 misc:1338 imb:342 pmb:165 smb:3813 d:s ref:0 w:7,125,1,6,63,2,64,0 ;
in:3498 out:3498 type:P dur:2 cpbdur:2 q:38.80 aq:33.08 tex:36137 mv:9915 misc:1772 imb:1753 pmb:290 smb:2277 d:s ref:0 w:6,61,2,7,125,3,124,4 ;
in:3499 out:3499 type:P dur:2 cpbdur:2 q:38.82 aq:32.83 tex:39083 mv:11240 misc:1485 imb:1997 pmb:295 smb:2028 d:s ref:0 w:6,63,1,6,63,2,64,0 ;
in:3500 out:3500 type:P dur:2 cpbdur:2 q:38.84 aq:32.26 tex:38405 mv:12233 misc:1434 imb:2427 pmb:234 smb:1659 d:s ref:0 ;
in:3501 out:3501 type:P dur:2 cpbdur:2 q:38.85 aq:31.42 tex:38321 mv:12695 misc:1368 imb:2339 pmb:282 smb:1699 d:s ref:0 ;
in:3502 out:3502 type:P dur:2 cpbdur:2 q:38.85 aq:32.41 tex:31896 mv:10241 misc:1743 imb:1484 pmb:401 smb:2435 d:s ref:0 ;
in:3503 out:3503 type:P dur:2 cpbdur:2 q:38.85 aq:33.87 tex:15375 mv:6084 misc:1941 imb:554 pmb:546 smb:3220 d:s ref:0 ;
in:3504 out:3504 type:P dur:2 cpbdur:2 q:38.85 aq:30.30 tex:17536 mv:6166 misc:1858 imb:446 pmb:621 smb:3253 d:s ref:0 ;
in:3505 out:3505 type:P dur:2 cpbdur:2 q:38.85 aq:31.30 tex:21138 mv:7276 misc:1874 imb:505 pmb:703 smb:3112 d:s ref:0 ;
in:3506 out:3506 type:P dur:2 cpbdur:2 q:38.85 aq:31.01 tex:22202 mv:7327 misc:1855 imb:460 pmb:766 smb:3094 d:s ref:0 ;
in:3507 out:3507 type:P dur:2 cpbdur:2 q:38.84 aq:28.51 tex:27691 mv:9742 misc:1919 imb:969 pmb:795 smb:2556 d:s ref:0 ;
in:3508 out:3508 type:P dur:2 cpbdur:2 q:38.84 aq:27.75 tex:33464 mv:8823 misc:1969 imb:757 pmb:850 smb:2713 d:s ref:0 ;
in:3510 out:3509 type:P dur:2 cpbdur:2 q:38.83 aq:27.66 tex:46790 mv:8888 misc:1770 imb:967 pmb:818 smb:2535 d:s ref:0 ;
in:3509 out:3510 type:b dur:2 cpbdur:2 q:38.83 aq:30.89 tex:448 mv:1986 misc:782 imb:166 pmb:107 smb:4047 d:s ref:0 ;
in:3514 out:3511 type:P dur:2 cpbdur:2 q:38.82 aq:27.79 tex:40055 mv:7136 misc:1913 imb:584 pmb:778 smb:2958 d:s ref:0 ;
in:3512 out:3512 type:B dur:2 cpbdur:2 q:38.82 aq:31.86 tex:1006 mv:2494 misc:1268 imb:115 pmb:255 smb:3950 d:s ref:0 ;
in:3511 out:3513 type:b dur:2 cpbdur:2 q:38.83 aq:36.98 tex:359 mv:1413 misc:972 imb:31 pmb:181 smb:4108 d:t ref:0 ;
in:3513 out:3514 type:b dur:2 cpbdur:2 q:38.82 aq:39.14 tex:572 mv:1377 misc:939 imb:22 pmb:140 smb:4158 d:- ref:0 ;
in:3518 out:3515 type:P dur:2 cpbdur:2 q:38.78 aq:30.15 tex:16490 mv:3410 misc:1996 imb:519 pmb:588 smb:3213 d:s ref:0 ;
in:3516 out:3516 type:B dur:2 cpbdur:2 q:38.80 aq:29.77 tex:615 mv:1018 misc:727 imb:19 pmb:132 smb:4169 d:s ref:0 ;
in:3515 out:3517 type:b dur:2 cpbdur:2 q:38.81 aq:36.60 tex:363 mv:711 misc:622 imb:29 pmb:62 smb:4229 d:s ref:0 ;
in:3517 out:3518 type:b dur:2 cpbdur:2 q:38.79 aq:39.57 tex:213 mv:270 misc:325 imb:3 pmb:23 smb:4294 d:- ref:0 ;
in:3522 out:3519 type:P dur:2 cpbdur:2 q:38.93 aq:31.75 tex:9693 mv:3576 misc:2083 imb:379 pmb:549 smb:3392 d:s ref:0 ;
in:3520 out:3520 type:B dur:2 cpbdur:2 q:38.86 aq:31.59 tex:469 mv:159 misc:300 imb:3 pmb:10 smb:4307 d:s ref:0 ;
in:3519 out:3521 type:b dur:2 cpbdur:2 q:38.82 aq:38.18 tex:124 mv:155 misc:273 imb:0 pmb:9 smb:4311 d:s ref:0 ;
in:3521 out:3522 type:b dur:2 cpbdur:2 q:38.90 aq:31.06 tex:135 mv:95 misc:266 imb:1 pmb:9 smb:4310 d:- ref:0 ;
in:3525 out:3523 type:P dur:2 cpbdur:2 q:39.07 aq:32.00 tex:3840 mv:1586 misc:1470 imb:345 pmb:94 smb:3881 d:s ref:0 ;
in:3523 out:3524 type:B dur:2 cpbdur:2 q:38.98 aq:34.47 tex:119 mv:169 misc:296 imb:0 pmb:8 smb:4312 d:s ref:0 ;
in:3524 out:3525 type:b dur:2 cpbdur:2 q:39.02 aq:37.38 tex:83 mv:123 misc:266 imb:1 pmb:8 smb:4311 d:- ref:0 ;
in:3529 out:3526 type:P dur:2 cpbdur:2 q:39.17 aq:26.91 tex:314 mv:154 misc:340 imb:5 pmb:11 smb:4304 d:s ref:0 ;
in:3527 out:3527 type:B dur:2 cpbdur:2 q:39.12 aq:33.05 tex:128 mv:108 misc:284 imb:0 pmb:10 smb:4310 d:t ref:0 ;
in:3526 out:3528 type:b dur:2 cpbdur:2 q:39.09 aq:35.29 tex:41 mv:82 misc:261 imb:0 pmb:6 smb:4314 d:s ref:0 ;
in:3528 out:3529 type:b dur:2 cpbdur:2 q:39.14 aq:37.01 tex:40 mv:55 misc:273 imb:0 pmb:9 smb:4311 d:- ref:0 ;
in:3530 out:3530 type:P dur:2 cpbdur:2 q:39.24 aq:24.94 tex:416 mv:109 misc:283 imb:4 pmb:6 smb:4310 d:s ref:0 ;
in:3531 out:3531 type:P dur:2 cpbdur:2 q:39.25 aq:32.66 tex:289 mv:137 misc:310 imb:3 pmb:9 smb:4308 d:s ref:0 ;
in:3532 out:3532 type:P dur:2 cpbdur:2 q:39.25 aq:24.86 tex:320 mv:331 misc:389 imb:48 pmb:8 smb:4264 d:s ref:0 ;
in:3536 out:3533 type:P dur:2 cpbdur:2 q:39.27 aq:30.87 tex:750 mv:168 misc:298 imb:13 pmb:7 smb:4300 d:s ref:0 ;
in:3534 out:3534 type:B dur:2 cpbdur:2 q:39.26 aq:34.37 tex:157 mv:133 misc:294 imb:1 pmb:16 smb:4303 d:s ref:0 ;
in:3533 out:3535 type:b dur:2 cpbdur:2 q:39.25 aq:37.26 tex:80 mv:94 misc:266 imb:1 pmb:9 smb:4310 d:s ref:0 ;
in:3535 out:3536 type:b dur:2 cpbdur:2 q:39.26 aq:36.34 tex:306 mv:170 misc:284 imb:4 pmb:12 smb:4304 d:- ref:0 ;
in:3539 out:3537 type:P dur:2 cpbdur:2 q:39.19 aq:31.93 tex:580 mv:162 misc:314 imb:18 pmb:6 smb:4296 d:s ref:0 ;
in:3537 out:3538 type:B dur:2 cpbdur:2 q:39.24 aq:35.95 tex:258 mv:133 misc:321 imb:5 pmb:21 smb:4294 d:s ref:0 ;
in:3538 out:3539 type:b dur:2 cpbdur:2 q:39.22 aq:36.54 tex:264 mv:182 misc:314 imb:5 pmb:20 smb:4295 d:- ref:0 ;
in:3540 out:3540 type:P dur:2 cpbdur:2 q:39.14 aq:26.75 tex:363 mv:174 misc:311 imb:29 pmb:3 smb:4288 d:s ref:0 ;
in:3541 out:3541 type:P dur:2 cpbdur:2 q:39.13 aq:26.87 tex:391 mv:165 misc:300 imb:29 pmb:1 smb:4290 d:s ref:0 ;
in:3542 out:3542 type:P dur:2 cpbdur:2 q:39.12 aq:27.30 tex:469 mv:151 misc:316 imb:24 pmb:2 smb:4294 d:s ref:0 ;
in:3543 out:3543 type:P dur:2 cpbdur:2 q:39.11 aq:32.87 tex:511 mv:172 misc:333 imb:23 pmb:4 smb:4293 d:s ref:0 ;
in:3544 out:3544 type:P dur:2 cpbdur:2 q:39.09 aq:29.52 tex:506 mv:139 misc:331 imb:23 pmb:4 smb:4293 d:s ref:0 ;
in:3546 out:3545 type:P dur:2 cpbdur:2 q:39.08 aq:32.75 tex:773 mv:1399 misc:1460 imb:50 pmb:352 smb:3918 d:s ref:0 ;
in:3545 out:3546 type:b dur:2 cpbdur:2 q:39.08 aq:31.81 tex:162 mv:447 misc:599 imb:20 pmb:71 smb:4229 d:s ref:0 ;
in:3547 out:3547 type:I dur:2 cpbdur:2 q:36.14 aq:26.88 tex:37490 mv:18797 misc:545 imb:4320 pmb:0 smb:0 d:s ref:;
in:3549 out:3548 type:P dur:2 cpbdur:2 q:39.08 aq:32.53 tex:11519 mv:5778 misc:1791 imb:712 pmb:339 smb:3269 d:s ref:0 ;
in:3548 out:3549 type:b dur:2 cpbdur:2 q:39.08 aq:35.83 tex:784 mv:2702 misc:1338 imb:62 pmb:308 smb:3950 d:s ref:0 ;
in:3550 out:3550 type:P dur:2 cpbdur:2 q:39.04 aq:29.63 tex:4382 mv:3255 misc:1643 imb:366 pmb:257 smb:3697 d:s ref:0 ;
in:3551 out:3551 type:P dur:2 cpbdur:2 q:39.03 aq:28.50 tex:4199 mv:4247 misc:1802 imb:1001 pmb:254 smb:3065 d:s ref:0 ;
in:3552 out:3552 type:P dur:2 cpbdur:2 q:39.02 aq:27.00 tex:4322 mv:4596 misc:1746 imb:565 pmb:274 smb:3481 d:s ref:0 ;
in:3553 out:3553 type:P dur:2 cpbdur:2 q:39.01 aq:30.71 tex:4923 mv:4845 misc:1760 imb:456 pmb:416 smb:3448 d:s ref:0 ;
in:3554 out:3554 type:P dur:2 cpbdur:2 q:39.01 aq:27.77 tex:6945 mv:5329 misc:1974 imb:941 pmb:432 smb:2947 d:s ref:0 ;
in:3555 out:3555 type:P dur:2 cpbdur:2 q:39.00 aq:27.44 tex:7318 mv:6420 misc:1926 imb:993 pmb:513 smb:2814 d:s ref:0 ;
in:3556 out:3556 type:P dur:2 cpbdur:2 q:39.00 aq:32.03 tex:16736 mv:8788 misc:1660 imb:1748 pmb:425 smb:2147 d:s ref:0 ;
in:3557 out:3557 type:P dur:2 cpbdur:2 q:39.00 aq:31.32 tex:14004 mv:7835 misc:2113 imb:1174 pmb:526 smb:2620 d:s ref:0 ;
in:3558 out:3558 type:P dur:2 cpbdur:2 q:38.99 aq:31.14 tex:33169 mv:11355 misc:1148 imb:2315 pmb:506 smb:1499 d:s ref:0 ;
in:3559 out:3559 type:P dur:2 cpbdur:2 q:38.99 aq:30.99 tex:18074 mv:7946 misc:1996 imb:1004 pmb:579 smb:2737 d:s ref:0 ;
in:3560 out:3560 type:P dur:2 cpbdur:2 q:38.99 aq:28.29 tex:30680 mv:8298 misc:1206 imb:2033 pmb:546 smb:1741 d:s ref:0 ;
in:3561 out:3561 type:P dur:2 cpbdur:2 q:38.99 aq:33.35 tex:11008 mv:4415 misc:1889 imb:223 pmb:539 smb:3558 d:s ref:0 ;
in:3562 out:3562 type:P dur:2 cpbdur:2 q:38.98 aq:33.39 tex:7688 mv:3118 misc:1866 imb:196 pmb:415 smb:3709 d:s ref:0 ;
in:3563 out:3563 type:P dur:2 cpbdur:2 q:38.98 aq:34.83 tex:5434 mv:2557 misc:1697 imb:149 pmb:342 smb:3829 d:s ref:0 ;
in:3564 out:3564 type:P dur:2 cpbdur:2 q:38.97 aq:31.64 tex:4694 mv:2711 misc:1683 imb:170 pmb:342 smb:3808 d:s ref:0 ;
in:3568 out:3565 type:P dur:2 cpbdur:2 q:38.99 aq:29.39 tex:918 mv:1610 misc:1080 imb:128 pmb:177 smb:4015 d:s ref:0 ;
in:3566 out:3566 type:B dur:2 cpbdur:2 q:38.98 aq:28.67 tex:447 mv:1751 misc:1338 imb:34 pmb:267 smb:4019 d:s ref:0 ;
in:3565 out:3567 type:b dur:2 cpbdur:2 q:38.97 aq:29.02 tex:658 mv:1304 misc:894 imb:43 pmb:141 smb:4136 d:s ref:0 ;
in:3567 out:3568 type:b dur:2 cpbdur:2 q:38.98 aq:44.30 tex:172 mv:129 misc:331 imb:6 pmb:11 smb:4303 d:- ref:0 ;
in:3569 out:3569 type:P dur:2 cpbdur:2 q:38.97 aq:31.84 tex:2283 mv:2730 misc:1291 imb:287 pmb:202 smb:3831 d:s ref:0 ;
in:3570 out:3570 type:i dur:2 cpbdur:2 q:36.10 aq:25.04 tex:29192 mv:19295 misc:161 imb:4320 pmb:0 smb:0 d:s ref:;
in:3571 out:3571 type:P dur:2 cpbdur:2 q:39.03 aq:30.92 tex:9559 mv:7397 misc:1852 imb:827 pmb:358 smb:3135 d:s ref:0 ;
in:3572 out:3572 type:P dur:2 cpbdur:2 q:39.05 aq:30.04 tex:5961 mv:5578 misc:2077 imb:713 pmb:318 smb:3289 d:s ref:0 ;
in:3573 out:3573 type:P dur:2 cpbdur:2 q:39.07 aq:28.18 tex:3814 mv:3672 misc:1746 imb:536 pmb:189 smb:3595 d:s ref:0 ;
in:3574 out:3574 type:P dur:2 cpbdur:2 q:39.10 aq:31.17 tex:7793 mv:6186 misc:2061 imb:1003 pmb:373 smb:2944 d:s ref:0 ;
in:3575 out:3575 type:P dur:2 cpbdur:2 q:39.13 aq:30.38 tex:7351 mv:6520 misc:2313 imb:673 pmb:358 smb:3289 d:s ref:0 ;
in:3576 out:3576 type:P dur:2 cpbdur:2 q:39.19 aq:32.18 tex:9596 mv:6519 misc:2205 imb:580 pmb:391 smb:3349 d:s ref:0 ;
in:3577 out:3577 type:P dur:2 cpbdur:2 q:39.24 aq:32.12 tex:16358 mv:8078 misc:2188 imb:752 pmb:463 smb:3105 d:s ref:0 ;
in:3578 out:3578 type:P dur:2 cpbdur:2 q:39.30 aq:32.90 tex:12641 mv:6684 misc:2171 imb:689 pmb:466 smb:3165 d:s ref:0 ;
in:3579 out:3579 type:P dur:2 cpbdur:2 q:39.35 aq:32.22 tex:18618 mv:7571 misc:2315 imb:657 pmb:601 smb:3062 d:s ref:0 ;
in:3580 out:3580 type:P dur:2 cpbdur:2 q:39.38 aq:33.11 tex:16906 mv:6256 misc:2206 imb:394 pmb:589 smb:3337 d:s ref:0 ;
in:3581 out:3581 type:P dur:2 cpbdur:2 q:39.40 aq:32.36 tex:19083 mv:5965 misc:2136 imb:462 pmb:604 smb:3254 d:s ref:0 ;
in:3582 out:3582 type:P dur:2 cpbdur:2 q:39.42 aq:30.54 tex:33645 mv:10538 misc:1977 imb:1137 pmb:689 smb:2494 d:s ref:0 ;
in:3583 out:3583 type:P dur:2 cpbdur:2 q:39.44 aq:28.95 tex:50639 mv:11100 misc:1677 imb:1074 pmb:843 smb:2403 d:s ref:0 ;
in:3584 out:3584 type:P dur:2 cpbdur:2 q:39.46 aq:28.14 tex:34440 mv:7452 misc:2148 imb:612 pmb:923 smb:2785 d:s ref:0 ;
in:3585 out:3585 type:P dur:2 cpbdur:2 q:39.47 aq:29.06 tex:36333 mv:8638 misc:2117 imb:620 pmb:913 smb:2787 d:s ref:0 ;
in:3587 out:3586 type:P dur:2 cpbdur:2 q:39.47 aq:27.90 tex:51912 mv:9634 misc:1974 imb:1054 pmb:948 smb:2318 d:s ref:0 ;
in:3586 out:3587 type:b dur:2 cpbdur:2 q:39.47 aq:30.19 tex:621 mv:2788 misc:1407 imb:67 pmb:361 smb:3892 d:t ref:0 ;
in:3589 out:3588 type:P dur:2 cpbdur:2 q:39.49 aq:26.86 tex:46414 mv:8813 misc:2205 imb:691 pmb:923 smb:2706 d:s ref:0 ;
in:3588 out:3589 type:b dur:2 cpbdur:2 q:39.48 aq:31.54 tex:717 mv:2751 misc:1580 imb:46 pmb:393 smb:3881 d:t ref:0 ;
in:3593 out:3590 type:P dur:2 cpbdur:2 q:39.51 aq:29.92 tex:31308 mv:5041 misc:2147 imb:386 pmb:746 smb:3188 d:s ref:0 ;
in:3591 out:3591 type:B dur:2 cpbdur:2 q:39.50 aq:28.47 tex:1410 mv:2228 misc:1562 imb:136 pmb:342 smb:3842 d:s ref:0 ;
in:3590 out:3592 type:b dur:2 cpbdur:2 q:39.50 aq:32.70 tex:630 mv:1449 misc:905 imb:28 pmb:151 smb:4141 d:s ref:0 ;
in:3592 out:3593 type:b dur:2 cpbdur:2 q:39.50 aq:39.76 tex:827 mv:644 misc:433 imb:51 pmb:34 smb:4235 d:- ref:0 ;
in:3596 out:3594 type:P dur:2 cpbdur:2 q:39.47 aq:30.58 tex:17296 mv:3910 misc:2266 imb:257 pmb:724 smb:3339 d:s ref:0 ;
in:3594 out:3595 type:B dur:2 cpbdur:2 q:39.50 aq:38.03 tex:388 mv:183 misc:317 imb:4 pmb:14 smb:4302 d:s ref:0 ;
in:3595 out:3596 type:b dur:2 cpbdur:2 q:39.48 aq:32.96 tex:98 mv:185 misc:293 imb:1 pmb:11 smb:4308 d:- ref:0 ;
in:3597 out:3597 type:P dur:2 cpbdur:2 q:39.47 aq:31.58 tex:5402 mv:958 misc:1440 imb:30 pmb:218 smb:4072 d:s ref:0 ;
in:3598 out:3598 type:P dur:2 cpbdur:2 q:39.47 aq:32.99 tex:4377 mv:911 misc:1328 imb:20 pmb:202 smb:4098 d:s ref:0 ;
in:3600 out:3599 type:P dur:2 cpbdur:2 q:39.47 aq:29.06 tex:3890 mv:1307 misc:1347 imb:148 pmb:169 smb:4003 d:s ref:0 ;
in:3599 out:3600 type:b dur:2 cpbdur:2 q:39.47 aq:41.27 tex:45 mv:81 misc:274 imb:1 pmb:7 smb:4312 d:t ref:0 ;
in:3604 out:3601 type:P dur:2 cpbdur:2 q:39.55 aq:35.59 tex:1045 mv:234 misc:577 imb:6 pmb:51 smb:4263 d:s ref:0 ;
in:3602 out:3602 type:B dur:2 cpbdur:2 q:39.51 aq:42.16 tex:33 mv:77 misc:282 imb:0 pmb:5 smb:4315 d:s ref:0 ;
in:3601 out:3603 type:b dur:2 cpbdur:2 q:39.49 aq:39.00 tex:1 mv:48 misc:271 imb:0 pmb:5 smb:4315 d:t ref:0 ;
in:3603 out:3604 type:b dur:2 cpbdur:2 q:39.53 aq:39.00 tex:1 mv:31 misc:264 imb:0 pmb:2 smb:4318 d:- ref:0 ;
in:3608 out:3605 type:P dur:2 cpbdur:2 q:39.64 aq:30.67 tex:5598 mv:819 misc:399 imb:124 pmb:20 smb:4176 d:s ref:0 ;
in:3606 out:3606 type:B dur:2 cpbdur:2 q:39.60 aq:42.55 tex:131 mv:173 misc:368 imb:0 pmb:39 smb:4281 d:s ref:0 ;
in:3605 out:3607 type:b dur:2 cpbdur:2 q:39.57 aq:37.41 tex:21 mv:194 misc:353 imb:4 pmb:33 smb:4283 d:s ref:0 ;
in:3607 out:3608 type:b dur:2 cpbdur:2 q:39.62 aq:43.54 tex:37 mv:29 misc:262 imb:0 pmb:3 smb:4317 d:- ref:0 ;
in:3612 out:3609 type:P dur:2 cpbdur:2 q:39.70 aq:31.96 tex:5600 mv:814 misc:474 imb:128 pmb:21 smb:4171 d:s ref:0 ;
in:3610 out:3610 type:B dur:2 cpbdur:2 q:39.67 aq:43.97 tex:39 mv:73 misc:360 imb:0 pmb:42 smb:4278 d:s ref:0 ;
in:3609 out:3611 type:b dur:2 cpbdur:2 q:39.66 aq:39.00 tex:0 mv:0 misc:256 imb:0 pmb:0 smb:4320 d:s ref:0 ;
in:3611 out:3612 type:b dur:2 cpbdur:2 q:39.69 aq:29.18 tex:949 mv:761 misc:386 imb:44 pmb:41 smb:4235 d:- ref:0 ;
in:3614 out:3613 type:P dur:2 cpbdur:2 q:39.67 aq:35.31 tex:1209 mv:195 misc:420 imb:14 pmb:18 smb:4288 d:s ref:0 ;
in:3613 out:3614 type:b dur:2 cpbdur:2 q:39.68 aq:41.19 tex:136 mv:152 misc:280 imb:0 pmb:12 smb:4308 d:t ref:0 ;
in:3615 out:3615 type:P dur:2 cpbdur:2 q:39.64 aq:32.26 tex:808 mv:207 misc:409 imb:9 pmb:18 smb:4293 d:s ref:0 ;
in:3617 out:3616 type:P dur:2 cpbdur:2 q:39.63 aq:35.52 tex:582 mv:207 misc:363 imb:3 pmb:15 smb:4302 d:s ref:0 ;
in:3616 out:3617 type:b dur:2 cpbdur:2 q:39.64 aq:42.60 tex:165 mv:85 misc:286 imb:1 pmb:8 smb:4311 d:t ref:0 ;
in:3620 out:3618 type:P dur:2 cpbdur:2 q:39.61 aq:32.33 tex:1321 mv:291 misc:436 imb:11 pmb:27 smb:4282 d:s ref:0 ;
in:3618 out:3619 type:B dur:2 cpbdur:2 q:39.63 aq:38.00 tex:3 mv:134 misc:287 imb:0 pmb:10 smb:4310 d:s ref:0 ;
in:3619 out:3620 type:b dur:2 cpbdur:2 q:39.62 aq:39.00 tex:5 mv:125 misc:270 imb:0 pmb:7 smb:4313 d:- ref:0 ;
in:3624 out:3621 type:P dur:2 cpbdur:2 q:39.57 aq:33.81 tex:4849 mv:679 misc:352 imb:89 pmb:12 smb:4219 d:s ref:0 ;
in:3622 out:3622 type:B dur:2 cpbdur:2 q:39.59 aq:41.28 tex:269 mv:162 misc:345 imb:1 pmb:33 smb:4286 d:s ref:0 ;
in:3621 out:3623 type:b dur:2 cpbdur:2 q:39.60 aq:42.09 tex:144 mv:191 misc:337 imb:2 pmb:35 smb:4283 d:s ref:0 ;
in:3623 out:3624 type:b dur:2 cpbdur:2 q:39.58 aq:40.59 tex:74 mv:48 misc:270 imb:0 pmb:6 smb:4314 d:- ref:0 ;
in:3628 out:3625 type:P dur:2 cpbdur:2 q:39.53 aq:22.83 tex:588 mv:327 misc:485 imb:36 pmb:29 smb:4255 d:s ref:0 ;
in:3626 out:3626 type:B dur:2 cpbdur:2 q:39.55 aq:37.00 tex:2 mv:46 misc:280 imb:0 pmb:5 smb:4315 d:t ref:0 ;
in:3625 out:3627 type:b dur:2 cpbdur:2 q:39.56 aq:39.00 tex:0 mv:16 misc:264 imb:0 pmb:2 smb:4318 d:s ref:0 ;
in:3627 out:3628 type:b dur:2 cpbdur:2 q:39.54 aq:39.00 tex:0 mv:0 misc:256 imb:0 pmb:0 smb:4320 d:- ref:0 ;
in:3632 out:3629 type:P dur:2 cpbdur:2 q:39.48 aq:38.03 tex:351 mv:91 misc:286 imb:1 pmb:7 smb:4312 d:s ref:0 ;
in:3630 out:3630 type:B dur:2 cpbdur:2 q:39.50 aq:43.14 tex:36 mv:53 misc:279 imb:0 pmb:4 smb:4316 d:s ref:0 ;
in:3629 out:3631 type:b dur:2 cpbdur:2 q:39.52 aq:39.00 tex:1 mv:3 misc:260 imb:0 pmb:1 smb:4319 d:s ref:0 ;
in:3631 out:3632 type:b dur:2 cpbdur:2 q:39.49 aq:43.10 tex:44 mv:73 misc:267 imb:1 pmb:3 smb:4316 d:- ref:0 ;
in:3636 out:3633 type:P dur:2 cpbdur:2 q:39.44 aq:23.58 tex:12826 mv:1304 misc:510 imb:716 pmb:28 smb:3576 d:s ref:0 ;
in:3634 out:3634 type:B dur:2 cpbdur:2 q:39.46 aq:28.51 tex:80 mv:356 misc:660 imb:13 pmb:128 smb:4179 d:s ref:0 ;
in:3633 out:3635 type:b dur:2 cpbdur:2 q:39.47 aq:29.71 tex:114 mv:570 misc:868 imb:25 pmb:176 smb:4119 d:s ref:0 ;
in:3635 out:3636 type:b dur:2 cpbdur:2 q:39.45 aq:39.00 tex:1 mv:3 misc:260 imb:0 pmb:1 smb:4319 d:- ref:0 ;
in:3640 out:3637 type:P dur:2 cpbdur:2 q:39.42 aq:32.78 tex:634 mv:96 misc:374 imb:0 pmb:17 smb:4303 d:s ref:0 ;
in:3638 out:3638 type:B dur:2 cpbdur:2 q:39.43 aq:37.00 tex:0 mv:24 misc:280 imb:0 pmb:3 smb:4317 d:s ref:0 ;
in:3637 out:3639 type:b dur:2 cpbdur:2 q:39.44 aq:43.10 tex:48 mv:38 misc:266 imb:0 pmb:2 smb:4318 d:s ref:0 ;
in:3639 out:3640 type:b dur:2 cpbdur:2 q:39.42 aq:39.00 tex:0 mv:0 misc:256 imb:0 pmb:0 smb:4320 d:- ref:0 ;
in:3644 out:3641 type:P dur:2 cpbdur:2 q:39.37 aq:28.70 tex:3089 mv:436 misc:451 imb:37 pmb:44 smb:4239 d:s ref:0 ;
in:3642 out:3642 type:B dur:2 cpbdur:2 q:39.39 aq:27.92 tex:93 mv:164 misc:351 imb:2 pmb:32 smb:4286 d:s ref:0 ;
in:3641 out:3643 type:b dur:2 cpbdur:2 q:39.40 aq:39.00 tex:2 mv:24 misc:270 imb:0 pmb:5 smb:4315 d:s ref:0 ;
in:3643 out:3644 type:b dur:2 cpbdur:2 q:39.38 aq:29.20 tex:178 mv:314 misc:348 imb:6 pmb:31 smb:4283 d:- ref:0 ;
in:3648 out:3645 type:P dur:2 cpbdur:2 q:39.32 aq:33.12 tex:2683 mv:429 misc:384 imb:37 pmb:36 smb:4247 d:s ref:0 ;
in:3646 out:3646 type:B dur:2 cpbdur:2 q:39.34 aq:42.28 tex:478 mv:252 misc:350 imb:2 pmb:20 smb:4298 d:s ref:0 ;
in:3645 out:3647 type:b dur:2 cpbdur:2 q:39.36 aq:42.98 tex:30 mv:156 misc:270 imb:0 pmb:8 smb:4312 d:t ref:0 ;
in:3647 out:3648 type:b dur:2 cpbdur:2 q:39.33 aq:41.03 tex:212 mv:180 misc:296 imb:2 pmb:14 smb:4304 d:- ref:0 ;
in:3650 out:3649 type:P dur:2 cpbdur:2 q:39.28 aq:30.01 tex:908 mv:240 misc:476 imb:4 pmb:31 smb:4285 d:s ref:0 ;
in:3649 out:3650 type:b dur:2 cpbdur:2 q:39.30 aq:34.52 tex:53 mv:80 misc:275 imb:1 pmb:7 smb:4312 d:t ref:0 ;
in:3652 out:3651 type:P dur:2 cpbdur:2 q:39.27 aq:30.07 tex:849 mv:168 misc:463 imb:3 pmb:32 smb:4285 d:s ref:0 ;
in:3651 out:3652 type:b dur:2 cpbdur:2 q:39.27 aq:39.68 tex:63 mv:74 misc:287 imb:0 pmb:7 smb:4313 d:s ref:0 ;
in:3653 out:3653 type:P dur:2 cpbdur:2 q:39.24 aq:30.69 tex:2883 mv:471 misc:542 imb:40 pmb:59 smb:4221 d:s ref:0 ;
in:3655 out:3654 type:P dur:2 cpbdur:2 q:39.23 aq:29.43 tex:369 mv:182 misc:369 imb:6 pmb:16 smb:4298 d:s ref:0 ;
in:3654 out:3655 type:b dur:2 cpbdur:2 q:39.23 aq:41.65 tex:60 mv:93 misc:271 imb:0 pmb:8 smb:4312 d:s ref:0 ;
in:3658 out:3656 type:P dur:2 cpbdur:2 q:39.20 aq:22.98 tex:3274 mv:397 misc:329 imb:46 pmb:21 smb:4253 d:s ref:0 ;
in:3656 out:3657 type:B dur:2 cpbdur:2 q:39.22 aq:28.78 tex:191 mv:303 misc:354 imb:9 pmb:25 smb:4286 d:s ref:0 ;
in:3657 out:3658 type:b dur:2 cpbdur:2 q:39.21 aq:39.00 tex:2 mv:115 misc:275 imb:0 pmb:10 smb:4310 d:- ref:0 ;
in:3662 out:3659 type:P dur:2 cpbdur:2 q:39.18 aq:26.10 tex:1604 mv:223 misc:397 imb:16 pmb:17 smb:4287 d:s ref:0 ;
in:3660 out:3660 type:B dur:2 cpbdur:2 q:39.19 aq:38.60 tex:232 mv:121 misc:303 imb:1 pmb:13 smb:4306 d:s ref:0 ;
in:3659 out:3661 type:b dur:2 cpbdur:2 q:39.20 aq:39.00 tex:1 mv:169 misc:278 imb:0 pmb:11 smb:4309 d:s ref:0 ;
in:3661 out:3662 type:b dur:2 cpbdur:2 q:39.18 aq:41.65 tex:38 mv:133 misc:269 imb:1 pmb:8 smb:4311 d:- ref:0 ;
in:3664 out:3663 type:P dur:2 cpbdur:2 q:39.13 aq:35.22 tex:1124 mv:168 misc:396 imb:1 pmb:27 smb:4292 d:s ref:0 ;
in:3663 out:3664 type:b dur:2 cpbdur:2 q:39.15 aq:42.97 tex:63 mv:101 misc:276 imb:0 pmb:9 smb:4311 d:t ref:0 ;
in:3667 out:3665 type:P dur:2 cpbdur:2 q:39.10 aq:28.86 tex:538 mv:171 misc:347 imb:2 pmb:17 smb:4301 d:s ref:0 ;
in:3665 out:3666 type:B dur:2 cpbdur:2 q:39.12 aq:39.82 tex:102 mv:79 misc:291 imb:1 pmb:8 smb:4311 d:s ref:0 ;
in:3666 out:3667 type:b dur:2 cpbdur:2 q:39.11 aq:42.54 tex:64 mv:77 misc:275 imb:1 pmb:6 smb:4313 d:- ref:0 ;
in:3671 out:3668 type:P dur:2 cpbdur:2 q:39.07 aq:34.67 tex:256 mv:67 misc:325 imb:1 pmb:10 smb:4309 d:s ref:0 ;
in:3669 out:3669 type:B dur:2 cpbdur:2 q:39.09 aq:39.15 tex:107 mv:93 misc:288 imb:0 pmb:10 smb:4310 d:s ref:0 ;
in:3668 out:3670 type:b dur:2 cpbdur:2 q:39.09 aq:38.00 tex:0 mv:20 misc:260 imb:0 pmb:2 smb:4318 d:s ref:0 ;
in:3670 out:3671 type:b dur:2 cpbdur:2 q:39.08 aq:38.00 tex:3 mv:35 misc:282 imb:0 pmb:9 smb:4311 d:- ref:0 ;
in:3675 out:3672 type:P dur:2 cpbdur:2 q:39.03 aq:28.48 tex:1482 mv:233 misc:445 imb:13 pmb:22 smb:4285 d:s ref:0 ;
in:3673 out:3673 type:B dur:2 cpbdur:2 q:39.05 aq:39.04 tex:31 mv:134 misc:299 imb:1 pmb:13 smb:4306 d:t ref:0 ;
in:3672 out:3674 type:b dur:2 cpbdur:2 q:39.06 aq:40.87 tex:42 mv:95 misc:271 imb:0 pmb:10 smb:4310 d:s ref:0 ;
in:3674 out:3675 type:b dur:2 cpbdur:2 q:39.04 aq:42.77 tex:33 mv:122 misc:277 imb:0 pmb:9 smb:4311 d:- ref:0 ;
in:3679 out:3676 type:P dur:2 cpbdur:2 q:38.99 aq:26.42 tex:4507 mv:400 misc:373 imb:39 pmb:32 smb:4249 d:s ref:0 ;
in:3677 out:3677 type:B dur:2 cpbdur:2 q:39.01 aq:35.71 tex:147 mv:225 misc:324 imb:4 pmb:17 smb:4299 d:s ref:0 ;
in:3676 out:3678 type:b dur:2 cpbdur:2 q:39.02 aq:40.05 tex:132 mv:140 misc:296 imb:1 pmb:14 smb:4305 d:s ref:0 ;
in:3678 out:3679 type:b dur:2 cpbdur:2 q:39.00 aq:39.36 tex:33 mv:87 misc:272 imb:0 pmb:9 smb:4311 d:- ref:0 ;
in:3681 out:3680 type:P dur:2 cpbdur:2 q:38.95 aq:35.84 tex:706 mv:176 misc:398 imb:3 pmb:19 smb:4298 d:s ref:0 ;
in:3680 out:3681 type:b dur:2 cpbdur:2 q:38.97 aq:38.00 tex:1 mv:67 misc:276 imb:0 pmb:7 smb:4313 d:t ref:0 ;
in:3683 out:3682 type:P dur:2 cpbdur:2 q:38.92 aq:30.26 tex:1207 mv:251 misc:470 imb:12 pmb:33 smb:4275 d:s ref:0 ;
in:3682 out:3683 type:b dur:2 cpbdur:2 q:38.93 aq:38.00 tex:3 mv:113 misc:276 imb:0 pmb:10 smb:4310 d:t ref:0 ;
in:3687 out:3684 type:P dur:2 cpbdur:2 q:38.90 aq:34.88 tex:709 mv:145 misc:290 imb:1 pmb:11 smb:4308 d:s ref:0 ;
in:3685 out:3685 type:B dur:2 cpbdur:2 q:38.91 aq:38.73 tex:43 mv:83 misc:290 imb:0 pmb:10 smb:4310 d:t ref:0 ;
in:3684 out:3686 type:b dur:2 cpbdur:2 q:38.92 aq:41.41 tex:58 mv:99 misc:275 imb:0 pmb:8 smb:4312 d:s ref:0 ;
in:3686 out:3687 type:b dur:2 cpbdur:2 q:38.91 aq:38.00 tex:0 mv:0 misc:256 imb:0 pmb:0 smb:4320 d:- ref:0 ;
in:3691 out:3688 type:P dur:2 cpbdur:2 q:38.85 aq:23.04 tex:1203 mv:365 misc:384 imb:45 pmb:12 smb:4263 d:s ref:0 ;
in:3689 out:3689 type:B dur:2 cpbdur:2 q:38.87 aq:36.00 tex:7 mv:144 misc:361 imb:0 pmb:36 smb:4284 d:s ref:0 ;
in:3688 out:3690 type:b dur:2 cpbdur:2 q:38.89 aq:38.00 tex:0 mv:0 misc:256 imb:0 pmb:0 smb:4320 d:s ref:0 ;
in:3690 out:3691 type:b dur:2 cpbdur:2 q:38.86 aq:40.58 tex:40 mv:76 misc:308 imb:0 pmb:14 smb:4306 d:- ref:0 ;
in:3695 out:3692 type:P dur:2 cpbdur:2 q:38.80 aq:27.10 tex:328 mv:109 misc:307 imb:3 pmb:8 smb:4309 d:s ref:0 ;
in:3693 out:3693 type:B dur:2 cpbdur:2 q:38.82 aq:36.00 tex:0 mv:10 misc:286 imb:0 pmb:4 smb:4316 d:s ref:0 ;
in:3692 out:3694 type:b dur:2 cpbdur:2 q:38.84 aq:38.00 tex:1 mv:16 misc:263 imb:0 pmb:1 smb:4319 d:s ref:0 ;
in:3694 out:3695 type:b dur:2 cpbdur:2 q:38.81 aq:38.00 tex:0 mv:0 misc:256 imb:0 pmb:0 smb:4320 d:- ref:0 ;
in:3699 out:3696 type:P dur:2 cpbdur:2 q:38.76 aq:30.00 tex:3 mv:17 misc:284 imb:1 pmb:1 smb:4318 d:s ref:0 ;
in:3697 out:3697 type:B dur:2 cpbdur:2 q:38.78 aq:36.00 tex:0 mv:0 misc:272 imb:0 pmb:0 smb:4320 d:s ref:0 ;
in:3696 out:3698 type:b dur:2 cpbdur:2 q:38.79 aq:38.00 tex:1 mv:22 misc:265 imb:0 pmb:2 smb:4318 d:s ref:0 ;
in:3698 out:3699 type:b dur:2 cpbdur:2 q:38.77 aq:38.00 tex:0 mv:0 misc:256 imb:0 pmb:0 smb:4320 d:- ref:0 ;
in:3703 out:3700 type:P dur:2 cpbdur:2 q:38.71 aq:35.99 tex:336 mv:76 misc:284 imb:0 pmb:7 smb:4313 d:s ref:0 ;
in:3701 out:3701 type:B dur:2 cpbdur:2 q:38.73 aq:36.00 tex:1 mv:50 misc:285 imb:0 pmb:5 smb:4315 d:s ref:0 ;
in:3700 out:3702 type:b dur:2 cpbdur:2 q:38.75 aq:38.00 tex:1 mv:3 misc:260 imb:0 pmb:1 smb:4319 d:s ref:0 ;
in:3702 out:3703 type:b dur:2 cpbdur:2 q:38.72 aq:39.36 tex:25 mv:61 misc:274 imb:0 pmb:6 smb:4314 d:- ref:0 ;
in:3707 out:3704 type:P dur:2 cpbdur:2 q:38.66 aq:33.41 tex:37 mv:31 misc:284 imb:0 pmb:5 smb:4315 d:s ref:0 ;
in:3705 out:3705 type:B dur:2 cpbdur:2 q:38.69 aq:36.00 tex:0 mv:0 misc:272 imb:0 pmb:0 smb:4320 d:s ref:0 ;
in:3704 out:3706 type:b dur:2 cpbdur:2 q:38.70 aq:38.00 tex:0 mv:0 misc:256 imb:0 pmb:0 smb:4320 d:s ref:0 ;
in:3706 out:3707 type:b dur:2 cpbdur:2 q:38.67 aq:38.00 tex:0 mv:0 misc:256 imb:0 pmb:0 smb:4320 d:- ref:0 ;
in:3711 out:3708 type:P dur:2 cpbdur:2 q:38.63 aq:31.00 tex:0 mv:0 misc:264 imb:0 pmb:0 smb:4320 d:s ref:0 ;
in:3709 out:3709 type:B dur:2 cpbdur:2 q:38.64 aq:36.00 tex:0 mv:0 misc:272 imb:0 pmb:0 smb:4320 d:s ref:0 ;
in:3708 out:3710 type:b dur:2 cpbdur:2 q:38.65 aq:38.00 tex:0 mv:0 misc:256 imb:0 pmb:0 smb:4320 d:s ref:0 ;
in:3710 out:3711 type:b dur:2 cpbdur:2 q:38.63 aq:38.00 tex:0 mv:0 misc:256 imb:0 pmb:0 smb:4320 d:- ref:0 ;
in:3715 out:3712 type:P dur:2 cpbdur:2 q:38.58 aq:36.49 tex:1033 mv:158 misc:329 imb:17 pmb:7 smb:4296 d:s ref:0 ;
in:3713 out:3713 type:B dur:2 cpbdur:2 q:38.60 aq:40.62 tex:169 mv:186 misc:317 imb:2 pmb:19 smb:4299 d:s ref:0 ;
in:3712 out:3714 type:b dur:2 cpbdur:2 q:38.62 aq:42.68 tex:59 mv:78 misc:279 imb:0 pmb:10 smb:4310 d:t ref:0 ;
in:3714 out:3715 type:b dur:2 cpbdur:2 q:38.59 aq:30.89 tex:468 mv:118 misc:310 imb:6 pmb:15 smb:4299 d:- ref:0 ;
in:3716 out:3716 type:P dur:2 cpbdur:2 q:38.54 aq:33.03 tex:549 mv:134 misc:341 imb:23 pmb:3 smb:4294 d:s ref:0 ;
in:3717 out:3717 type:P dur:2 cpbdur:2 q:38.52 aq:34.41 tex:477 mv:118 misc:309 imb:23 pmb:2 smb:4295 d:s ref:0 ;
in:3718 out:3718 type:P dur:2 cpbdur:2 q:38.51 aq:32.51 tex:673 mv:169 misc:366 imb:28 pmb:4 smb:4288 d:s ref:0 ;
in:3719 out:3719 type:P dur:2 cpbdur:2 q:38.50 aq:29.28 tex:685 mv:222 misc:389 imb:33 pmb:7 smb:4280 d:s ref:0 ;
in:3723 out:3720 type:P dur:2 cpbdur:2 q:38.49 aq:29.52 tex:101 mv:107 misc:320 imb:14 pmb:3 smb:4303 d:s ref:0 ;
in:3721 out:3721 type:B dur:2 cpbdur:2 q:38.50 aq:34.52 tex:31 mv:71 misc:298 imb:5 pmb:6 smb:4309 d:s ref:0 ;
in:3720 out:3722 type:b dur:2 cpbdur:2 q:38.50 aq:36.62 tex:82 mv:73 misc:285 imb:4 pmb:8 smb:4308 d:s ref:0 ;
in:3722 out:3723 type:b dur:2 cpbdur:2 q:38.49 aq:38.00 tex:0 mv:0 misc:256 imb:0 pmb:0 smb:4320 d:- ref:0 ;
in:3725 out:3724 type:P dur:2 cpbdur:2 q:38.43 aq:34.99 tex:9804 mv:2838 misc:1390 imb:312 pmb:237 smb:3771 d:s ref:0 ;
in:3724 out:3725 type:b dur:2 cpbdur:2 q:38.46 aq:27.87 tex:60 mv:516 misc:744 imb:36 pmb:144 smb:4140 d:s ref:0 ;
in:3726 out:3726 type:I dur:2 cpbdur:2 q:35.76 aq:23.59 tex:41942 mv:19348 misc:526 imb:4320 pmb:0 smb:0 d:s ref:;
in:3727 out:3727 type:P dur:2 cpbdur:2 q:38.48 aq:30.38 tex:37779 mv:6938 misc:1011 imb:1523 pmb:119 smb:2678 d:s ref:0 ;
in:3728 out:3728 type:P dur:2 cpbdur:2 q:38.47 aq:28.81 tex:36861 mv:6817 misc:994 imb:1813 pmb:116 smb:2391 d:s ref:0 ;
in:3729 out:3729 type:P dur:2 cpbdur:2 q:38.47 aq:29.82 tex:37319 mv:6524 misc:893 imb:1621 pmb:119 smb:2580 d:s ref:0 ;
in:3730 out:3730 type:P dur:2 cpbdur:2 q:38.47 aq:29.64 tex:38396 mv:5495 misc:973 imb:1120 pmb:102 smb:3098 d:s ref:0 ;
in:3731 out:3731 type:P dur:2 cpbdur:2 q:38.47 aq:29.17 tex:41602 mv:5636 misc:962 imb:999 pmb:139 smb:3182 d:s ref:0 ;
in:3732 out:3732 type:P dur:2 cpbdur:2 q:38.46 aq:28.53 tex:34215 mv:5527 misc:994 imb:515 pmb:343 smb:3462 d:s ref:0 ;
in:3733 out:3733 type:P dur:2 cpbdur:2 q:38.46 aq:31.98 tex:14556 mv:4193 misc:1051 imb:221 pmb:479 smb:3620 d:s ref:0 ;
in:3734 out:3734 type:P dur:2 cpbdur:2 q:38.46 aq:29.88 tex:17396 mv:4664 misc:1100 imb:275 pmb:504 smb:3541 d:s ref:0 ;
in:3735 out:3735 type:P dur:2 cpbdur:2 q:38.46 aq:29.20 tex:18566 mv:4734 misc:1252 imb:334 pmb:546 smb:3440 d:s ref:0 ;
in:3736 out:3736 type:P dur:2 cpbdur:2 q:38.46 aq:29.25 tex:20135 mv:4777 misc:1176 imb:367 pmb:553 smb:3400 d:s ref:0 ;
in:3737 out:3737 type:P dur:2 cpbdur:2 q:38.45 aq:29.87 tex:23057 mv:4456 misc:1311 imb:324 pmb:555 smb:3441 d:s ref:0 ;
in:3739 out:3738 type:P dur:2 cpbdur:2 q:38.45 aq:28.59 tex:27294 mv:4706 misc:1280 imb:386 pmb:494 smb:3440 d:s ref:0 ;
in:3738 out:3739 type:b dur:2 cpbdur:2 q:38.45 aq:31.45 tex:392 mv:2171 misc:949 imb:139 pmb:180 smb:4001 d:s ref:0 ;
in:3742 out:3740 type:P dur:2 cpbdur:2 q:38.45 aq:27.43 tex:24980 mv:4793 misc:1371 imb:450 pmb:544 smb:3326 d:s ref:0 ;
in:3740 out:3741 type:B dur:2 cpbdur:2 q:38.45 aq:23.34 tex:253 mv:1875 misc:824 imb:72 pmb:154 smb:4094 d:s ref:0 ;
in:3741 out:3742 type:b dur:2 cpbdur:2 q:38.45 aq:38.00 tex:72 mv:1480 misc:896 imb:22 pmb:198 smb:4100 d:- ref:0 ;
in:3746 out:3743 type:P dur:2 cpbdur:2 q:38.43 aq:30.09 tex:13098 mv:3390 misc:1384 imb:279 pmb:469 smb:3572 d:s ref:0 ;
in:3744 out:3744 type:B dur:2 cpbdur:2 q:38.44 aq:30.42 tex:211 mv:1254 misc:1039 imb:11 pmb:254 smb:4055 d:t ref:0 ;
in:3743 out:3745 type:b dur:2 cpbdur:2 q:38.44 aq:35.08 tex:55 mv:850 misc:671 imb:12 pmb:112 smb:4196 d:s ref:0 ;
in:3745 out:3746 type:b dur:2 cpbdur:2 q:38.44 aq:38.00 tex:2 mv:14 misc:272 imb:0 pmb:3 smb:4317 d:- ref:0 ;
in:3749 out:3747 type:P dur:2 cpbdur:2 q:38.57 aq:31.78 tex:6124 mv:1813 misc:1439 imb:49 pmb:405 smb:3866 d:s ref:0 ;
in:3747 out:3748 type:B dur:2 cpbdur:2 q:38.48 aq:37.00 tex:3 mv:21 misc:280 imb:0 pmb:4 smb:4316 d:s ref:0 ;
in:3748 out:3749 type:b dur:2 cpbdur:2 q:38.52 aq:38.00 tex:0 mv:0 misc:256 imb:0 pmb:0 smb:4320 d:- ref:0 ;
in:3750 out:3750 type:P dur:2 cpbdur:2 q:38.73 aq:30.68 tex:3287 mv:971 misc:1230 imb:81 pmb:192 smb:4047 d:s ref:0 ;
in:3754 out:3751 type:P dur:2 cpbdur:2 q:38.76 aq:32.38 tex:1383 mv:595 misc:750 imb:56 pmb:67 smb:4197 d:s ref:0 ;
in:3752 out:3752 type:B dur:2 cpbdur:2 q:38.74 aq:36.00 tex:2 mv:22 misc:280 imb:0 pmb:3 smb:4317 d:s ref:0 ;
in:3751 out:3753 type:b dur:2 cpbdur:2 q:38.73 aq:38.00 tex:0 mv:0 misc:256 imb:0 pmb:0 smb:4320 d:s ref:0 ;
in:3753 out:3754 type:b dur:2 cpbdur:2 q:38.75 aq:38.35 tex:42 mv:29 misc:265 imb:0 pmb:3 smb:4317 d:- ref:0 ;
in:3758 out:3755 type:P dur:2 cpbdur:2 q:38.83 aq:31.90 tex:368 mv:123 misc:365 imb:4 pmb:12 smb:4304 d:s ref:0 ;
in:3756 out:3756 type:B dur:2 cpbdur:2 q:38.80 aq:36.28 tex:34 mv:30 misc:280 imb:0 pmb:4 smb:4316 d:s ref:0 ;
in:3755 out:3757 type:b dur:2 cpbdur:2 q:38.78 aq:38.00 tex:0 mv:30 misc:258 imb:0 pmb:1 smb:4319 d:s ref:0 ;
in:3757 out:3758 type:b dur:2 cpbdur:2 q:38.81 aq:38.00 tex:1 mv:24 misc:263 imb:0 pmb:2 smb:4318 d:- ref:0 ;
in:3762 out:3759 type:P dur:2 cpbdur:2 q:38.85 aq:31.35 tex:258 mv:51 misc:299 imb:2 pmb:3 smb:4315 d:s ref:0 ;
in:3760 out:3760 type:B dur:2 cpbdur:2 q:38.84 aq:36.42 tex:71 mv:19 misc:278 imb:0 pmb:2 smb:4318 d:s ref:0 ;
in:3759 out:3761 type:b dur:2 cpbdur:2 q:38.83 aq:38.42 tex:42 mv:40 misc:262 imb:0 pmb:2 smb:4318 d:t ref:0 ;
in:3761 out:3762 type:b dur:2 cpbdur:2 q:38.85 aq:38.00 tex:0 mv:0 misc:256 imb:0 pmb:0 smb:4320 d:- ref:0 ;
in:3766 out:3763 type:P dur:2 cpbdur:2 q:38.83 aq:31.21 tex:104 mv:31 misc:297 imb:2 pmb:2 smb:4316 d:s ref:0 ;
in:3764 out:3764 type:B dur:2 cpbdur:2 q:38.84 aq:36.00 tex:0 mv:0 misc:272 imb:0 pmb:0 smb:4320 d:s ref:0 ;
in:3763 out:3765 type:b dur:2 cpbdur:2 q:38.85 aq:38.00 tex:0 mv:0 misc:256 imb:0 pmb:0 smb:4320 d:s ref:0 ;
in:3765 out:3766 type:b dur:2 cpbdur:2 q:38.83 aq:38.00 tex:0 mv:0 misc:256 imb:0 pmb:0 smb:4320 d:- ref:0 ;
in:3770 out:3767 type:P dur:2 cpbdur:2 q:38.75 aq:17.13 tex:34 mv:20 misc:282 imb:2 pmb:0 smb:4318 d:s ref:0 ;
in:3768 out:3768 type:B dur:2 cpbdur:2 q:38.79 aq:36.00 tex:0 mv:0 misc:272 imb:0 pmb:0 smb:4320 d:s ref:0 ;
in:3767 out:3769 type:b dur:2 cpbdur:2 q:38.81 aq:38.00 tex:0 mv:0 misc:256 imb:0 pmb:0 smb:4320 d:s ref:0 ;
in:3769 out:3770 type:b dur:2 cpbdur:2 q:38.77 aq:38.00 tex:0 mv:0 misc:256 imb:0 pmb:0 smb:4320 d:- ref:0 ;
in:3774 out:3771 type:P dur:2 cpbdur:2 q:38.67 aq:22.94 tex:148 mv:24 misc:300 imb:2 pmb:2 smb:4316 d:s ref:0 ;
in:3772 out:3772 type:B dur:2 cpbdur:2 q:38.71 aq:36.00 tex:0 mv:0 misc:272 imb:0 pmb:0 smb:4320 d:s ref:0 ;
in:3771 out:3773 type:b dur:2 cpbdur:2 q:38.73 aq:38.00 tex:0 mv:0 misc:256 imb:0 pmb:0 smb:4320 d:s ref:0 ;
in:3773 out:3774 type:b dur:2 cpbdur:2 q:38.69 aq:38.00 tex:0 mv:0 misc:256 imb:0 pmb:0 smb:4320 d:- ref:0 ;
in:3778 out:3775 type:P dur:2 cpbdur:2 q:38.61 aq:24.89 tex:246 mv:63 misc:339 imb:3 pmb:9 smb:4308 d:s ref:0 ;
in:3776 out:3776 type:B dur:2 cpbdur:2 q:38.64 aq:36.00 tex:0 mv:0 misc:272 imb:0 pmb:0 smb:4320 d:s ref:0 ;
in:3775 out:3777 type:b dur:2 cpbdur:2 q:38.65 aq:38.00 tex:0 mv:0 misc:256 imb:0 pmb:0 smb:4320 d:s ref:0 ;
in:3777 out:3778 type:b dur:2 cpbdur:2 q:38.62 aq:38.00 tex:1 mv:15 misc:256 imb:0 pmb:1 smb:4319 d:- ref:0 ;
in:3781 out:3779 type:P dur:2 cpbdur:2 q:38.55 aq:25.26 tex:4521 mv:3550 misc:1369 imb:551 pmb:224 smb:3545 d:s ref:0 ;
in:3779 out:3780 type:B dur:2 cpbdur:2 q:38.59 aq:36.35 tex:71 mv:299 misc:406 imb:10 pmb:46 smb:4264 d:s ref:0 ;
in:3780 out:3781 type:b dur:2 cpbdur:2 q:38.57 aq:38.28 tex:56 mv:105 misc:375 imb:0 pmb:54 smb:4266 d:- ref:0 ;
in:3782 out:3782 type:P dur:2 cpbdur:2 q:38.52 aq:28.48 tex:12836 mv:5036 misc:1720 imb:794 pmb:294 smb:3232 d:s ref:0 ;
in:3783 out:3783 type:P dur:2 cpbdur:2 q:38.53 aq:31.70 tex:11149 mv:6430 misc:1749 imb:939 pmb:372 smb:3009 d:s ref:0 ;
in:3784 out:3784 type:P dur:2 cpbdur:2 q:38.52 aq:34.43 tex:13104 mv:7277 misc:1595 imb:702 pmb:494 smb:3124 d:s ref:0 ;
in:3785 out:3785 type:P dur:2 cpbdur:2 q:38.52 aq:31.32 tex:13149 mv:8190 misc:2117 imb:924 pmb:518 smb:2878 d:s ref:0 ;
in:3786 out:3786 type:P dur:2 cpbdur:2 q:38.52 aq:31.14 tex:17208 mv:8965 misc:1979 imb:992 pmb:578 smb:2750 d:s ref:0 ;
in:3787 out:3787 type:P dur:2 cpbdur:2 q:38.52 aq:28.71 tex:14280 mv:8604 misc:2092 imb:742 pmb:641 smb:2937 d:s ref:0 ;
in:3788 out:3788 type:P dur:2 cpbdur:2 q:38.53 aq:32.09 tex:15967 mv:8640 misc:2193 imb:681 pmb:687 smb:2952 d:s ref:0 ;
in:3789 out:3789 type:P dur:2 cpbdur:2 q:38.53 aq:32.09 tex:14016 mv:7861 misc:2091 imb:448 pmb:741 smb:3131 d:s ref:0 ;
in:3790 out:3790 type:P dur:2 cpbdur:2 q:38.53 aq:32.61 tex:16431 mv:7628 misc:2085 imb:462 pmb:715 smb:3143 d:s ref:0 ;
in:3791 out:3791 type:P dur:2 cpbdur:2 q:38.53 aq:32.27 tex:17006 mv:7471 misc:2171 imb:535 pmb:724 smb:3061 d:s ref:0 ;
in:3792 out:3792 type:P dur:2 cpbdur:2 q:38.53 aq:28.10 tex:21562 mv:8342 misc:2128 imb:787 pmb:674 smb:2859 d:s ref:0 ;
in:3793 out:3793 type:P dur:2 cpbdur:2 q:38.53 aq:32.96 tex:26496 mv:7300 misc:2212 imb:538 pmb:725 smb:3057 d:s ref:0 ;
in:3795 out:3794 type:P dur:2 cpbdur:2 q:38.54 aq:28.48 tex:49194 mv:10143 misc:2135 imb:1011 pmb:764 smb:2545 d:s ref:0 ;
in:3794 out:3795 type:b dur:2 cpbdur:2 q:38.53 aq:39.71 tex:1925 mv:4915 misc:1592 imb:87 pmb:445 smb:3788 d:s ref:0 ;
in:3799 out:3796 type:P dur:2 cpbdur:2 q:38.54 aq:30.71 tex:57346 mv:9299 misc:2227 imb:665 pmb:832 smb:2823 d:s ref:0 ;
in:3797 out:3797 type:B dur:2 cpbdur:2 q:38.54 aq:34.94 tex:3379 mv:5214 misc:1743 imb:122 pmb:450 smb:3748 d:s ref:0 ;
in:3796 out:3798 type:b dur:2 cpbdur:2 q:38.54 aq:36.08 tex:1398 mv:4244 misc:1454 imb:131 pmb:363 smb:3826 d:s ref:0 ;
in:3798 out:3799 type:b dur:2 cpbdur:2 q:38.54 aq:41.87 tex:1390 mv:3044 misc:1246 imb:58 pmb:273 smb:3989 d:- ref:0 ;
in:3803 out:3800 type:P dur:2 cpbdur:2 q:38.55 aq:30.78 tex:43794 mv:7238 misc:2232 imb:523 pmb:778 smb:3019 d:s ref:0 ;
in:3801 out:3801 type:B dur:2 cpbdur:2 q:38.54 aq:35.76 tex:2541 mv:3487 misc:1476 imb:123 pmb:338 smb:3859 d:s ref:0 ;
in:3800 out:3802 type:b dur:2 cpbdur:2 q:38.54 aq:39.68 tex:1062 mv:1333 misc:997 imb:19 pmb:189 smb:4112 d:s ref:0 ;
in:3802 out:3803 type:b dur:2 cpbdur:2 q:38.55 aq:32.29 tex:444 mv:442 misc:514 imb:29 pmb:31 smb:4260 d:- ref:0 ;
in:3806 out:3804 type:P dur:2 cpbdur:2 q:38.62 aq:30.94 tex:30376 mv:4222 misc:2194 imb:184 pmb:716 smb:3420 d:s ref:0 ;
in:3804 out:3805 type:B dur:2 cpbdur:2 q:38.57 aq:40.49 tex:187 mv:88 misc:309 imb:5 pmb:5 smb:4310 d:s ref:0 ;
in:3805 out:3806 type:b dur:2 cpbdur:2 q:38.60 aq:36.00 tex:11 mv:90 misc:283 imb:5 pmb:2 smb:4313 d:- ref:0 ;
in:3810 out:3807 type:P dur:2 cpbdur:2 q:38.69 aq:32.41 tex:3384 mv:1302 misc:1186 imb:165 pmb:126 smb:4029 d:s ref:0 ;
in:3808 out:3808 type:B dur:2 cpbdur:2 q:38.65 aq:33.31 tex:56 mv:51 misc:293 imb:1 pmb:4 smb:4315 d:s ref:0 ;
in:3807 out:3809 type:b dur:2 cpbdur:2 q:38.64 aq:36.00 tex:0 mv:6 misc:258 imb:0 pmb:1 smb:4319 d:s ref:0 ;
in:3809 out:3810 type:b dur:2 cpbdur:2 q:38.67 aq:37.28 tex:77 mv:43 misc:264 imb:0 pmb:4 smb:4316 d:- ref:0 ;
in:3814 out:3811 type:P dur:2 cpbdur:2 q:38.76 aq:22.80 tex:1095 mv:200 misc:473 imb:18 pmb:24 smb:4278 d:s ref:0 ;
in:3812 out:3812 type:B dur:2 cpbdur:2 q:38.72 aq:35.18 tex:60 mv:37 misc:287 imb:1 pmb:4 smb:4315 d:s ref:0 ;
in:3811 out:3813 type:b dur:2 cpbdur:2 q:38.71 aq:37.35 tex:37 mv:26 misc:265 imb:0 pmb:3 smb:4317 d:s ref:0 ;
in:3813 out:3814 type:b dur:2 cpbdur:2 q:38.74 aq:37.35 tex:63 mv:30 misc:267 imb:0 pmb:4 smb:4316 d:- ref:0 ;
in:3818 out:3815 type:P dur:2 cpbdur:2 q:38.85 aq:24.32 tex:108968 mv:6379 misc:1229 imb:2280 pmb:186 smb:1854 d:s ref:0 ;
in:3816 out:3816 type:B dur:2 cpbdur:2 q:38.80 aq:26.73 tex:336 mv:1201 misc:1247 imb:53 pmb:312 smb:3955 d:s ref:0 ;
in:3815 out:3817 type:b dur:2 cpbdur:2 q:38.78 aq:37.35 tex:79 mv:23 misc:266 imb:0 pmb:4 smb:4316 d:s ref:0 ;
in:3817 out:3818 type:b dur:2 cpbdur:2 q:38.83 aq:35.17 tex:1508 mv:3253 misc:1887 imb:96 pmb:531 smb:3693 d:- ref:0 ;
in:3820 out:3819 type:P dur:2 cpbdur:2 q:39.02 aq:24.61 tex:9051 mv:588 misc:665 imb:41 pmb:55 smb:4224 d:s ref:0 ;
in:3819 out:3820 type:b dur:2 cpbdur:2 q:38.93 aq:27.64 tex:74 mv:155 misc:347 imb:1 pmb:31 smb:4288 d:s ref:0 ;
in:3824 out:3821 type:P dur:2 cpbdur:2 q:39.00 aq:30.35 tex:8957 mv:1954 misc:889 imb:117 pmb:194 smb:4009 d:s ref:0 ;
in:3822 out:3822 type:B dur:2 cpbdur:2 q:39.01 aq:28.79 tex:99 mv:304 misc:709 imb:8 pmb:184 smb:4128 d:s ref:0 ;
in:3821 out:3823 type:b dur:2 cpbdur:2 q:39.02 aq:36.81 tex:84 mv:134 misc:630 imb:1 pmb:127 smb:4192 d:s ref:0 ;
in:3823 out:3824 type:b dur:2 cpbdur:2 q:39.01 aq:37.00 tex:0 mv:23 misc:265 imb:0 pmb:2 smb:4318 d:- ref:0 ;
in:3828 out:3825 type:P dur:2 cpbdur:2 q:38.98 aq:30.88 tex:3223 mv:426 misc:735 imb:33 pmb:83 smb:4204 d:s ref:0 ;
in:3826 out:3826 type:B dur:2 cpbdur:2 q:38.99 aq:33.85 tex:312 mv:124 misc:332 imb:5 pmb:18 smb:4297 d:s ref:0 ;
in:3825 out:3827 type:b dur:2 cpbdur:2 q:39.00 aq:37.41 tex:65 mv:36 misc:267 imb:0 pmb:4 smb:4316 d:s ref:0 ;
in:3827 out:3828 type:b dur:2 cpbdur:2 q:38.99 aq:37.02 tex:214 mv:224 misc:306 imb:5 pmb:14 smb:4301 d:- ref:0 ;
in:3830 out:3829 type:P dur:2 cpbdur:2 q:38.94 aq:26.75 tex:2797 mv:351 misc:556 imb:48 pmb:36 smb:4236 d:s ref:0 ;
in:3829 out:3830 type:b dur:2 cpbdur:2 q:38.96 aq:34.17 tex:114 mv:157 misc:321 imb:4 pmb:22 smb:4294 d:s ref:0 ;
in:3831 out:3831 type:P dur:2 cpbdur:2 q:38.91 aq:29.73 tex:1597 mv:313 misc:570 imb:25 pmb:69 smb:4226 d:s ref:0 ;
in:3835 out:3832 type:P dur:2 cpbdur:2 q:38.90 aq:27.40 tex:2409 mv:505 misc:462 imb:73 pmb:40 smb:4207 d:s ref:0 ;
in:3833 out:3833 type:B dur:2 cpbdur:2 q:38.91 aq:30.65 tex:365 mv:120 misc:339 imb:4 pmb:22 smb:4294 d:s ref:0 ;
in:3832 out:3834 type:b dur:2 cpbdur:2 q:38.91 aq:32.97 tex:833 mv:428 misc:395 imb:26 pmb:37 smb:4257 d:s ref:0 ;
in:3834 out:3835 type:b dur:2 cpbdur:2 q:38.91 aq:39.41 tex:131 mv:90 misc:283 imb:0 pmb:13 smb:4307 d:- ref:0 ;
in:3836 out:3836 type:P dur:2 cpbdur:2 q:38.85 aq:24.74 tex:509 mv:221 misc:398 imb:8 pmb:20 smb:4292 d:s ref:0 ;
in:3839 out:3837 type:P dur:2 cpbdur:2 q:38.86 aq:25.53 tex:847 mv:171 misc:430 imb:23 pmb:6 smb:4291 d:s ref:0 ;
in:3837 out:3838 type:B dur:2 cpbdur:2 q:38.86 aq:37.47 tex:112 mv:81 misc:287 imb:0 pmb:10 smb:4310 d:t ref:0 ;
in:3838 out:3839 type:b dur:2 cpbdur:2 q:38.86 aq:39.98 tex:120 mv:106 misc:270 imb:0 pmb:6 smb:4314 d:- ref:0 ;
in:3843 out:3840 type:P dur:2 cpbdur:2 q:38.83 aq:30.87 tex:31283 mv:2642 misc:611 imb:259 pmb:126 smb:3935 d:s ref:0 ;
in:3841 out:3841 type:B dur:2 cpbdur:2 q:38.84 aq:34.44 tex:8803 mv:2380 misc:721 imb:70 pmb:220 smb:4030 d:s ref:0 ;
in:3840 out:3842 type:b dur:2 cpbdur:2 q:38.85 aq:28.91 tex:204 mv:434 misc:594 imb:10 pmb:102 smb:4208 d:s ref:0 ;
in:3842 out:3843 type:b dur:2 cpbdur:2 q:38.83 aq:31.82 tex:165 mv:485 misc:550 imb:12 pmb:88 smb:4220 d:- ref:0 ;
in:3847 out:3844 type:P dur:2 cpbdur:2 q:38.80 aq:26.39 tex:34531 mv:2440 misc:661 imb:204 pmb:158 smb:3958 d:s ref:0 ;
in:3845 out:3845 type:B dur:2 cpbdur:2 q:38.81 aq:28.56 tex:201 mv:557 misc:642 imb:15 pmb:111 smb:4194 d:s ref:0 ;
in:3844 out:3846 type:b dur:2 cpbdur:2 q:38.82 aq:31.04 tex:51 mv:270 misc:591 imb:9 pmb:98 smb:4213 d:s ref:0 ;
in:3846 out:3847 type:b dur:2 cpbdur:2 q:38.81 aq:39.07 tex:62 mv:118 misc:332 imb:2 pmb:20 smb:4298 d:- ref:0 ;
in:3850 out:3848 type:P dur:2 cpbdur:2 q:38.79 aq:30.78 tex:606 mv:124 misc:390 imb:3 pmb:17 smb:4300 d:s ref:0 ;
in:3848 out:3849 type:B dur:2 cpbdur:2 q:38.80 aq:34.97 tex:8 mv:46 misc:282 imb:1 pmb:3 smb:4316 d:s ref:0 ;
in:3849 out:3850 type:b dur:2 cpbdur:2 q:38.80 aq:39.76 tex:36 mv:48 misc:260 imb:0 pmb:3 smb:4317 d:- ref:0 ;
in:3854 out:3851 type:P dur:2 cpbdur:2 q:38.76 aq:29.09 tex:555 mv:85 misc:336 imb:2 pmb:10 smb:4308 d:s ref:0 ;
in:3852 out:3852 type:B dur:2 cpbdur:2 q:38.78 aq:38.83 tex:67 mv:27 misc:282 imb:0 pmb:3 smb:4317 d:s ref:0 ;
in:3851 out:3853 type:b dur:2 cpbdur:2 q:38.79 aq:40.87 tex:57 mv:38 misc:265 imb:1 pmb:2 smb:4317 d:s ref:0 ;
in:3853 out:3854 type:b dur:2 cpbdur:2 q:38.77 aq:37.00 tex:3 mv:43 misc:266 imb:0 pmb:3 smb:4317 d:- ref:0 ;
in:3858 out:3855 type:P dur:2 cpbdur:2 q:38.70 aq:28.86 tex:3902 mv:698 misc:360 imb:54 pmb:45 smb:4221 d:s ref:0 ;
in:3856 out:3856 type:B dur:2 cpbdur:2 q:38.73 aq:29.42 tex:156 mv:212 misc:392 imb:5 pmb:33 smb:4282 d:s ref:0 ;
in:3855 out:3857 type:b dur:2 cpbdur:2 q:38.75 aq:40.35 tex:52 mv:48 misc:268 imb:0 pmb:4 smb:4316 d:s ref:0 ;
in:3857 out:3858 type:b dur:2 cpbdur:2 q:38.71 aq:31.14 tex:254 mv:242 misc:336 imb:6 pmb:21 smb:4293 d:- ref:0 ;
in:3862 out:3859 type:P dur:2 cpbdur:2 q:38.70 aq:28.61 tex:4230 mv:748 misc:398 imb:69 pmb:53 smb:4198 d:s ref:0 ;
in:3860 out:3860 type:B dur:2 cpbdur:2 q:38.70 aq:30.78 tex:1119 mv:606 misc:435 imb:30 pmb:59 smb:4231 d:s ref:0 ;
in:3859 out:3861 type:b dur:2 cpbdur:2 q:38.70 aq:31.89 tex:343 mv:219 misc:358 imb:8 pmb:29 smb:4283 d:s ref:0 ;
in:3861 out:3862 type:b dur:2 cpbdur:2 q:38.70 aq:33.16 tex:727 mv:373 misc:380 imb:16 pmb:48 smb:4256 d:- ref:0 ;
in:3866 out:3863 type:P dur:2 cpbdur:2 q:38.69 aq:31.31 tex:1169 mv:76 misc:323 imb:6 pmb:6 smb:4308 d:s ref:0 ;
in:3864 out:3864 type:B dur:2 cpbdur:2 q:38.69 aq:37.50 tex:351 mv:49 misc:296 imb:1 pmb:10 smb:4309 d:s ref:0 ;
in:3863 out:3865 type:b dur:2 cpbdur:2 q:38.69 aq:38.73 tex:327 mv:46 misc:275 imb:2 pmb:7 smb:4311 d:s ref:0 ;
in:3865 out:3866 type:b dur:2 cpbdur:2 q:38.69 aq:38.41 tex:71 mv:94 misc:275 imb:0 pmb:8 smb:4312 d:- ref:0 ;
in:3870 out:3867 type:P dur:2 cpbdur:2 q:38.64 aq:32.65 tex:716 mv:111 misc:285 imb:2 pmb:5 smb:4313 d:s ref:0 ;
in:3868 out:3868 type:B dur:2 cpbdur:2 q:38.66 aq:37.31 tex:34 mv:66 misc:284 imb:0 pmb:6 smb:4314 d:s ref:0 ;
in:3867 out:3869 type:b dur:2 cpbdur:2 q:38.67 aq:39.16 tex:87 mv:79 misc:266 imb:0 pmb:5 smb:4315 d:s ref:0 ;
in:3869 out:3870 type:b dur:2 cpbdur:2 q:38.65 aq:38.80 tex:30 mv:82 misc:272 imb:0 pmb:5 smb:4315 d:- ref:0 ;
in:3874 out:3871 type:P dur:2 cpbdur:2 q:38.59 aq:32.93 tex:368 mv:64 misc:280 imb:1 pmb:4 smb:4315 d:s ref:0 ;
in:3872 out:3872 type:B dur:2 cpbdur:2 q:38.62 aq:36.98 tex:122 mv:57 misc:285 imb:0 pmb:5 smb:4315 d:s ref:0 ;
in:3871 out:3873 type:b dur:2 cpbdur:2 q:38.63 aq:37.28 tex:69 mv:59 misc:272 imb:0 pmb:5 smb:4315 d:t ref:0 ;
in:3873 out:3874 type:b dur:2 cpbdur:2 q:38.60 aq:35.56 tex:12 mv:45 misc:263 imb:2 pmb:2 smb:4316 d:- ref:0 ;
in:3876 out:3875 type:P dur:2 cpbdur:2 q:38.54 aq:32.51 tex:112 mv:84 misc:292 imb:0 pmb:5 smb:4315 d:s ref:0 ;
in:3875 out:3876 type:b dur:2 cpbdur:2 q:38.57 aq:36.00 tex:3 mv:45 misc:264 imb:0 pmb:5 smb:4315 d:t ref:0 ;
in:3877 out:3877 type:P dur:2 cpbdur:2 q:38.52 aq:31.38 tex:2637 mv:555 misc:344 imb:53 pmb:39 smb:4228 d:s ref:0 ;
in:3879 out:3878 type:P dur:2 cpbdur:2 q:38.51 aq:32.36 tex:166 mv:56 misc:298 imb:1 pmb:4 smb:4315 d:s ref:0 ;
in:3878 out:3879 type:b dur:2 cpbdur:2 q:38.51 aq:36.00 tex:1 mv:75 misc:268 imb:0 pmb:5 smb:4315 d:t ref:0 ;
in:3883 out:3880 type:P dur:2 cpbdur:2 q:38.49 aq:31.79 tex:306 mv:99 misc:299 imb:4 pmb:4 smb:4312 d:s ref:0 ;
in:3881 out:3881 type:B dur:2 cpbdur:2 q:38.50 aq:34.00 tex:1 mv:39 misc:280 imb:0 pmb:4 smb:4316 d:t ref:0 ;
in:3880 out:3882 type:b dur:2 cpbdur:2 q:38.50 aq:36.00 tex:2 mv:69 misc:265 imb:0 pmb:5 smb:4315 d:s ref:0 ;
in:3882 out:3883 type:b dur:2 cpbdur:2 q:38.49 aq:36.00 tex:0 mv:31 misc:265 imb:0 pmb:3 smb:4317 d:- ref:0 ;
in:3885 out:3884 type:P dur:2 cpbdur:2 q:38.42 aq:31.74 tex:23578 mv:6181 misc:1881 imb:981 pmb:288 smb:3051 d:s ref:0 ;
in:3884 out:3885 type:b dur:2 cpbdur:2 q:38.45 aq:33.24 tex:360 mv:1621 misc:1147 imb:60 pmb:221 smb:4039 d:s ref:0 ;
in:3886 out:3886 type:P dur:2 cpbdur:2 q:38.42 aq:29.04 tex:26908 mv:8431 misc:1589 imb:1652 pmb:304 smb:2364 d:s ref:0 ;
in:3888 out:3887 type:P dur:2 cpbdur:2 q:38.43 aq:26.41 tex:24953 mv:10271 misc:1520 imb:2578 pmb:382 smb:1360 d:s ref:0 ;
in:3887 out:3888 type:b dur:2 cpbdur:2 q:38.42 aq:31.92 tex:4068 mv:7314 misc:2082 imb:215 pmb:626 smb:3479 d:s ref:0 ;
in:3889 out:3889 type:P dur:2 cpbdur:2 q:38.42 aq:30.58 tex:18912 mv:7309 misc:1571 imb:919 pmb:393 smb:3008 d:s ref:0 ;
in:3890 out:3890 type:P dur:2 cpbdur:2 q:38.43 aq:30.12 tex:17360 mv:8119 misc:1745 imb:837 pmb:488 smb:2995 d:s ref:0 ;
in:3891 out:3891 type:P dur:2 cpbdur:2 q:38.42 aq:27.64 tex:21920 mv:8321 misc:1831 imb:899 pmb:537 smb:2884 d:s ref:0 ;
in:3892 out:3892 type:P dur:2 cpbdur:2 q:38.43 aq:30.32 tex:15043 mv:7052 misc:1841 imb:420 pmb:620 smb:3280 d:s ref:0 ;
in:3893 out:3893 type:P dur:2 cpbdur:2 q:38.42 aq:28.67 tex:16940 mv:7494 misc:1918 imb:367 pmb:667 smb:3286 d:s ref:0 ;
in:3894 out:3894 type:P dur:2 cpbdur:2 q:38.42 aq:29.23 tex:18607 mv:6761 misc:1784 imb:281 pmb:666 smb:3373 d:s ref:0 ;
in:3895 out:3895 type:P dur:2 cpbdur:2 q:38.43 aq:29.83 tex:21487 mv:7310 misc:1771 imb:802 pmb:721 smb:2797 d:s ref:0 ;
in:3896 out:3896 type:P dur:2 cpbdur:2 q:38.43 aq:29.96 tex:21901 mv:6111 misc:1700 imb:250 pmb:683 smb:3387 d:s ref:0 ;
in:3897 out:3897 type:P dur:2 cpbdur:2 q:38.43 aq:29.61 tex:20933 mv:5078 misc:1581 imb:262 pmb:635 smb:3423 d:s ref:0 ;
in:3898 out:3898 type:P dur:2 cpbdur:2 q:38.43 aq:29.25 tex:20796 mv:4380 misc:1576 imb:241 pmb:680 smb:3399 d:s ref:0 ;
in:3899 out:3899 type:P dur:2 cpbdur:2 q:38.43 aq:27.37 tex:17673 mv:4549 misc:1802 imb:335 pmb:633 smb:3352 d:s ref:0 ;
in:3902 out:3900 type:P dur:2 cpbdur:2 q:38.43 aq:26.09 tex:21567 mv:6044 misc:1813 imb:601 pmb:635 smb:3084 d:s ref:0 ;
in:3900 out:3901 type:B dur:2 cpbdur:2 q:38.43 aq:24.68 tex:114 mv:1835 misc:923 imb:6 pmb:197 smb:4117 d:s ref:0 ;
in:3901 out:3902 type:b dur:2 cpbdur:2 q:38.43 aq:27.59 tex:109 mv:1293 misc:766 imb:5 pmb:141 smb:4174 d:- ref:0 ;
in:3906 out:3903 type:P dur:2 cpbdur:2 q:38.44 aq:29.08 tex:13927 mv:3933 misc:1948 imb:286 pmb:582 smb:3452 d:s ref:0 ;
in:3904 out:3904 type:B dur:2 cpbdur:2 q:38.44 aq:23.71 tex:49 mv:739 misc:732 imb:6 pmb:103 smb:4211 d:s ref:0 ;
in:3903 out:3905 type:b dur:2 cpbdur:2 q:38.43 aq:38.00 tex:14 mv:417 misc:441 imb:0 pmb:49 smb:4271 d:s ref:0 ;
in:3905 out:3906 type:b dur:2 cpbdur:2 q:38.44 aq:38.00 tex:0 mv:0 misc:256 imb:0 pmb:0 smb:4320 d:- ref:0 ;
in:3910 out:3907 type:P dur:2 cpbdur:2 q:38.53 aq:29.38 tex:9037 mv:2825 misc:1682 imb:387 pmb:471 smb:3462 d:s ref:0 ;
in:3908 out:3908 type:B dur:2 cpbdur:2 q:38.49 aq:36.00 tex:0 mv:0 misc:272 imb:0 pmb:0 smb:4320 d:s ref:0 ;
in:3907 out:3909 type:b dur:2 cpbdur:2 q:38.46 aq:38.00 tex:0 mv:0 misc:256 imb:0 pmb:0 smb:4320 d:s ref:0 ;
in:3909 out:3910 type:b dur:2 cpbdur:2 q:38.51 aq:38.00 tex:0 mv:0 misc:256 imb:0 pmb:0 smb:4320 d:- ref:0 ;
in:3912 out:3911 type:P dur:2 cpbdur:2 q:38.62 aq:30.27 tex:1822 mv:397 misc:877 imb:12 pmb:93 smb:4215 d:s ref:0 ;
in:3911 out:3912 type:b dur:2 cpbdur:2 q:38.57 aq:38.00 tex:0 mv:0 misc:256 imb:0 pmb:0 smb:4320 d:s ref:0 ;
in:3916 out:3913 type:P dur:2 cpbdur:2 q:38.66 aq:28.69 tex:352 mv:57 misc:367 imb:3 pmb:11 smb:4306 d:s ref:0 ;
in:3914 out:3914 type:B dur:2 cpbdur:2 q:38.64 aq:36.00 tex:0 mv:0 misc:272 imb:0 pmb:0 smb:4320 d:s ref:0 ;
in:3913 out:3915 type:b dur:2 cpbdur:2 q:38.63 aq:38.00 tex:0 mv:0 misc:256 imb:0 pmb:0 smb:4320 d:s ref:0 ;
in:3915 out:3916 type:b dur:2 cpbdur:2 q:38.65 aq:38.00 tex:0 mv:0 misc:256 imb:0 pmb:0 smb:4320 d:- ref:0 ;
in:3918 out:3917 type:P dur:2 cpbdur:2 q:38.71 aq:34.93 tex:358 mv:118 misc:364 imb:2 pmb:17 smb:4301 d:s ref:0 ;
in:3917 out:3918 type:b dur:2 cpbdur:2 q:38.69 aq:39.92 tex:36 mv:39 misc:269 imb:0 pmb:7 smb:4313 d:s ref:0 ;
in:3921 out:3919 type:P dur:2 cpbdur:2 q:38.72 aq:32.85 tex:795 mv:154 misc:331 imb:14 pmb:7 smb:4299 d:s ref:0 ;
in:3919 out:3920 type:B dur:2 cpbdur:2 q:38.72 aq:39.44 tex:110 mv:115 misc:303 imb:0 pmb:14 smb:4306 d:s ref:0 ;
in:3920 out:3921 type:b dur:2 cpbdur:2 q:38.72 aq:39.00 tex:228 mv:207 misc:293 imb:3 pmb:14 smb:4303 d:- ref:0 ;
in:3922 out:3922 type:P dur:2 cpbdur:2 q:38.69 aq:29.84 tex:420 mv:165 misc:311 imb:13 pmb:5 smb:4302 d:s ref:0 ;
in:3923 out:3923 type:P dur:2 cpbdur:2 q:38.68 aq:33.73 tex:383 mv:241 misc:344 imb:15 pmb:10 smb:4295 d:s ref:0 ;
in:3926 out:3924 type:P dur:2 cpbdur:2 q:38.67 aq:29.76 tex:798 mv:157 misc:333 imb:20 pmb:5 smb:4295 d:s ref:0 ;
in:3924 out:3925 type:B dur:2 cpbdur:2 q:38.68 aq:38.42 tex:391 mv:121 misc:336 imb:6 pmb:18 smb:4296 d:s ref:0 ;
in:3925 out:3926 type:b dur:2 cpbdur:2 q:38.67 aq:33.52 tex:44 mv:176 misc:308 imb:2 pmb:18 smb:4300 d:- ref:0 ;
in:3929 out:3927 type:P dur:2 cpbdur:2 q:38.61 aq:31.85 tex:48812 mv:1817 misc:787 imb:500 pmb:37 smb:3783 d:s ref:0 ;
in:3927 out:3928 type:B dur:2 cpbdur:2 q:38.65 aq:32.87 tex:260 mv:534 misc:814 imb:7 pmb:193 smb:4120 d:s ref:0 ;
in:3928 out:3929 type:b dur:2 cpbdur:2 q:38.63 aq:38.22 tex:122 mv:99 misc:275 imb:1 pmb:11 smb:4308 d:- ref:0 ;
in:3932 out:3930 type:P dur:2 cpbdur:2 q:38.61 aq:31.96 tex:1281 mv:251 misc:412 imb:20 pmb:20 smb:4280 d:s ref:0 ;
in:3930 out:3931 type:B dur:2 cpbdur:2 q:38.61 aq:38.96 tex:443 mv:177 misc:340 imb:3 pmb:26 smb:4291 d:s ref:0 ;
in:3931 out:3932 type:b dur:2 cpbdur:2 q:38.61 aq:40.03 tex:117 mv:148 misc:303 imb:1 pmb:17 smb:4302 d:- ref:0 ;
in:3933 out:3933 type:P dur:2 cpbdur:2 q:38.57 aq:34.02 tex:145 mv:171 misc:356 imb:4 pmb:16 smb:4300 d:s ref:0 ;
in:3934 out:3934 type:P dur:2 cpbdur:2 q:38.56 aq:34.55 tex:264 mv:149 misc:307 imb:5 pmb:8 smb:4307 d:s ref:0 ;
in:3937 out:3935 type:P dur:2 cpbdur:2 q:38.54 aq:35.84 tex:291 mv:166 misc:303 imb:5 pmb:8 smb:4307 d:s ref:0 ;
in:3935 out:3936 type:B dur:2 cpbdur:2 q:38.55 aq:37.60 tex:425 mv:167 misc:312 imb:5 pmb:12 smb:4303 d:t ref:0 ;
in:3936 out:3937 type:b dur:2 cpbdur:2 q:38.55 aq:39.92 tex:169 mv:88 misc:295 imb:0 pmb:14 smb:4306 d:- ref:0 ;
in:3938 out:3938 type:P dur:2 cpbdur:2 q:38.50 aq:32.48 tex:599 mv:152 misc:321 imb:22 pmb:5 smb:4293 d:s ref:0 ;
in:3939 out:3939 type:P dur:2 cpbdur:2 q:38.49 aq:30.15 tex:430 mv:119 misc:323 imb:26 pmb:1 smb:4293 d:s ref:0 ;
in:3940 out:3940 type:P dur:2 cpbdur:2 q:38.48 aq:30.79 tex:601 mv:148 misc:355 imb:29 pmb:4 smb:4287 d:s ref:0 ;
in:3941 out:3941 type:P dur:2 cpbdur:2 q:38.46 aq:30.26 tex:543 mv:131 misc:318 imb:29 pmb:4 smb:4287 d:s ref:0 ;
in:3942 out:3942 type:P dur:2 cpbdur:2 q:38.45 aq:28.33 tex:427 mv:121 misc:308 imb:28 pmb:0 smb:4292 d:s ref:0 ;
in:3943 out:3943 type:P dur:2 cpbdur:2 q:38.44 aq:29.53 tex:622 mv:133 misc:309 imb:24 pmb:3 smb:4293 d:s ref:0 ;
in:3944 out:3944 type:P dur:2 cpbdur:2 q:38.43 aq:27.97 tex:536 mv:199 misc:289 imb:15 pmb:6 smb:4299 d:s ref:0 ;
in:3945 out:3945 type:P dur:2 cpbdur:2 q:38.45 aq:29.19 tex:350 mv:188 misc:310 imb:8 pmb:7 smb:4305 d:s ref:0 ;
in:3946 out:3946 type:P dur:2 cpbdur:2 q:38.44 aq:29.77 tex:383 mv:213 misc:292 imb:4 pmb:11 smb:4305 d:s ref:0 ;
in:3947 out:3947 type:P dur:2 cpbdur:2 q:38.42 aq:29.53 tex:496 mv:165 misc:307 imb:8 pmb:8 smb:4304 d:s ref:0 ;
in:3948 out:3948 type:P dur:2 cpbdur:2 q:38.41 aq:24.11 tex:467 mv:2083 misc:1362 imb:185 pmb:303 smb:3832 d:s ref:0 ;
in:3949 out:3949 type:P dur:2 cpbdur:2 q:38.41 aq:30.24 tex:18494 mv:5924 misc:1742 imb:1688 pmb:258 smb:2374 d:s ref:0 ;
in:3950 out:3950 type:I dur:2 cpbdur:2 q:35.61 aq:23.77 tex:35781 mv:19350 misc:517 imb:4320 pmb:0 smb:0 d:s ref:;
in:3951 out:3951 type:P dur:2 cpbdur:2 q:38.47 aq:29.73 tex:1140 mv:2436 misc:1184 imb:206 pmb:201 smb:3913 d:s ref:0 ;
in:3952 out:3952 type:P dur:2 cpbdur:2 q:38.47 aq:26.20 tex:1020 mv:2286 misc:1150 imb:199 pmb:204 smb:3917 d:s ref:0 ;
in:3953 out:3953 type:P dur:2 cpbdur:2 q:38.46 aq:29.68 tex:670 mv:1545 misc:841 imb:180 pmb:194 smb:3946 d:s ref:0 ;
in:3954 out:3954 type:P dur:2 cpbdur:2 q:38.46 aq:23.62 tex:1369 mv:1944 misc:1031 imb:168 pmb:200 smb:3952 d:s ref:0 ;
in:3955 out:3955 type:P dur:2 cpbdur:2 q:38.46 aq:28.67 tex:2730 mv:3270 misc:1352 imb:191 pmb:306 smb:3823 d:s ref:0 ;
in:3956 out:3956 type:P dur:2 cpbdur:2 q:38.45 aq:27.15 tex:4587 mv:3640 misc:1269 imb:218 pmb:354 smb:3748 d:s ref:0 ;
in:3957 out:3957 type:P dur:2 cpbdur:2 q:38.45 aq:29.89 tex:5663 mv:3482 misc:1127 imb:226 pmb:369 smb:3725 d:s ref:0 ;
in:3959 out:3958 type:P dur:2 cpbdur:2 q:38.44 aq:28.40 tex:9922 mv:3188 misc:978 imb:180 pmb:373 smb:3767 d:s ref:0 ;
in:3958 out:3959 type:b dur:2 cpbdur:2 q:38.45 aq:30.84 tex:841 mv:1712 misc:847 imb:55 pmb:140 smb:4125 d:s ref:0 ;
in:3960 out:3960 type:P dur:2 cpbdur:2 q:38.43 aq:34.60 tex:7597 mv:2231 misc:980 imb:106 pmb:357 smb:3857 d:s ref:0 ;
in:3961 out:3961 type:P dur:2 cpbdur:2 q:38.43 aq:23.41 tex:8351 mv:3333 misc:900 imb:1740 pmb:364 smb:2216 d:s ref:0 ;
in:3963 out:3962 type:P dur:2 cpbdur:2 q:38.42 aq:23.03 tex:9809 mv:2434 misc:925 imb:108 pmb:382 smb:3830 d:s ref:0 ;
in:3962 out:3963 type:b dur:2 cpbdur:2 q:38.42 aq:38.28 tex:362 mv:1106 misc:692 imb:17 pmb:125 smb:4178 d:t ref:0 ;
in:3966 out:3964 type:P dur:2 cpbdur:2 q:38.40 aq:22.37 tex:7738 mv:2110 misc:816 imb:45 pmb:270 smb:4005 d:s ref:0 ;
in:3964 out:3965 type:B dur:2 cpbdur:2 q:38.41 aq:31.58 tex:523 mv:1147 misc:602 imb:6 pmb:111 smb:4203 d:s ref:0 ;
in:3965 out:3966 type:b dur:2 cpbdur:2 q:38.40 aq:25.94 tex:185 mv:960 misc:687 imb:3 pmb:133 smb:4184 d:- ref:0 ;
in:3970 out:3967 type:P dur:2 cpbdur:2 q:38.37 aq:26.20 tex:3697 mv:1661 misc:930 imb:41 pmb:190 smb:4089 d:s ref:0 ;
in:3968 out:3968 type:B dur:2 cpbdur:2 q:38.39 aq:30.81 tex:197 mv:1086 misc:717 imb:3 pmb:142 smb:4175 d:t ref:0 ;
in:3967 out:3969 type:b dur:2 cpbdur:2 q:38.39 aq:35.10 tex:131 mv:315 misc:386 imb:0 pmb:29 smb:4291 d:s ref:0 ;
in:3969 out:3970 type:b dur:2 cpbdur:2 q:38.38 aq:31.85 tex:88 mv:79 misc:273 imb:0 pmb:8 smb:4312 d:- ref:0 ;
in:3974 out:3971 type:P dur:2 cpbdur:2 q:38.34 aq:27.08 tex:849 mv:839 misc:752 imb:7 pmb:117 smb:4196 d:s ref:0 ;
in:3972 out:3972 type:B dur:2 cpbdur:2 q:38.36 aq:26.98 tex:156 mv:169 misc:315 imb:2 pmb:13 smb:4305 d:s ref:0 ;
in:3971 out:3973 type:b dur:2 cpbdur:2 q:38.36 aq:26.00 tex:3 mv:30 misc:271 imb:0 pmb:4 smb:4316 d:s ref:0 ;
in:3973 out:3974 type:b dur:2 cpbdur:2 q:38.35 aq:26.10 tex:72 mv:93 misc:275 imb:1 pmb:10 smb:4309 d:- ref:0 ;
in:3977 out:3975 type:P dur:2 cpbdur:2 q:38.32 aq:34.62 tex:2607 mv:1830 misc:1043 imb:101 pmb:163 smb:4056 d:s ref:0 ;
in:3975 out:3976 type:B dur:2 cpbdur:2 q:38.33 aq:26.00 tex:402 mv:175 misc:327 imb:2 pmb:15 smb:4303 d:s ref:0 ;
in:3976 out:3977 type:b dur:2 cpbdur:2 q:38.32 aq:34.75 tex:378 mv:380 misc:434 imb:1 pmb:42 smb:4277 d:- ref:0 ;
in:3978 out:3978 type:P dur:2 cpbdur:2 q:38.31 aq:29.50 tex:5769 mv:2693 misc:1058 imb:245 pmb:254 smb:3821 d:s ref:0 ;
in:3979 out:3979 type:P dur:2 cpbdur:2 q:38.31 aq:28.65 tex:6148 mv:3795 misc:1097 imb:187 pmb:273 smb:3860 d:s ref:0 ;
in:3982 out:3980 type:P dur:2 cpbdur:2 q:38.32 aq:29.14 tex:29056 mv:7356 misc:924 imb:892 pmb:321 smb:3107 d:s ref:0 ;
in:3980 out:3981 type:B dur:2 cpbdur:2 q:38.32 aq:34.41 tex:3161 mv:4856 misc:1423 imb:99 pmb:448 smb:3773 d:s ref:0 ;
in:3981 out:3982 type:b dur:2 cpbdur:2 q:38.32 aq:30.88 tex:2347 mv:4930 misc:1451 imb:130 pmb:456 smb:3734 d:- ref:0 ;
in:3984 out:3983 type:P dur:2 cpbdur:2 q:38.33 aq:31.29 tex:27194 mv:9455 misc:1199 imb:807 pmb:570 smb:2943 d:s ref:0 ;
in:3983 out:3984 type:b dur:2 cpbdur:2 q:38.32 aq:32.11 tex:1646 mv:5224 misc:1714 imb:90 pmb:512 smb:3718 d:s ref:0 ;
in:3985 out:3985 type:P dur:2 cpbdur:2 q:38.33 aq:30.29 tex:20127 mv:7747 misc:1526 imb:577 pmb:602 smb:3141 d:s ref:0 ;
in:3987 out:3986 type:P dur:2 cpbdur:2 q:38.34 aq:29.39 tex:48138 mv:10520 misc:1398 imb:896 pmb:707 smb:2717 d:s ref:0 ;
in:3986 out:3987 type:b dur:2 cpbdur:2 q:38.33 aq:34.93 tex:2010 mv:5875 misc:1899 imb:239 pmb:485 smb:3596 d:s ref:0 ;
in:3988 out:3988 type:P dur:2 cpbdur:2 q:38.35 aq:28.54 tex:34241 mv:8114 misc:1765 imb:584 pmb:757 smb:2979 d:s ref:0 ;
in:3989 out:3989 type:P dur:2 cpbdur:2 q:38.35 aq:29.44 tex:35994 mv:7938 misc:1724 imb:564 pmb:768 smb:2988 d:s ref:0 ;
in:3990 out:3990 type:P dur:2 cpbdur:2 q:38.35 aq:27.74 tex:38242 mv:8523 misc:1747 imb:645 pmb:812 smb:2863 d:s ref:0 ;
in:3994 out:3991 type:P dur:2 cpbdur:2 q:38.35 aq:28.36 tex:63064 mv:9328 misc:1808 imb:686 pmb:829 smb:2805 d:s ref:0 ;
in:3992 out:3992 type:B dur:2 cpbdur:2 q:38.35 aq:33.85 tex:2673 mv:4952 misc:1751 imb:138 pmb:415 smb:3767 d:s ref:0 ;
in:3991 out:3993 type:b dur:2 cpbdur:2 q:38.35 aq:36.97 tex:1198 mv:3603 misc:1375 imb:154 pmb:260 smb:3906 d:s ref:0 ;
in:3993 out:3994 type:b dur:2 cpbdur:2 q:38.35 aq:36.84 tex:425 mv:2023 misc:1032 imb:58 pmb:204 smb:4058 d:- ref:0 ;
in:3998 out:3995 type:P dur:2 cpbdur:2 q:38.36 aq:29.18 tex:52172 mv:6951 misc:1933 imb:414 pmb:874 smb:3032 d:s ref:0 ;
in:3996 out:3996 type:B dur:2 cpbdur:2 q:38.35 aq:38.24 tex:669 mv:1963 misc:1136 imb:23 pmb:303 smb:3994 d:s ref:0 ;
in:3995 out:3997 type:b dur:2 cpbdur:2 q:38.35 aq:32.26 tex:362 mv:1133 misc:825 imb:26 pmb:112 smb:4182 d:s ref:0 ;
in:3997 out:3998 type:b dur:2 cpbdur:2 q:38.36 aq:41.24 tex:200 mv:82 misc:334 imb:2 pmb:12 smb:4306 d:- ref:0 ;
in:4000 out:3999 type:P dur:2 cpbdur:2 q:38.40 aq:28.94 tex:36176 mv:3421 misc:1907 imb:152 pmb:658 smb:3510 d:s ref:0 ;
in:3999 out:4000 type:b dur:2 cpbdur:2 q:38.38 aq:36.00 tex:0 mv:0 misc:256 imb:0 pmb:0 smb:4320 d:s ref:0 ;
in:4001 out:4001 type:P dur:2 cpbdur:2 q:38.44 aq:29.79 tex:16143 mv:2223 misc:1954 imb:126 pmb:522 smb:3672 d:s ref:0 ;
in:4005 out:4002 type:P dur:2 cpbdur:2 q:38.45 aq:29.41 tex:18123 mv:3163 misc:2002 imb:363 pmb:488 smb:3469 d:s ref:0 ;
in:4003 out:4003 type:B dur:2 cpbdur:2 q:38.45 aq:35.00 tex:1 mv:19 misc:292 imb:0 pmb:3 smb:4317 d:s ref:0 ;
in:4002 out:4004 type:b dur:2 cpbdur:2 q:38.45 aq:36.00 tex:0 mv:3 misc:261 imb:0 pmb:1 smb:4319 d:s ref:0 ;
in:4004 out:4005 type:b dur:2 cpbdur:2 q:38.45 aq:36.00 tex:0 mv:0 misc:256 imb:0 pmb:0 smb:4320 d:- ref:0 ;
in:4009 out:4006 type:P dur:2 cpbdur:2 q:38.55 aq:29.73 tex:2858 mv:233 misc:813 imb:4 pmb:96 smb:4220 d:s ref:0 ;
in:4007 out:4007 type:B dur:2 cpbdur:2 q:38.50 aq:34.46 tex:49 mv:14 misc:289 imb:0 pmb:2 smb:4318 d:t ref:0 ;
in:4006 out:4008 type:b dur:2 cpbdur:2 q:38.48 aq:36.00 tex:0 mv:0 misc:256 imb:0 pmb:0 smb:4320 d:s ref:0 ;
in:4008 out:4009 type:b dur:2 cpbdur:2 q:38.53 aq:36.00 tex:0 mv:0 misc:256 imb:0 pmb:0 smb:4320 d:- ref:0 ;
in:4013 out:4010 type:P dur:2 cpbdur:2 q:38.67 aq:29.78 tex:1651 mv:197 misc:512 imb:10 pmb:41 smb:4269 d:s ref:0 ;
in:4011 out:4011 type:B dur:2 cpbdur:2 q:38.61 aq:34.00 tex:0 mv:28 misc:292 imb:0 pmb:5 smb:4315 d:s ref:0 ;
in:4010 out:4012 type:b dur:2 cpbdur:2 q:38.58 aq:36.00 tex:0 mv:0 misc:256 imb:0 pmb:0 smb:4320 d:s ref:0 ;
in:4012 out:4013 type:b dur:2 cpbdur:2 q:38.64 aq:36.00 tex:0 mv:8 misc:272 imb:0 pmb:3 smb:4317 d:- ref:0 ;
in:4017 out:4014 type:P dur:2 cpbdur:2 q:38.67 aq:27.49 tex:411 mv:83 misc:362 imb:3 pmb:12 smb:4305 d:s ref:0 ;
in:4015 out:4015 type:B dur:2 cpbdur:2 q:38.67 aq:35.00 tex:0 mv:6 misc:282 imb:0 pmb:2 smb:4318 d:t ref:0 ;
in:4014 out:4016 type:b dur:2 cpbdur:2 q:38.67 aq:36.00 tex:0 mv:0 misc:256 imb:0 pmb:0 smb:4320 d:s ref:0 ;
in:4016 out:4017 type:b dur:2 cpbdur:2 q:38.67 aq:36.00 tex:0 mv:5 misc:259 imb:0 pmb:1 smb:4319 d:- ref:0 ;
in:4021 out:4018 type:P dur:2 cpbdur:2 q:38.64 aq:26.47 tex:969 mv:199 misc:552 imb:8 pmb:40 smb:4272 d:s ref:0 ;
in:4019 out:4019 type:B dur:2 cpbdur:2 q:38.66 aq:35.29 tex:57 mv:18 misc:285 imb:0 pmb:3 smb:4317 d:t ref:0 ;
in:4018 out:4020 type:b dur:2 cpbdur:2 q:38.67 aq:36.00 tex:0 mv:0 misc:256 imb:0 pmb:0 smb:4320 d:s ref:0 ;
in:4020 out:4021 type:b dur:2 cpbdur:2 q:38.65 aq:37.00 tex:0 mv:0 misc:256 imb:0 pmb:0 smb:4320 d:- ref:0 ;
in:4025 out:4022 type:P dur:2 cpbdur:2 q:38.62 aq:19.08 tex:228 mv:99 misc:369 imb:3 pmb:11 smb:4306 d:s ref:0 ;
in:4023 out:4023 type:B dur:2 cpbdur:2 q:38.63 aq:35.00 tex:0 mv:0 misc:272 imb:0 pmb:0 smb:4320 d:s ref:0 ;
in:4022 out:4024 type:b dur:2 cpbdur:2 q:38.64 aq:37.00 tex:0 mv:0 misc:256 imb:0 pmb:0 smb:4320 d:s ref:0 ;
in:4024 out:4025 type:b dur:2 cpbdur:2 q:38.63 aq:36.00 tex:0 mv:0 misc:256 imb:0 pmb:0 smb:4320 d:- ref:0 ;
in:4029 out:4026 type:P dur:2 cpbdur:2 q:38.57 aq:19.76 tex:356 mv:87 misc:357 imb:3 pmb:9 smb:4308 d:s ref:0 ;
in:4027 out:4027 type:B dur:2 cpbdur:2 q:38.60 aq:35.00 tex:0 mv:9 misc:279 imb:0 pmb:1 smb:4319 d:s ref:0 ;
in:4026 out:4028 type:b dur:2 cpbdur:2 q:38.61 aq:36.00 tex:0 mv:0 misc:256 imb:0 pmb:0 smb:4320 d:s ref:0 ;
in:4028 out:4029 type:b dur:2 cpbdur:2 q:38.58 aq:36.36 tex:33 mv:6 misc:257 imb:0 pmb:1 smb:4319 d:- ref:0 ;
in:4032 out:4030 type:P dur:2 cpbdur:2 q:38.52 aq:25.02 tex:18406 mv:1031 misc:515 imb:33 pmb:84 smb:4203 d:s ref:0 ;
in:4030 out:4031 type:B dur:2 cpbdur:2 q:38.55 aq:35.00 tex:8 mv:107 misc:405 imb:0 pmb:45 smb:4275 d:s ref:0 ;
in:4031 out:4032 type:b dur:2 cpbdur:2 q:38.54 aq:36.00 tex:9 mv:202 misc:389 imb:0 pmb:52 smb:4268 d:- ref:0 ;
in:4036 out:4033 type:P dur:2 cpbdur:2 q:38.50 aq:30.71 tex:7117 mv:1765 misc:854 imb:78 pmb:193 smb:4049 d:s ref:0 ;
in:4034 out:4034 type:B dur:2 cpbdur:2 q:38.51 aq:29.86 tex:39 mv:106 misc:567 imb:1 pmb:123 smb:4196 d:s ref:0 ;
in:4033 out:4035 type:b dur:2 cpbdur:2 q:38.52 aq:31.12 tex:47 mv:197 misc:620 imb:3 pmb:117 smb:4200 d:s ref:0 ;
in:4035 out:4036 type:b dur:2 cpbdur:2 q:38.51 aq:36.00 tex:0 mv:0 misc:256 imb:0 pmb:0 smb:4320 d:- ref:0 ;
in:4040 out:4037 type:P dur:2 cpbdur:2 q:38.46 aq:29.72 tex:2985 mv:314 misc:581 imb:10 pmb:56 smb:4254 d:s ref:0 ;
in:4038 out:4038 type:B dur:2 cpbdur:2 q:38.48 aq:38.20 tex:147 mv:67 misc:306 imb:0 pmb:11 smb:4309 d:s ref:0 ;
in:4037 out:4039 type:b dur:2 cpbdur:2 q:38.49 aq:36.00 tex:0 mv:0 misc:256 imb:0 pmb:0 smb:4320 d:s ref:0 ;
in:4039 out:4040 type:b dur:2 cpbdur:2 q:38.47 aq:39.69 tex:111 mv:123 misc:278 imb:0 pmb:8 smb:4312 d:- ref:0 ;
in:4043 out:4041 type:P dur:2 cpbdur:2 q:38.41 aq:30.71 tex:2317 mv:160 misc:483 imb:5 pmb:40 smb:4275 d:s ref:0 ;
in:4041 out:4042 type:B dur:2 cpbdur:2 q:38.44 aq:38.59 tex:310 mv:88 misc:314 imb:0 pmb:10 smb:4310 d:s ref:0 ;
in:4042 out:4043 type:b dur:2 cpbdur:2 q:38.43 aq:38.94 tex:70 mv:83 misc:279 imb:0 pmb:6 smb:4314 d:- ref:0 ;
in:4047 out:4044 type:P dur:2 cpbdur:2 q:38.38 aq:27.88 tex:1990 mv:180 misc:414 imb:8 pmb:25 smb:4287 d:s ref:0 ;
in:4045 out:4045 type:B dur:2 cpbdur:2 q:38.40 aq:37.81 tex:234 mv:48 misc:302 imb:1 pmb:9 smb:4310 d:s ref:0 ;
in:4044 out:4046 type:b dur:2 cpbdur:2 q:38.41 aq:38.11 tex:56 mv:86 misc:290 imb:0 pmb:9 smb:4311 d:s ref:0 ;
in:4046 out:4047 type:b dur:2 cpbdur:2 q:38.39 aq:39.38 tex:169 mv:49 misc:278 imb:0 pmb:7 smb:4313 d:- ref:0 ;
in:4051 out:4048 type:P dur:2 cpbdur:2 q:38.34 aq:30.11 tex:3599 mv:343 misc:698 imb:13 pmb:70 smb:4237 d:s ref:0 ;
in:4049 out:4049 type:B dur:2 cpbdur:2 q:38.36 aq:37.91 tex:334 mv:82 misc:304 imb:0 pmb:12 smb:4308 d:s ref:0 ;
in:4048 out:4050 type:b dur:2 cpbdur:2 q:38.37 aq:39.81 tex:83 mv:62 misc:279 imb:0 pmb:7 smb:4313 d:s ref:0 ;
in:4050 out:4051 type:b dur:2 cpbdur:2 q:38.35 aq:38.78 tex:140 mv:99 misc:281 imb:0 pmb:7 smb:4313 d:- ref:0 ;
in:4055 out:4052 type:P dur:2 cpbdur:2 q:38.31 aq:29.19 tex:2664 mv:156 misc:516 imb:6 pmb:41 smb:4273 d:s ref:0 ;
in:4053 out:4053 type:B dur:2 cpbdur:2 q:38.32 aq:38.73 tex:336 mv:34 misc:294 imb:0 pmb:8 smb:4312 d:s ref:0 ;
in:4052 out:4054 type:b dur:2 cpbdur:2 q:38.33 aq:39.19 tex:98 mv:120 misc:278 imb:0 pmb:7 smb:4313 d:s ref:0 ;
in:4054 out:4055 type:b dur:2 cpbdur:2 q:38.32 aq:38.70 tex:196 mv:66 misc:266 imb:0 pmb:5 smb:4315 d:- ref:0 ;
in:4059 out:4056 type:P dur:2 cpbdur:2 q:38.28 aq:32.15 tex:1182 mv:61 misc:357 imb:0 pmb:15 smb:4305 d:s ref:0 ;
in:4057 out:4057 type:B dur:2 cpbdur:2 q:38.29 aq:38.67 tex:197 mv:63 misc:284 imb:0 pmb:5 smb:4315 d:s ref:0 ;
in:4056 out:4058 type:b dur:2 cpbdur:2 q:38.30 aq:40.13 tex:106 mv:91 misc:267 imb:0 pmb:5 smb:4315 d:s ref:0 ;
in:4058 out:4059 type:b dur:2 cpbdur:2 q:38.29 aq:38.93 tex:52 mv:44 misc:264 imb:0 pmb:3 smb:4317 d:- ref:0 ;
in:4063 out:4060 type:P dur:2 cpbdur:2 q:38.23 aq:30.65 tex:1612 mv:126 misc:494 imb:2 pmb:38 smb:4280 d:s ref:0 ;
in:4061 out:4061 type:B dur:2 cpbdur:2 q:38.25 aq:34.00 tex:2 mv:4 misc:282 imb:0 pmb:2 smb:4318 d:s ref:0 ;
in:4060 out:4062 type:b dur:2 cpbdur:2 q:38.27 aq:40.39 tex:35 mv:5 misc:264 imb:0 pmb:1 smb:4319 d:s ref:0 ;
in:4062 out:4063 type:b dur:2 cpbdur:2 q:38.24 aq:36.00 tex:0 mv:0 misc:256 imb:0 pmb:0 smb:4320 d:- ref:0 ;
in:4067 out:4064 type:P dur:2 cpbdur:2 q:38.19 aq:28.14 tex:362 mv:53 misc:377 imb:0 pmb:15 smb:4305 d:s ref:0 ;
in:4065 out:4065 type:B dur:2 cpbdur:2 q:38.21 aq:34.00 tex:0 mv:0 misc:272 imb:0 pmb:0 smb:4320 d:s ref:0 ;
in:4064 out:4066 type:b dur:2 cpbdur:2 q:38.22 aq:36.00 tex:0 mv:0 misc:256 imb:0 pmb:0 smb:4320 d:s ref:0 ;
in:4066 out:4067 type:b dur:2 cpbdur:2 q:38.20 aq:36.00 tex:0 mv:0 misc:256 imb:0 pmb:0 smb:4320 d:- ref:0 ;
in:4071 out:4068 type:P dur:2 cpbdur:2 q:38.14 aq:33.10 tex:4652 mv:562 misc:738 imb:6 pmb:117 smb:4197 d:s ref:0 ;
in:4069 out:4069 type:B dur:2 cpbdur:2 q:38.16 aq:37.27 tex:34 mv:44 misc:354 imb:0 pmb:15 smb:4305 d:s ref:0 ;
in:4068 out:4070 type:b dur:2 cpbdur:2 q:38.18 aq:36.00 tex:0 mv:0 misc:256 imb:0 pmb:0 smb:4320 d:s ref:0 ;
in:4070 out:4071 type:b dur:2 cpbdur:2 q:38.15 aq:41.02 tex:150 mv:53 misc:285 imb:0 pmb:7 smb:4313 d:- ref:0 ;
in:4073 out:4072 type:P dur:2 cpbdur:2 q:38.08 aq:32.02 tex:9078 mv:1290 misc:736 imb:39 pmb:158 smb:4123 d:s ref:0 ;
in:4072 out:4073 type:b dur:2 cpbdur:2 q:38.11 aq:40.41 tex:829 mv:242 misc:369 imb:2 pmb:29 smb:4289 d:s ref:0 ;
in:4077 out:4074 type:P dur:2 cpbdur:2 q:38.06 aq:31.29 tex:12904 mv:1457 misc:471 imb:36 pmb:134 smb:4150 d:s ref:0 ;
in:4075 out:4075 type:B dur:2 cpbdur:2 q:38.07 aq:39.89 tex:1923 mv:528 misc:429 imb:1 pmb:61 smb:4258 d:s ref:0 ;
in:4074 out:4076 type:b dur:2 cpbdur:2 q:38.08 aq:39.64 tex:158 mv:131 misc:359 imb:0 pmb:25 smb:4295 d:s ref:0 ;
in:4076 out:4077 type:b dur:2 cpbdur:2 q:38.07 aq:39.53 tex:125 mv:99 misc:328 imb:0 pmb:19 smb:4301 d:- ref:0 ;
in:4078 out:4078 type:P dur:2 cpbdur:2 q:38.04 aq:29.67 tex:2086 mv:258 misc:672 imb:0 pmb:86 smb:4234 d:s ref:0 ;
in:4079 out:4079 type:P dur:2 cpbdur:2 q:38.03 aq:29.33 tex:1540 mv:253 misc:543 imb:2 pmb:71 smb:4247 d:s ref:0 ;
in:4083 out:4080 type:P dur:2 cpbdur:2 q:38.02 aq:33.14 tex:821 mv:176 misc:403 imb:0 pmb:43 smb:4277 d:s ref:0 ;
in:4081 out:4081 type:B dur:2 cpbdur:2 q:38.02 aq:34.00 tex:0 mv:0 misc:272 imb:0 pmb:0 smb:4320 d:s ref:0 ;
in:4080 out:4082 type:b dur:2 cpbdur:2 q:38.03 aq:36.00 tex:0 mv:0 misc:256 imb:0 pmb:0 smb:4320 d:s ref:0 ;
in:4082 out:4083 type:b dur:2 cpbdur:2 q:38.02 aq:36.00 tex:0 mv:0 misc:256 imb:0 pmb:0 smb:4320 d:- ref:0 ;
in:4087 out:4084 type:P dur:2 cpbdur:2 q:37.97 aq:30.18 tex:906 mv:40 misc:358 imb:0 pmb:16 smb:4304 d:s ref:0 ;
in:4085 out:4085 type:B dur:2 cpbdur:2 q:37.99 aq:34.00 tex:0 mv:0 misc:272 imb:0 pmb:0 smb:4320 d:s ref:0 ;
in:4084 out:4086 type:b dur:2 cpbdur:2 q:38.00 aq:36.00 tex:0 mv:0 misc:256 imb:0 pmb:0 smb:4320 d:s ref:0 ;
in:4086 out:4087 type:b dur:2 cpbdur:2 q:37.98 aq:36.00 tex:0 mv:0 misc:256 imb:0 pmb:0 smb:4320 d:- ref:0 ;
in:4088 out:4088 type:P dur:2 cpbdur:2 q:37.92 aq:32.29 tex:1520 mv:250 misc:542 imb:2 pmb:52 smb:4266 d:s ref:0 ;
in:4092 out:4089 type:P dur:2 cpbdur:2 q:37.91 aq:34.21 tex:6917 mv:1328 misc:435 imb:36 pmb:120 smb:4164 d:s ref:0 ;
in:4090 out:4090 type:B dur:2 cpbdur:2 q:37.91 aq:39.76 tex:1685 mv:482 misc:433 imb:1 pmb:60 smb:4259 d:s ref:0 ;
in:4089 out:4091 type:b dur:2 cpbdur:2 q:37.92 aq:40.98 tex:375 mv:49 misc:344 imb:0 pmb:17 smb:4303 d:s ref:0 ;
in:4091 out:4092 type:b dur:2 cpbdur:2 q:37.91 aq:41.75 tex:297 mv:46 misc:329 imb:0 pmb:12 smb:4308 d:- ref:0 ;
in:4095 out:4093 type:P dur:2 cpbdur:2 q:37.89 aq:32.26 tex:14020 mv:1481 misc:435 imb:37 pmb:128 smb:4155 d:s ref:0 ;
in:4093 out:4094 type:B dur:2 cpbdur:2 q:37.90 aq:40.64 tex:2097 mv:602 misc:437 imb:1 pmb:74 smb:4245 d:s ref:0 ;
in:4094 out:4095 type:b dur:2 cpbdur:2 q:37.89 aq:39.36 tex:214 mv:73 misc:329 imb:0 pmb:14 smb:4306 d:- ref:0 ;
in:4096 out:4096 type:P dur:2 cpbdur:2 q:37.86 aq:32.47 tex:2203 mv:342 misc:543 imb:1 pmb:96 smb:4223 d:s ref:0 ;
in:4097 out:4097 type:P dur:2 cpbdur:2 q:37.85 aq:30.43 tex:2187 mv:303 misc:550 imb:0 pmb:89 smb:4231 d:s ref:0 ;
in:4101 out:4098 type:P dur:2 cpbdur:2 q:37.84 aq:35.45 tex:230 mv:59 misc:359 imb:0 pmb:14 smb:4306 d:s ref:0 ;
in:4099 out:4099 type:B dur:2 cpbdur:2 q:37.84 aq:34.00 tex:0 mv:0 misc:272 imb:0 pmb:0 smb:4320 d:s ref:0 ;
in:4098 out:4100 type:b dur:2 cpbdur:2 q:37.84 aq:36.00 tex:0 mv:0 misc:256 imb:0 pmb:0 smb:4320 d:s ref:0 ;
in:4100 out:4101 type:b dur:2 cpbdur:2 q:37.84 aq:36.00 tex:0 mv:0 misc:256 imb:0 pmb:0 smb:4320 d:- ref:0 ;
in:4103 out:4102 type:P dur:2 cpbdur:2 q:37.79 aq:34.25 tex:1131 mv:211 misc:466 imb:0 pmb:46 smb:4274 d:s ref:0 ;
in:4102 out:4103 type:b dur:2 cpbdur:2 q:37.81 aq:36.00 tex:0 mv:3 misc:261 imb:0 pmb:1 smb:4319 d:s ref:0 ;
in:4106 out:4104 type:P dur:2 cpbdur:2 q:37.77 aq:32.72 tex:9328 mv:1315 misc:437 imb:25 pmb:135 smb:4160 d:s ref:0 ;
in:4104 out:4105 type:B dur:2 cpbdur:2 q:37.78 aq:39.86 tex:1197 mv:322 misc:401 imb:0 pmb:41 smb:4279 d:s ref:0 ;
in:4105 out:4106 type:b dur:2 cpbdur:2 q:37.77 aq:40.97 tex:542 mv:63 misc:347 imb:0 pmb:22 smb:4298 d:- ref:0 ;
in:4109 out:4107 type:P dur:2 cpbdur:2 q:37.75 aq:33.83 tex:14353 mv:1645 misc:450 imb:33 pmb:147 smb:4140 d:s ref:0 ;
in:4107 out:4108 type:B dur:2 cpbdur:2 q:37.76 aq:34.00 tex:11 mv:165 misc:440 imb:0 pmb:44 smb:4276 d:s ref:0 ;
in:4108 out:4109 type:b dur:2 cpbdur:2 q:37.76 aq:40.12 tex:1342 mv:559 misc:427 imb:0 pmb:63 smb:4257 d:- ref:0 ;
in:4110 out:4110 type:P dur:2 cpbdur:2 q:37.73 aq:28.87 tex:1773 mv:289 misc:602 imb:0 pmb:86 smb:4234 d:s ref:0 ;
in:4114 out:4111 type:P dur:2 cpbdur:2 q:37.73 aq:30.89 tex:1077 mv:189 misc:470 imb:0 pmb:54 smb:4266 d:s ref:0 ;
in:4112 out:4112 type:B dur:2 cpbdur:2 q:37.73 aq:34.00 tex:0 mv:0 misc:272 imb:0 pmb:0 smb:4320 d:s ref:0 ;
in:4111 out:4113 type:b dur:2 cpbdur:2 q:37.73 aq:36.00 tex:0 mv:0 misc:256 imb:0 pmb:0 smb:4320 d:s ref:0 ;
in:4113 out:4114 type:b dur:2 cpbdur:2 q:37.73 aq:36.00 tex:0 mv:0 misc:256 imb:0 pmb:0 smb:4320 d:- ref:0 ;
in:4117 out:4115 type:P dur:2 cpbdur:2 q:37.68 aq:35.55 tex:810 mv:205 misc:481 imb:0 pmb:46 smb:4274 d:s ref:0 ;
in:4115 out:4116 type:B dur:2 cpbdur:2 q:37.71 aq:34.00 tex:0 mv:0 misc:272 imb:0 pmb:0 smb:4320 d:s ref:0 ;
in:4116 out:4117 type:b dur:2 cpbdur:2 q:37.70 aq:36.00 tex:0 mv:6 misc:266 imb:0 pmb:2 smb:4318 d:- ref:0 ;
in:4121 out:4118 type:P dur:2 cpbdur:2 q:37.65 aq:33.00 tex:11866 mv:1539 misc:491 imb:35 pmb:133 smb:4152 d:s ref:0 ;
in:4119 out:4119 type:B dur:2 cpbdur:2 q:37.67 aq:37.83 tex:2812 mv:1270 misc:462 imb:5 pmb:90 smb:4225 d:t ref:0 ;
in:4118 out:4120 type:b dur:2 cpbdur:2 q:37.67 aq:41.32 tex:780 mv:146 misc:378 imb:0 pmb:32 smb:4288 d:s ref:0 ;
in:4120 out:4121 type:b dur:2 cpbdur:2 q:37.66 aq:40.38 tex:847 mv:133 misc:396 imb:0 pmb:32 smb:4288 d:- ref:0 ;
in:4123 out:4122 type:P dur:2 cpbdur:2 q:37.62 aq:30.32 tex:10877 mv:1305 misc:530 imb:16 pmb:159 smb:4145 d:s ref:0 ;
in:4122 out:4123 type:b dur:2 cpbdur:2 q:37.64 aq:38.68 tex:263 mv:68 misc:333 imb:0 pmb:15 smb:4305 d:s ref:0 ;
in:4124 out:4124 type:P dur:2 cpbdur:2 q:37.61 aq:30.38 tex:2341 mv:248 misc:715 imb:2 pmb:86 smb:4232 d:s ref:0 ;
in:4125 out:4125 type:P dur:2 cpbdur:2 q:37.61 aq:27.82 tex:2790 mv:420 misc:638 imb:3 pmb:110 smb:4207 d:s ref:0 ;
in:4129 out:4126 type:P dur:2 cpbdur:2 q:37.60 aq:29.42 tex:553 mv:126 misc:441 imb:1 pmb:30 smb:4289 d:s ref:0 ;
in:4127 out:4127 type:B dur:2 cpbdur:2 q:37.60 aq:34.00 tex:0 mv:8 misc:288 imb:0 pmb:2 smb:4318 d:s ref:0 ;
in:4126 out:4128 type:b dur:2 cpbdur:2 q:37.61 aq:35.00 tex:0 mv:0 misc:256 imb:0 pmb:0 smb:4320 d:s ref:0 ;
in:4128 out:4129 type:b dur:2 cpbdur:2 q:37.60 aq:35.00 tex:0 mv:0 misc:256 imb:0 pmb:0 smb:4320 d:- ref:0 ;
in:4131 out:4130 type:P dur:2 cpbdur:2 q:37.55 aq:34.87 tex:1395 mv:298 misc:531 imb:3 pmb:57 smb:4260 d:s ref:0 ;
in:4130 out:4131 type:b dur:2 cpbdur:2 q:37.57 aq:35.00 tex:0 mv:6 misc:258 imb:0 pmb:1 smb:4319 d:s ref:0 ;
in:4135 out:4132 type:P dur:2 cpbdur:2 q:37.53 aq:33.27 tex:15306 mv:1700 misc:442 imb:55 pmb:134 smb:4131 d:s ref:0 ;
in:4133 out:4133 type:B dur:2 cpbdur:2 q:37.54 aq:39.82 tex:3442 mv:1586 misc:476 imb:6 pmb:120 smb:4194 d:t ref:0 ;
in:4132 out:4134 type:b dur:2 cpbdur:2 q:37.54 aq:41.10 tex:560 mv:124 misc:348 imb:1 pmb:23 smb:4296 d:s ref:0 ;
in:4134 out:4135 type:b dur:2 cpbdur:2 q:37.53 aq:39.31 tex:1511 mv:778 misc:463 imb:2 pmb:74 smb:4244 d:- ref:0 ;
in:4137 out:4136 type:P dur:2 cpbdur:2 q:37.51 aq:28.56 tex:7162 mv:1020 misc:490 imb:4 pmb:165 smb:4151 d:s ref:0 ;
in:4136 out:4137 type:b dur:2 cpbdur:2 q:37.52 aq:35.00 tex:2 mv:26 misc:292 imb:0 pmb:7 smb:4313 d:s ref:0 ;
in:4138 out:4138 type:P dur:2 cpbdur:2 q:37.49 aq:30.26 tex:2362 mv:259 misc:667 imb:3 pmb:81 smb:4236 d:s ref:0 ;
in:4139 out:4139 type:P dur:2 cpbdur:2 q:37.48 aq:23.37 tex:2217 mv:407 misc:616 imb:5 pmb:90 smb:4225 d:s ref:0 ;
in:4143 out:4140 type:P dur:2 cpbdur:2 q:37.48 aq:30.11 tex:397 mv:112 misc:387 imb:1 pmb:24 smb:4295 d:s ref:0 ;
in:4141 out:4141 type:B dur:2 cpbdur:2 q:37.48 aq:35.45 tex:35 mv:5 misc:272 imb:0 pmb:1 smb:4319 d:s ref:0 ;
in:4140 out:4142 type:b dur:2 cpbdur:2 q:37.48 aq:35.00 tex:0 mv:0 misc:256 imb:0 pmb:0 smb:4320 d:s ref:0 ;
in:4142 out:4143 type:b dur:2 cpbdur:2 q:37.48 aq:35.00 tex:0 mv:0 misc:256 imb:0 pmb:0 smb:4320 d:- ref:0 ;
in:4147 out:4144 type:P dur:2 cpbdur:2 q:37.43 aq:32.39 tex:8871 mv:1734 misc:435 imb:22 pmb:166 smb:4132 d:s ref:0 ;
in:4145 out:4145 type:B dur:2 cpbdur:2 q:37.46 aq:37.43 tex:777 mv:793 misc:518 imb:0 pmb:97 smb:4223 d:t ref:0 ;
in:4144 out:4146 type:b dur:2 cpbdur:2 q:37.47 aq:35.00 tex:1 mv:2 misc:261 imb:0 pmb:1 smb:4319 d:s ref:0 ;
in:4146 out:4147 type:b dur:2 cpbdur:2 q:37.44 aq:40.67 tex:718 mv:345 misc:425 imb:0 pmb:47 smb:4273 d:- ref:0 ;
in:4149 out:4148 type:P dur:2 cpbdur:2 q:37.40 aq:30.72 tex:14825 mv:1688 misc:527 imb:39 pmb:157 smb:4124 d:s ref:0 ;
in:4148 out:4149 type:b dur:2 cpbdur:2 q:37.41 aq:40.51 tex:793 mv:603 misc:444 imb:1 pmb:60 smb:4259 d:s ref:0 ;
in:4152 out:4150 type:P dur:2 cpbdur:2 q:37.40 aq:31.36 tex:8002 mv:1088 misc:478 imb:14 pmb:160 smb:4146 d:t ref:0 ;
in:4150 out:4151 type:B dur:2 cpbdur:2 q:37.40 aq:34.00 tex:0 mv:0 misc:272 imb:0 pmb:0 smb:4320 d:s ref:0 ;
in:4151 out:4152 type:b dur:2 cpbdur:2 q:37.40 aq:35.00 tex:0 mv:0 misc:256 imb:0 pmb:0 smb:4320 d:- ref:0 ;
in:4154 out:4153 type:P dur:2 cpbdur:2 q:37.37 aq:30.25 tex:3623 mv:485 misc:604 imb:2 pmb:123 smb:4195 d:s ref:0 ;
in:4153 out:4154 type:b dur:2 cpbdur:2 q:37.39 aq:35.00 tex:0 mv:0 misc:256 imb:0 pmb:0 smb:4320 d:s ref:0 ;
in:4158 out:4155 type:P dur:2 cpbdur:2 q:37.35 aq:29.32 tex:183 mv:56 misc:337 imb:1 pmb:8 smb:4311 d:s ref:0 ;
in:4156 out:4156 type:B dur:2 cpbdur:2 q:37.36 aq:33.00 tex:0 mv:0 misc:264 imb:0 pmb:0 smb:4320 d:s ref:0 ;
in:4155 out:4157 type:b dur:2 cpbdur:2 q:37.37 aq:35.00 tex:0 mv:0 misc:256 imb:0 pmb:0 smb:4320 d:s ref:0 ;
in:4157 out:4158 type:b dur:2 cpbdur:2 q:37.36 aq:35.00 tex:0 mv:0 misc:256 imb:0 pmb:0 smb:4320 d:- ref:0 ;
in:4162 out:4159 type:P dur:2 cpbdur:2 q:37.31 aq:32.10 tex:897 mv:118 misc:441 imb:1 pmb:26 smb:4293 d:s ref:0 ;
in:4160 out:4160 type:B dur:2 cpbdur:2 q:37.33 aq:33.00 tex:0 mv:16 misc:288 imb:0 pmb:5 smb:4315 d:s ref:0 ;
in:4159 out:4161 type:b dur:2 cpbdur:2 q:37.34 aq:35.00 tex:0 mv:0 misc:256 imb:0 pmb:0 smb:4320 d:s ref:0 ;
in:4161 out:4162 type:b dur:2 cpbdur:2 q:37.32 aq:35.00 tex:0 mv:6 misc:266 imb:0 pmb:2 smb:4318 d:- ref:0 ;
in:4166 out:4163 type:P dur:2 cpbdur:2 q:37.26 aq:32.25 tex:12511 mv:1647 misc:418 imb:41 pmb:133 smb:4146 d:s ref:0 ;
in:4164 out:4164 type:B dur:2 cpbdur:2 q:37.28 aq:32.29 tex:2562 mv:1218 misc:484 imb:3 pmb:105 smb:4212 d:t ref:0 ;
in:4163 out:4165 type:b dur:2 cpbdur:2 q:37.30 aq:40.74 tex:631 mv:238 misc:355 imb:0 pmb:26 smb:4294 d:s ref:0 ;
in:4165 out:4166 type:b dur:2 cpbdur:2 q:37.27 aq:41.72 tex:516 mv:164 misc:344 imb:0 pmb:20 smb:4300 d:- ref:0 ;
in:4169 out:4167 type:P dur:2 cpbdur:2 q:37.24 aq:32.31 tex:11278 mv:1383 misc:675 imb:8 pmb:216 smb:4096 d:s ref:0 ;
in:4167 out:4168 type:B dur:2 cpbdur:2 q:37.26 aq:36.57 tex:66 mv:12 misc:290 imb:0 pmb:3 smb:4317 d:t ref:0 ;
in:4168 out:4169 type:b dur:2 cpbdur:2 q:37.25 aq:37.93 tex:30 mv:5 misc:261 imb:0 pmb:1 smb:4319 d:- ref:0 ;
in:4170 out:4170 type:P dur:2 cpbdur:2 q:37.22 aq:28.50 tex:4573 mv:579 misc:720 imb:2 pmb:166 smb:4152 d:s ref:0 ;
in:4174 out:4171 type:P dur:2 cpbdur:2 q:37.21 aq:30.62 tex:416 mv:76 misc:380 imb:0 pmb:18 smb:4302 d:s ref:0 ;
in:4172 out:4172 type:B dur:2 cpbdur:2 q:37.22 aq:33.00 tex:0 mv:0 misc:264 imb:0 pmb:0 smb:4320 d:s ref:0 ;
in:4171 out:4173 type:b dur:2 cpbdur:2 q:37.22 aq:35.00 tex:0 mv:0 misc:256 imb:0 pmb:0 smb:4320 d:s ref:0 ;
in:4173 out:4174 type:b dur:2 cpbdur:2 q:37.22 aq:35.00 tex:0 mv:0 misc:256 imb:0 pmb:0 smb:4320 d:- ref:0 ;
in:4176 out:4175 type:P dur:2 cpbdur:2 q:37.16 aq:34.22 tex:1184 mv:267 misc:533 imb:1 pmb:53 smb:4266 d:s ref:0 ;
in:4175 out:4176 type:b dur:2 cpbdur:2 q:37.19 aq:35.00 tex:0 mv:3 misc:261 imb:0 pmb:1 smb:4319 d:s ref:0 ;
in:4179 out:4177 type:P dur:2 cpbdur:2 q:37.14 aq:33.48 tex:12522 mv:1686 misc:432 imb:37 pmb:148 smb:4135 d:s ref:0 ;
in:4177 out:4178 type:B dur:2 cpbdur:2 q:37.16 aq:38.56 tex:678 mv:640 misc:498 imb:1 pmb:67 smb:4252 d:t ref:0 ;
in:4178 out:4179 type:b dur:2 cpbdur:2 q:37.15 aq:39.59 tex:1696 mv:608 misc:480 imb:0 pmb:74 smb:4246 d:- ref:0 ;
in:4182 out:4180 type:P dur:2 cpbdur:2 q:37.12 aq:33.61 tex:10428 mv:1378 misc:434 imb:19 pmb:152 smb:4149 d:s ref:0 ;
in:4180 out:4181 type:B dur:2 cpbdur:2 q:37.13 aq:37.01 tex:452 mv:84 misc:384 imb:0 pmb:24 smb:4296 d:t ref:0 ;
in:4181 out:4182 type:b dur:2 cpbdur:2 q:37.13 aq:35.00 tex:12 mv:167 misc:413 imb:0 pmb:40 smb:4280 d:- ref:0 ;
in:4184 out:4183 type:P dur:2 cpbdur:2 q:37.11 aq:31.97 tex:3967 mv:588 misc:549 imb:4 pmb:127 smb:4189 d:t ref:0 ;
in:4183 out:4184 type:b dur:2 cpbdur:2 q:37.11 aq:35.00 tex:1 mv:5 misc:266 imb:0 pmb:2 smb:4318 d:t ref:0 ;
in:4188 out:4185 type:P dur:2 cpbdur:2 q:37.09 aq:23.81 tex:379 mv:70 misc:351 imb:1 pmb:12 smb:4307 d:t ref:0 ;
in:4186 out:4186 type:B dur:2 cpbdur:2 q:37.10 aq:33.00 tex:0 mv:0 misc:264 imb:0 pmb:0 smb:4320 d:t ref:0 ;
in:4185 out:4187 type:b dur:2 cpbdur:2 q:37.10 aq:35.00 tex:0 mv:10 misc:262 imb:0 pmb:1 smb:4319 d:s ref:0 ;
in:4187 out:4188 type:b dur:2 cpbdur:2 q:37.10 aq:35.00 tex:0 mv:0 misc:256 imb:0 pmb:0 smb:4320 d:- ref:0 ;
in:4189 out:4189 type:P dur:2 cpbdur:2 q:37.04 aq:34.41 tex:1430 mv:222 misc:476 imb:2 pmb:45 smb:4273 d:t ref:0 ;
in:4193 out:4190 type:P dur:2 cpbdur:2 q:37.03 aq:34.58 tex:14795 mv:1775 misc:526 imb:45 pmb:169 smb:4106 d:t ref:0 ;
in:4191 out:4191 type:B dur:2 cpbdur:2 q:37.03 aq:35.80 tex:3386 mv:1088 misc:430 imb:6 pmb:85 smb:4229 d:t ref:0 ;
in:4190 out:4192 type:b dur:2 cpbdur:2 q:37.04 aq:39.94 tex:607 mv:237 misc:372 imb:1 pmb:35 smb:4284 d:t ref:0 ;
in:4192 out:4193 type:b dur:2 cpbdur:2 q:37.03 aq:39.67 tex:1207 mv:400 misc:401 imb:2 pmb:45 smb:4273 d:- ref:0 ;
in:4194 out:4194 type:P dur:2 cpbdur:2 q:37.00 aq:29.86 tex:3330 mv:624 misc:438 imb:1 pmb:125 smb:4194 d:t ref:0 ;
in:4195 out:4195 type:P dur:2 cpbdur:2 q:37.00 aq:32.69 tex:9237 mv:1010 misc:465 imb:5 pmb:159 smb:4156 d:t ref:0 ;
in:4196 out:4196 type:P dur:2 cpbdur:2 q:37.00 aq:29.72 tex:2859 mv:374 misc:415 imb:0 pmb:99 smb:4221 d:t ref:0 ;
in:4198 out:4197 type:P dur:2 cpbdur:2 q:36.99 aq:28.24 tex:1370 mv:232 misc:486 imb:1 pmb:58 smb:4261 d:t ref:0 ;
in:4197 out:4198 type:b dur:2 cpbdur:2 q:36.99 aq:35.00 tex:0 mv:0 misc:256 imb:0 pmb:0 smb:4320 d:t ref:0 ;
in:4199 out:4199 type:P dur:2 cpbdur:2 q:36.97 aq:35.00 tex:0 mv:5 misc:267 imb:0 pmb:1 smb:4319 d:t ref:0 ;
in:4200 out:4200 type:I dur:2 cpbdur:2 q:34.23 aq:20.52 tex:193043 mv:33905 misc:540 imb:4320 pmb:0 smb:0 d:t ref:;
in:4204 out:4201 type:P dur:2 cpbdur:2 q:37.22 aq:30.75 tex:13109 mv:1492 misc:399 imb:42 pmb:128 smb:4150 d:t ref:0 ;
in:4202 out:4202 type:B dur:2 cpbdur:2 q:37.22 aq:34.14 tex:422 mv:355 misc:415 imb:0 pmb:101 smb:4219 d:s ref:0 ;
in:4201 out:4203 type:b dur:2 cpbdur:2 q:37.22 aq:35.00 tex:0 mv:3 misc:261 imb:0 pmb:1 smb:4319 d:t ref:0 ;
in:4203 out:4204 type:b dur:2 cpbdur:2 q:37.22 aq:35.00 tex:13 mv:139 misc:416 imb:1 pmb:40 smb:4279 d:- ref:0 ;
in:4205 out:4205 type:P dur:2 cpbdur:2 q:37.19 aq:29.78 tex:9916 mv:956 misc:400 imb:6 pmb:145 smb:4169 d:t ref:0 ;
in:4206 out:4206 type:P dur:2 cpbdur:2 q:37.18 aq:26.41 tex:10416 mv:869 misc:379 imb:6 pmb:138 smb:4176 d:t ref:0 ;
in:4207 out:4207 type:P dur:2 cpbdur:2 q:37.17 aq:29.62 tex:6089 mv:567 misc:416 imb:2 pmb:131 smb:4187 d:t ref:0 ;
in:4208 out:4208 type:P dur:2 cpbdur:2 q:37.18 aq:29.74 tex:5092 mv:425 misc:435 imb:1 pmb:122 smb:4197 d:t ref:0 ;
in:4209 out:4209 type:P dur:2 cpbdur:2 q:37.17 aq:27.93 tex:3376 mv:261 misc:435 imb:0 pmb:99 smb:4221 d:t ref:0 ;
in:4213 out:4210 type:P dur:2 cpbdur:2 q:37.16 aq:29.64 tex:2114 mv:154 misc:444 imb:1 pmb:59 smb:4260 d:s ref:0 ;
in:4211 out:4211 type:B dur:2 cpbdur:2 q:37.17 aq:33.00 tex:0 mv:0 misc:264 imb:0 pmb:0 smb:4320 d:t ref:0 ;
in:4210 out:4212 type:b dur:2 cpbdur:2 q:37.17 aq:35.00 tex:0 mv:0 misc:256 imb:0 pmb:0 smb:4320 d:t ref:0 ;
in:4212 out:4213 type:b dur:2 cpbdur:2 q:37.16 aq:35.00 tex:0 mv:0 misc:256 imb:0 pmb:0 smb:4320 d:- ref:0 ;
in:4217 out:4214 type:P dur:2 cpbdur:2 q:37.12 aq:29.92 tex:228 mv:38 misc:350 imb:0 pmb:11 smb:4309 d:t ref:0 ;
in:4215 out:4215 type:B dur:2 cpbdur:2 q:37.14 aq:33.00 tex:0 mv:0 misc:264 imb:0 pmb:0 smb:4320 d:t ref:0 ;
in:4214 out:4216 type:b dur:2 cpbdur:2 q:37.15 aq:35.00 tex:0 mv:0 misc:256 imb:0 pmb:0 smb:4320 d:t ref:0 ;
in:4216 out:4217 type:b dur:2 cpbdur:2 q:37.13 aq:35.00 tex:0 mv:0 misc:256 imb:0 pmb:0 smb:4320 d:- ref:0 ;
in:4221 out:4218 type:P dur:2 cpbdur:2 q:37.09 aq:31.10 tex:928 mv:54 misc:322 imb:3 pmb:7 smb:4310 d:t ref:0 ;
in:4219 out:4219 type:B dur:2 cpbdur:2 q:37.11 aq:33.00 tex:1 mv:12 misc:275 imb:0 pmb:4 smb:4316 d:s ref:0 ;
in:4218 out:4220 type:b dur:2 cpbdur:2 q:37.11 aq:35.00 tex:0 mv:0 misc:256 imb:0 pmb:0 smb:4320 d:s ref:0 ;
in:4220 out:4221 type:b dur:2 cpbdur:2 q:37.10 aq:39.05 tex:202 mv:78 misc:272 imb:0 pmb:6 smb:4314 d:- ref:0 ;
in:4225 out:4222 type:P dur:2 cpbdur:2 q:37.04 aq:33.20 tex:1592 mv:97 misc:319 imb:2 pmb:15 smb:4303 d:s ref:0 ;
in:4223 out:4223 type:B dur:2 cpbdur:2 q:37.07 aq:35.10 tex:282 mv:75 misc:307 imb:0 pmb:15 smb:4305 d:t ref:0 ;
in:4222 out:4224 type:b dur:2 cpbdur:2 q:37.08 aq:37.03 tex:189 mv:97 misc:274 imb:0 pmb:8 smb:4312 d:s ref:0 ;
in:4224 out:4225 type:b dur:2 cpbdur:2 q:37.06 aq:37.01 tex:156 mv:54 misc:286 imb:0 pmb:10 smb:4310 d:- ref:0 ;
in:4229 out:4226 type:P dur:2 cpbdur:2 q:37.02 aq:33.43 tex:1362 mv:85 misc:313 imb:3 pmb:12 smb:4305 d:s ref:0 ;
in:4227 out:4227 type:B dur:2 cpbdur:2 q:37.03 aq:36.29 tex:335 mv:86 misc:307 imb:0 pmb:11 smb:4309 d:t ref:0 ;
in:4226 out:4228 type:b dur:2 cpbdur:2 q:37.04 aq:37.85 tex:315 mv:107 misc:290 imb:1 pmb:9 smb:4310 d:s ref:0 ;
in:4228 out:4229 type:b dur:2 cpbdur:2 q:37.03 aq:38.29 tex:150 mv:93 misc:269 imb:0 pmb:4 smb:4316 d:- ref:0 ;
in:4233 out:4230 type:P dur:2 cpbdur:2 q:36.97 aq:27.97 tex:39693 mv:9217 misc:922 imb:2721 pmb:269 smb:1330 d:s ref:0 ;
in:4231 out:4231 type:B dur:2 cpbdur:2 q:37.00 aq:39.81 tex:2753 mv:2545 misc:1350 imb:45 pmb:376 smb:3899 d:s ref:0 ;
in:4230 out:4232 type:b dur:2 cpbdur:2 q:37.01 aq:37.71 tex:139 mv:172 misc:633 imb:0 pmb:171 smb:4149 d:s ref:0 ;
in:4232 out:4233 type:b dur:2 cpbdur:2 q:36.99 aq:36.86 tex:12198 mv:11278 misc:2172 imb:421 pmb:736 smb:3163 d:- ref:0 ;
in:4234 out:4234 type:P dur:2 cpbdur:2 q:36.98 aq:28.47 tex:19967 mv:8036 misc:1381 imb:932 pmb:518 smb:2870 d:s ref:0 ;
in:4235 out:4235 type:P dur:2 cpbdur:2 q:36.99 aq:26.61 tex:15576 mv:7148 misc:1484 imb:574 pmb:555 smb:3191 d:s ref:0 ;
in:4236 out:4236 type:P dur:2 cpbdur:2 q:36.99 aq:29.02 tex:10923 mv:5932 misc:1289 imb:285 pmb:524 smb:3511 d:s ref:0 ;
in:4237 out:4237 type:P dur:2 cpbdur:2 q:36.99 aq:27.14 tex:10590 mv:5359 misc:1123 imb:243 pmb:498 smb:3579 d:s ref:0 ;
in:4238 out:4238 type:P dur:2 cpbdur:2 q:36.99 aq:27.68 tex:11611 mv:5140 misc:1129 imb:176 pmb:534 smb:3610 d:s ref:0 ;
in:4239 out:4239 type:P dur:2 cpbdur:2 q:36.99 aq:26.79 tex:12940 mv:4691 misc:1081 imb:202 pmb:496 smb:3622 d:s ref:0 ;
in:4241 out:4240 type:P dur:2 cpbdur:2 q:36.99 aq:24.62 tex:17515 mv:5023 misc:1014 imb:292 pmb:467 smb:3561 d:s ref:0 ;
in:4240 out:4241 type:b dur:2 cpbdur:2 q:36.99 aq:27.35 tex:1047 mv:2478 misc:979 imb:25 pmb:227 smb:4068 d:s ref:0 ;
in:4245 out:4242 type:P dur:2 cpbdur:2 q:36.98 aq:24.91 tex:23566 mv:4537 misc:929 imb:180 pmb:470 smb:3670 d:s ref:0 ;
in:4243 out:4243 type:B dur:2 cpbdur:2 q:36.98 aq:33.08 tex:1656 mv:2315 misc:973 imb:12 pmb:219 smb:4089 d:s ref:0 ;
in:4242 out:4244 type:b dur:2 cpbdur:2 q:36.99 aq:35.05 tex:383 mv:1719 misc:818 imb:14 pmb:158 smb:4148 d:s ref:0 ;
in:4244 out:4245 type:b dur:2 cpbdur:2 q:36.98 aq:36.39 tex:512 mv:1495 misc:841 imb:35 pmb:157 smb:4128 d:- ref:0 ;
in:4249 out:4246 type:P dur:2 cpbdur:2 q:36.96 aq:22.36 tex:13018 mv:3302 misc:1160 imb:119 pmb:416 smb:3785 d:s ref:0 ;
in:4247 out:4247 type:B dur:2 cpbdur:2 q:36.97 aq:32.21 tex:314 mv:1277 misc:721 imb:2 pmb:122 smb:4196 d:s ref:0 ;
in:4246 out:4248 type:b dur:2 cpbdur:2 q:36.98 aq:38.74 tex:164 mv:488 misc:452 imb:0 pmb:42 smb:4278 d:s ref:0 ;
in:4248 out:4249 type:b dur:2 cpbdur:2 q:36.97 aq:32.14 tex:151 mv:229 misc:340 imb:0 pmb:18 smb:4302 d:- ref:0 ;
in:4253 out:4250 type:P dur:2 cpbdur:2 q:36.97 aq:27.37 tex:10557 mv:2218 misc:1161 imb:82 pmb:356 smb:3882 d:s ref:0 ;
in:4251 out:4251 type:B dur:2 cpbdur:2 q:36.97 aq:35.05 tex:329 mv:254 misc:409 imb:1 pmb:30 smb:4289 d:t ref:0 ;
in:4250 out:4252 type:b dur:2 cpbdur:2 q:36.96 aq:31.87 tex:59 mv:10 misc:259 imb:0 pmb:2 smb:4318 d:s ref:0 ;
in:4252 out:4253 type:b dur:2 cpbdur:2 q:36.97 aq:31.24 tex:305 mv:152 misc:271 imb:0 pmb:11 smb:4309 d:- ref:0 ;
in:4257 out:4254 type:P dur:2 cpbdur:2 q:37.02 aq:24.81 tex:7540 mv:1180 misc:1080 imb:32 pmb:258 smb:4030 d:s ref:0 ;
in:4255 out:4255 type:B dur:2 cpbdur:2 q:36.99 aq:30.39 tex:665 mv:120 misc:295 imb:2 pmb:18 smb:4300 d:s ref:0 ;
in:4254 out:4256 type:b dur:2 cpbdur:2 q:36.98 aq:31.71 tex:633 mv:103 misc:272 imb:1 pmb:12 smb:4307 d:s ref:0 ;
in:4256 out:4257 type:b dur:2 cpbdur:2 q:37.01 aq:29.40 tex:575 mv:107 misc:270 imb:1 pmb:11 smb:4308 d:- ref:0 ;
in:4261 out:4258 type:P dur:2 cpbdur:2 q:37.04 aq:30.02 tex:4642 mv:467 misc:691 imb:17 pmb:87 smb:4216 d:s ref:0 ;
in:4259 out:4259 type:B dur:2 cpbdur:2 q:37.03 aq:28.92 tex:504 mv:158 misc:290 imb:0 pmb:14 smb:4306 d:s ref:0 ;
in:4258 out:4260 type:b dur:2 cpbdur:2 q:37.03 aq:30.64 tex:235 mv:231 misc:270 imb:0 pmb:11 smb:4309 d:s ref:0 ;
in:4260 out:4261 type:b dur:2 cpbdur:2 q:37.04 aq:30.63 tex:202 mv:137 misc:269 imb:0 pmb:8 smb:4312 d:- ref:0 ;
in:4265 out:4262 type:P dur:2 cpbdur:2 q:37.03 aq:29.20 tex:1583 mv:171 misc:398 imb:2 pmb:21 smb:4297 d:s ref:0 ;
in:4263 out:4263 type:B dur:2 cpbdur:2 q:37.04 aq:29.56 tex:356 mv:151 misc:285 imb:0 pmb:10 smb:4310 d:s ref:0 ;
in:4262 out:4264 type:b dur:2 cpbdur:2 q:37.04 aq:30.20 tex:156 mv:122 misc:266 imb:0 pmb:6 smb:4314 d:s ref:0 ;
in:4264 out:4265 type:b dur:2 cpbdur:2 q:37.03 aq:29.14 tex:55 mv:101 misc:268 imb:0 pmb:7 smb:4313 d:- ref:0 ;
in:4269 out:4266 type:P dur:2 cpbdur:2 q:37.00 aq:28.86 tex:1271 mv:163 misc:390 imb:4 pmb:20 smb:4296 d:s ref:0 ;
in:4267 out:4267 type:B dur:2 cpbdur:2 q:37.02 aq:21.00 tex:2 mv:23 misc:287 imb:0 pmb:6 smb:4314 d:s ref:0 ;
in:4266 out:4268 type:b dur:2 cpbdur:2 q:37.02 aq:22.00 tex:4 mv:21 misc:263 imb:0 pmb:5 smb:4315 d:s ref:0 ;
in:4268 out:4269 type:b dur:2 cpbdur:2 q:37.01 aq:22.00 tex:0 mv:0 misc:248 imb:0 pmb:0 smb:4320 d:- ref:0 ;
in:4273 out:4270 type:P dur:2 cpbdur:2 q:36.95 aq:17.06 tex:333 mv:258 misc:505 imb:33 pmb:27 smb:4260 d:s ref:0 ;
in:4271 out:4271 type:B dur:2 cpbdur:2 q:36.98 aq:21.00 tex:9 mv:4 misc:275 imb:0 pmb:1 smb:4319 d:s ref:0 ;
in:4270 out:4272 type:b dur:2 cpbdur:2 q:36.99 aq:22.00 tex:0 mv:0 misc:248 imb:0 pmb:0 smb:4320 d:s ref:0 ;
in:4272 out:4273 type:b dur:2 cpbdur:2 q:36.96 aq:22.00 tex:0 mv:0 misc:248 imb:0 pmb:0 smb:4320 d:- ref:0 ;
in:4277 out:4274 type:P dur:2 cpbdur:2 q:36.90 aq:23.19 tex:1929 mv:261 misc:490 imb:15 pmb:28 smb:4277 d:s ref:0 ;
in:4275 out:4275 type:B dur:2 cpbdur:2 q:36.93 aq:29.26 tex:200 mv:79 misc:289 imb:0 pmb:8 smb:4312 d:s ref:0 ;
in:4274 out:4276 type:b dur:2 cpbdur:2 q:36.94 aq:28.77 tex:58 mv:17 misc:269 imb:0 pmb:3 smb:4317 d:s ref:0 ;
in:4276 out:4277 type:b dur:2 cpbdur:2 q:36.91 aq:29.89 tex:184 mv:60 misc:260 imb:0 pmb:6 smb:4314 d:- ref:0 ;
in:4281 out:4278 type:P dur:2 cpbdur:2 q:36.86 aq:17.00 tex:55 mv:31 misc:338 imb:0 pmb:8 smb:4312 d:s ref:0 ;
in:4279 out:4279 type:B dur:2 cpbdur:2 q:36.88 aq:21.00 tex:9 mv:4 misc:275 imb:0 pmb:1 smb:4319 d:s ref:0 ;
in:4278 out:4280 type:b dur:2 cpbdur:2 q:36.89 aq:22.00 tex:0 mv:0 misc:248 imb:0 pmb:0 smb:4320 d:s ref:0 ;
in:4280 out:4281 type:b dur:2 cpbdur:2 q:36.87 aq:22.00 tex:0 mv:0 misc:248 imb:0 pmb:0 smb:4320 d:- ref:0 ;
in:4285 out:4282 type:P dur:2 cpbdur:2 q:36.80 aq:19.97 tex:110 mv:38 misc:356 imb:0 pmb:10 smb:4310 d:s ref:0 ;
in:4283 out:4283 type:B dur:2 cpbdur:2 q:36.83 aq:21.00 tex:9 mv:4 misc:275 imb:0 pmb:1 smb:4319 d:s ref:0 ;
in:4282 out:4284 type:b dur:2 cpbdur:2 q:36.84 aq:22.00 tex:0 mv:0 misc:248 imb:0 pmb:0 smb:4320 d:s ref:0 ;
in:4284 out:4285 type:b dur:2 cpbdur:2 q:36.82 aq:22.00 tex:0 mv:0 misc:248 imb:0 pmb:0 smb:4320 d:- ref:0 ;
in:4289 out:4286 type:P dur:2 cpbdur:2 q:36.75 aq:17.00 tex:53 mv:24 misc:331 imb:0 pmb:7 smb:4313 d:s ref:0 ;
in:4287 out:4287 type:B dur:2 cpbdur:2 q:36.78 aq:21.00 tex:9 mv:4 misc:275 imb:0 pmb:1 smb:4319 d:s ref:0 ;
in:4286 out:4288 type:b dur:2 cpbdur:2 q:36.79 aq:22.00 tex:0 mv:0 misc:248 imb:0 pmb:0 smb:4320 d:s ref:0 ;
in:4288 out:4289 type:b dur:2 cpbdur:2 q:36.76 aq:22.00 tex:0 mv:0 misc:248 imb:0 pmb:0 smb:4320 d:- ref:0 ;
in:4293 out:4290 type:P dur:2 cpbdur:2 q:36.70 aq:18.97 tex:52 mv:16 misc:300 imb:1 pmb:1 smb:4318 d:s ref:0 ;
in:4291 out:4291 type:B dur:2 cpbdur:2 q:36.72 aq:20.00 tex:0 mv:0 misc:264 imb:0 pmb:0 smb:4320 d:s ref:0 ;
in:4290 out:4292 type:b dur:2 cpbdur:2 q:36.74 aq:22.00 tex:0 mv:0 misc:248 imb:0 pmb:0 smb:4320 d:s ref:0 ;
in:4292 out:4293 type:b dur:2 cpbdur:2 q:36.71 aq:22.00 tex:0 mv:0 misc:248 imb:0 pmb:0 smb:4320 d:- ref:0 ;
in:4297 out:4294 type:P dur:2 cpbdur:2 q:36.64 aq:18.00 tex:0 mv:0 misc:280 imb:0 pmb:0 smb:4320 d:s ref:0 ;
in:4295 out:4295 type:B dur:2 cpbdur:2 q:36.67 aq:20.00 tex:0 mv:0 misc:264 imb:0 pmb:0 smb:4320 d:s ref:0 ;
in:4294 out:4296 type:b dur:2 cpbdur:2 q:36.68 aq:22.00 tex:0 mv:0 misc:248 imb:0 pmb:0 smb:4320 d:s ref:0 ;
in:4296 out:4297 type:b dur:2 cpbdur:2 q:36.65 aq:22.00 tex:0 mv:0 misc:248 imb:0 pmb:0 smb:4320 d:- ref:0 ;
in:4301 out:4298 type:P dur:2 cpbdur:2 q:36.58 aq:27.17 tex:23617 mv:3254 misc:569 imb:91 pmb:267 smb:3962 d:s ref:0 ;
in:4299 out:4299 type:B dur:2 cpbdur:2 q:36.61 aq:20.00 tex:17 mv:78 misc:441 imb:0 pmb:51 smb:4269 d:s ref:0 ;
in:4298 out:4300 type:b dur:2 cpbdur:2 q:36.62 aq:22.00 tex:0 mv:0 misc:248 imb:0 pmb:0 smb:4320 d:s ref:0 ;
in:4300 out:4301 type:b dur:2 cpbdur:2 q:36.59 aq:33.93 tex:2517 mv:1428 misc:535 imb:6 pmb:120 smb:4194 d:- ref:0 ;
in:4303 out:4302 type:P dur:2 cpbdur:2 q:36.56 aq:30.24 tex:9832 mv:1662 misc:642 imb:8 pmb:286 smb:4026 d:s ref:0 ;
in:4302 out:4303 type:b dur:2 cpbdur:2 q:36.57 aq:31.45 tex:42 mv:13 misc:257 imb:0 pmb:2 smb:4318 d:t ref:0 ;
in:4304 out:4304 type:P dur:2 cpbdur:2 q:36.55 aq:30.05 tex:2647 mv:502 misc:771 imb:0 pmb:150 smb:4170 d:s ref:0 ;
in:4305 out:4305 type:P dur:2 cpbdur:2 q:36.54 aq:27.05 tex:6576 mv:1006 misc:770 imb:3 pmb:263 smb:4054 d:s ref:0 ;
in:4309 out:4306 type:P dur:2 cpbdur:2 q:36.53 aq:25.71 tex:287 mv:80 misc:393 imb:0 pmb:18 smb:4302 d:s ref:0 ;
in:4307 out:4307 type:B dur:2 cpbdur:2 q:36.54 aq:20.00 tex:0 mv:0 misc:264 imb:0 pmb:0 smb:4320 d:s ref:0 ;
in:4306 out:4308 type:b dur:2 cpbdur:2 q:36.54 aq:22.00 tex:0 mv:0 misc:248 imb:0 pmb:0 smb:4320 d:s ref:0 ;
in:4308 out:4309 type:b dur:2 cpbdur:2 q:36.53 aq:22.00 tex:0 mv:0 misc:248 imb:0 pmb:0 smb:4320 d:- ref:0 ;
in:4311 out:4310 type:P dur:2 cpbdur:2 q:36.48 aq:28.76 tex:117 mv:124 misc:423 imb:0 pmb:20 smb:4300 d:s ref:0 ;
in:4310 out:4311 type:b dur:2 cpbdur:2 q:36.51 aq:22.00 tex:0 mv:0 misc:248 imb:0 pmb:0 smb:4320 d:s ref:0 ;
in:4314 out:4312 type:P dur:2 cpbdur:2 q:36.46 aq:28.90 tex:13594 mv:2601 misc:573 imb:61 pmb:249 smb:4010 d:s ref:0 ;
in:4312 out:4313 type:B dur:2 cpbdur:2 q:36.48 aq:30.78 tex:1163 mv:444 misc:457 imb:0 pmb:64 smb:4256 d:t ref:0 ;
in:4313 out:4314 type:b dur:2 cpbdur:2 q:36.47 aq:33.19 tex:230 mv:110 misc:340 imb:0 pmb:18 smb:4302 d:- ref:0 ;
in:4318 out:4315 type:P dur:2 cpbdur:2 q:36.46 aq:27.16 tex:24705 mv:3284 misc:459 imb:64 pmb:276 smb:3980 d:s ref:0 ;
in:4316 out:4316 type:B dur:2 cpbdur:2 q:36.46 aq:29.91 tex:2454 mv:1235 misc:559 imb:2 pmb:122 smb:4196 d:t ref:0 ;
in:4315 out:4317 type:b dur:2 cpbdur:2 q:36.46 aq:32.22 tex:92 mv:18 misc:282 imb:0 pmb:4 smb:4316 d:s ref:0 ;
in:4317 out:4318 type:b dur:2 cpbdur:2 q:36.46 aq:32.01 tex:92 mv:235 misc:497 imb:0 pmb:63 smb:4257 d:- ref:0 ;
in:4319 out:4319 type:P dur:2 cpbdur:2 q:36.45 aq:30.72 tex:5779 mv:848 misc:701 imb:3 pmb:215 smb:4102 d:s ref:0 ;
in:4321 out:4320 type:P dur:2 cpbdur:2 q:36.45 aq:27.43 tex:3250 mv:430 misc:696 imb:0 pmb:143 smb:4177 d:s ref:0 ;
in:4320 out:4321 type:b dur:2 cpbdur:2 q:36.45 aq:21.00 tex:0 mv:0 misc:248 imb:0 pmb:0 smb:4320 d:s ref:0 ;
in:4322 out:4322 type:P dur:2 cpbdur:2 q:36.43 aq:25.98 tex:1762 mv:341 misc:689 imb:3 pmb:90 smb:4227 d:s ref:0 ;
in:4326 out:4323 type:P dur:2 cpbdur:2 q:36.42 aq:23.87 tex:46729 mv:2471 misc:832 imb:77 pmb:398 smb:3845 d:s ref:0 ;
in:4324 out:4324 type:B dur:2 cpbdur:2 q:36.42 aq:24.71 tex:107 mv:196 misc:761 imb:1 pmb:131 smb:4188 d:s ref:0 ;
in:4323 out:4325 type:b dur:2 cpbdur:2 q:36.42 aq:21.00 tex:24 mv:164 misc:692 imb:0 pmb:107 smb:4213 d:s ref:0 ;
in:4325 out:4326 type:b dur:2 cpbdur:2 q:36.42 aq:21.00 tex:0 mv:0 misc:248 imb:0 pmb:0 smb:4320 d:- ref:0 ;
in:4330 out:4327 type:P dur:2 cpbdur:2 q:36.42 aq:24.10 tex:637 mv:76 misc:431 imb:1 pmb:19 smb:4300 d:s ref:0 ;
in:4328 out:4328 type:B dur:2 cpbdur:2 q:36.42 aq:20.00 tex:0 mv:0 misc:264 imb:0 pmb:0 smb:4320 d:s ref:0 ;
in:4327 out:4329 type:b dur:2 cpbdur:2 q:36.42 aq:21.00 tex:0 mv:0 misc:248 imb:0 pmb:0 smb:4320 d:s ref:0 ;
in:4329 out:4330 type:b dur:2 cpbdur:2 q:36.42 aq:21.00 tex:0 mv:0 misc:248 imb:0 pmb:0 smb:4320 d:- ref:0 ;
in:4334 out:4331 type:P dur:2 cpbdur:2 q:36.36 aq:18.00 tex:3 mv:11 misc:290 imb:1 pmb:0 smb:4319 d:s ref:0 ;
in:4332 out:4332 type:B dur:2 cpbdur:2 q:36.39 aq:20.00 tex:0 mv:0 misc:264 imb:0 pmb:0 smb:4320 d:s ref:0 ;
in:4331 out:4333 type:b dur:2 cpbdur:2 q:36.40 aq:21.00 tex:0 mv:0 misc:248 imb:0 pmb:0 smb:4320 d:s ref:0 ;
in:4333 out:4334 type:b dur:2 cpbdur:2 q:36.38 aq:21.00 tex:0 mv:0 misc:248 imb:0 pmb:0 smb:4320 d:- ref:0 ;
in:4336 out:4335 type:P dur:2 cpbdur:2 q:36.32 aq:30.25 tex:2055 mv:442 misc:543 imb:1 pmb:79 smb:4240 d:s ref:0 ;
in:4335 out:4336 type:b dur:2 cpbdur:2 q:36.34 aq:21.00 tex:5 mv:51 misc:336 imb:0 pmb:17 smb:4303 d:t ref:0 ;
in:4337 out:4337 type:P dur:2 cpbdur:2 q:36.30 aq:27.18 tex:3603 mv:777 misc:764 imb:3 pmb:168 smb:4149 d:s ref:0 ;
in:4341 out:4338 type:P dur:2 cpbdur:2 q:36.29 aq:30.57 tex:26572 mv:3332 misc:640 imb:134 pmb:255 smb:3931 d:s ref:0 ;
in:4339 out:4339 type:B dur:2 cpbdur:2 q:36.29 aq:32.22 tex:10809 mv:3768 misc:503 imb:29 pmb:240 smb:4051 d:t ref:0 ;
in:4338 out:4340 type:b dur:2 cpbdur:2 q:36.29 aq:32.74 tex:2812 mv:698 misc:562 imb:0 pmb:119 smb:4201 d:s ref:0 ;
in:4340 out:4341 type:b dur:2 cpbdur:2 q:36.29 aq:32.25 tex:4099 mv:1524 misc:569 imb:1 pmb:165 smb:4154 d:- ref:0 ;
in:4343 out:4342 type:P dur:2 cpbdur:2 q:36.31 aq:26.59 tex:28670 mv:3183 misc:603 imb:79 pmb:306 smb:3935 d:s ref:0 ;
in:4342 out:4343 type:b dur:2 cpbdur:2 q:36.30 aq:32.79 tex:2846 mv:826 misc:528 imb:0 pmb:112 smb:4208 d:t ref:0 ;
in:4344 out:4344 type:P dur:2 cpbdur:2 q:36.32 aq:30.91 tex:5085 mv:944 misc:723 imb:3 pmb:217 smb:4100 d:s ref:0 ;
in:4345 out:4345 type:P dur:2 cpbdur:2 q:36.33 aq:29.05 tex:15640 mv:1544 misc:568 imb:7 pmb:319 smb:3994 d:s ref:0 ;
in:4346 out:4346 type:P dur:2 cpbdur:2 q:36.33 aq:27.75 tex:6574 mv:666 misc:832 imb:2 pmb:222 smb:4096 d:s ref:0 ;
in:4350 out:4347 type:P dur:2 cpbdur:2 q:36.33 aq:29.23 tex:5553 mv:1345 misc:734 imb:11 pmb:216 smb:4093 d:s ref:0 ;
in:4348 out:4348 type:B dur:2 cpbdur:2 q:36.33 aq:29.61 tex:1985 mv:436 misc:659 imb:0 pmb:129 smb:4191 d:s ref:0 ;
in:4347 out:4349 type:b dur:2 cpbdur:2 q:36.33 aq:21.00 tex:2 mv:9 misc:269 imb:0 pmb:2 smb:4318 d:s ref:0 ;
in:4349 out:4350 type:b dur:2 cpbdur:2 q:36.33 aq:30.82 tex:88 mv:148 misc:500 imb:0 pmb:62 smb:4258 d:- ref:0 ;
in:4354 out:4351 type:P dur:2 cpbdur:2 q:36.31 aq:30.32 tex:28774 mv:3317 misc:565 imb:133 pmb:239 smb:3948 d:s ref:0 ;
in:4352 out:4352 type:B dur:2 cpbdur:2 q:36.32 aq:31.44 tex:10493 mv:3597 misc:558 imb:29 pmb:224 smb:4067 d:t ref:0 ;
in:4351 out:4353 type:b dur:2 cpbdur:2 q:36.32 aq:32.52 tex:2824 mv:839 misc:553 imb:3 pmb:106 smb:4211 d:s ref:0 ;
in:4353 out:4354 type:b dur:2 cpbdur:2 q:36.32 aq:32.85 tex:6859 mv:2029 misc:608 imb:8 pmb:179 smb:4133 d:- ref:0 ;
in:4356 out:4355 type:P dur:2 cpbdur:2 q:36.30 aq:29.63 tex:20298 mv:2648 misc:582 imb:54 pmb:290 smb:3976 d:s ref:0 ;
in:4355 out:4356 type:b dur:2 cpbdur:2 q:36.30 aq:21.00 tex:20 mv:248 misc:516 imb:0 pmb:72 smb:4248 d:s ref:0 ;
in:4357 out:4357 type:P dur:2 cpbdur:2 q:36.33 aq:26.33 tex:2158 mv:424 misc:730 imb:1 pmb:114 smb:4205 d:s ref:0 ;
in:4361 out:4358 type:P dur:2 cpbdur:2 q:36.33 aq:29.33 tex:33620 mv:3238 misc:542 imb:96 pmb:280 smb:3944 d:s ref:0 ;
in:4359 out:4359 type:B dur:2 cpbdur:2 q:36.33 aq:31.37 tex:9308 mv:2311 misc:533 imb:6 pmb:238 smb:4076 d:t ref:0 ;
in:4358 out:4360 type:b dur:2 cpbdur:2 q:36.33 aq:33.04 tex:2054 mv:451 misc:463 imb:0 pmb:65 smb:4255 d:s ref:0 ;
in:4360 out:4361 type:b dur:2 cpbdur:2 q:36.33 aq:32.24 tex:337 mv:81 misc:334 imb:0 pmb:15 smb:4305 d:- ref:0 ;
in:4362 out:4362 type:P dur:2 cpbdur:2 q:36.33 aq:26.88 tex:2074 mv:345 misc:661 imb:3 pmb:89 smb:4228 d:s ref:0 ;
in:4363 out:4363 type:P dur:2 cpbdur:2 q:36.33 aq:27.11 tex:1340 mv:207 misc:525 imb:1 pmb:54 smb:4265 d:s ref:0 ;
in:4364 out:4364 type:P dur:2 cpbdur:2 q:36.33 aq:23.83 tex:441 mv:92 misc:443 imb:1 pmb:23 smb:4296 d:s ref:0 ;
in:4368 out:4365 type:P dur:2 cpbdur:2 q:36.31 aq:28.55 tex:22574 mv:3108 misc:542 imb:99 pmb:260 smb:3961 d:s ref:0 ;
in:4366 out:4366 type:B dur:2 cpbdur:2 q:36.32 aq:31.62 tex:10241 mv:2620 misc:587 imb:5 pmb:251 smb:4064 d:t ref:0 ;
in:4365 out:4367 type:b dur:2 cpbdur:2 q:36.32 aq:32.23 tex:181 mv:201 misc:506 imb:0 pmb:68 smb:4252 d:s ref:0 ;
in:4367 out:4368 type:b dur:2 cpbdur:2 q:36.31 aq:30.07 tex:1632 mv:771 misc:581 imb:1 pmb:118 smb:4201 d:- ref:0 ;
in:4372 out:4369 type:P dur:2 cpbdur:2 q:36.31 aq:29.78 tex:39856 mv:3406 misc:506 imb:137 pmb:232 smb:3951 d:s ref:0 ;
in:4370 out:4370 type:B dur:2 cpbdur:2 q:36.31 aq:29.86 tex:10594 mv:3901 misc:577 imb:26 pmb:250 smb:4044 d:t ref:0 ;
in:4369 out:4371 type:b dur:2 cpbdur:2 q:36.31 aq:33.36 tex:7369 mv:2522 misc:565 imb:7 pmb:213 smb:4100 d:s ref:0 ;
in:4371 out:4372 type:b dur:2 cpbdur:2 q:36.31 aq:32.61 tex:2978 mv:836 misc:586 imb:1 pmb:121 smb:4198 d:- ref:0 ;
in:4373 out:4373 type:P dur:2 cpbdur:2 q:36.35 aq:28.99 tex:33462 mv:2383 misc:523 imb:22 pmb:334 smb:3964 d:s ref:0 ;
in:4374 out:4374 type:P dur:2 cpbdur:2 q:36.36 aq:26.27 tex:22777 mv:1310 misc:553 imb:4 pmb:322 smb:3994 d:s ref:0 ;
in:4376 out:4375 type:P dur:2 cpbdur:2 q:36.37 aq:26.73 tex:13119 mv:872 misc:681 imb:1 pmb:283 smb:4036 d:s ref:0 ;
in:4375 out:4376 type:b dur:2 cpbdur:2 q:36.37 aq:21.00 tex:11 mv:10 misc:267 imb:0 pmb:3 smb:4317 d:s ref:0 ;
in:4380 out:4377 type:P dur:2 cpbdur:2 q:36.38 aq:19.57 tex:37054 mv:2902 misc:796 imb:108 pmb:378 smb:3834 d:s ref:0 ;
in:4378 out:4378 type:B dur:2 cpbdur:2 q:36.37 aq:31.88 tex:1042 mv:397 misc:737 imb:1 pmb:136 smb:4183 d:s ref:0 ;
in:4377 out:4379 type:b dur:2 cpbdur:2 q:36.37 aq:21.00 tex:4 mv:16 misc:276 imb:0 pmb:4 smb:4316 d:t ref:0 ;
in:4379 out:4380 type:b dur:2 cpbdur:2 q:36.37 aq:21.00 tex:22 mv:153 misc:665 imb:0 pmb:89 smb:4231 d:- ref:0 ;
in:4384 out:4381 type:P dur:2 cpbdur:2 q:36.37 aq:24.74 tex:1578 mv:219 misc:619 imb:0 pmb:64 smb:4256 d:s ref:0 ;
in:4382 out:4382 type:B dur:2 cpbdur:2 q:36.37 aq:20.00 tex:0 mv:0 misc:264 imb:0 pmb:0 smb:4320 d:s ref:0 ;
in:4381 out:4383 type:b dur:2 cpbdur:2 q:36.38 aq:21.00 tex:0 mv:0 misc:248 imb:0 pmb:0 smb:4320 d:s ref:0 ;
in:4383 out:4384 type:b dur:2 cpbdur:2 q:36.37 aq:21.00 tex:0 mv:0 misc:248 imb:0 pmb:0 smb:4320 d:- ref:0 ;
in:4388 out:4385 type:P dur:2 cpbdur:2 q:36.35 aq:23.92 tex:5039 mv:352 misc:513 imb:9 pmb:58 smb:4253 d:s ref:0 ;
in:4386 out:4386 type:B dur:2 cpbdur:2 q:36.36 aq:29.49 tex:492 mv:123 misc:305 imb:1 pmb:14 smb:4305 d:s ref:0 ;
in:4385 out:4387 type:b dur:2 cpbdur:2 q:36.37 aq:21.00 tex:4 mv:25 misc:267 imb:0 pmb:7 smb:4313 d:s ref:0 ;
in:4387 out:4388 type:b dur:2 cpbdur:2 q:36.35 aq:27.76 tex:431 mv:106 misc:303 imb:4 pmb:17 smb:4299 d:- ref:0 ;
in:4391 out:4389 type:P dur:2 cpbdur:2 q:36.34 aq:24.89 tex:3377 mv:297 misc:470 imb:12 pmb:37 smb:4271 d:s ref:0 ;
in:4389 out:4390 type:B dur:2 cpbdur:2 q:36.34 aq:29.57 tex:538 mv:134 misc:344 imb:4 pmb:25 smb:4291 d:s ref:0 ;
in:4390 out:4391 type:b dur:2 cpbdur:2 q:36.34 aq:28.37 tex:529 mv:129 misc:310 imb:7 pmb:16 smb:4297 d:- ref:0 ;
in:4392 out:4392 type:P dur:2 cpbdur:2 q:36.33 aq:23.88 tex:1334 mv:308 misc:478 imb:13 pmb:32 smb:4275 d:s ref:0 ;
in:4393 out:4393 type:P dur:2 cpbdur:2 q:36.34 aq:19.64 tex:576 mv:252 misc:380 imb:8 pmb:18 smb:4294 d:s ref:0 ;
in:4394 out:4394 type:P dur:2 cpbdur:2 q:36.32 aq:22.35 tex:902 mv:227 misc:375 imb:12 pmb:17 smb:4291 d:s ref:0 ;
in:4395 out:4395 type:P dur:2 cpbdur:2 q:36.33 aq:22.71 tex:603 mv:175 misc:318 imb:5 pmb:11 smb:4304 d:s ref:0 ;
in:4396 out:4396 type:P dur:2 cpbdur:2 q:36.32 aq:17.44 tex:648 mv:145 misc:311 imb:7 pmb:10 smb:4303 d:s ref:0 ;
in:4398 out:4397 type:P dur:2 cpbdur:2 q:36.31 aq:17.50 tex:569 mv:186 misc:325 imb:5 pmb:12 smb:4303 d:s ref:0 ;
in:4397 out:4398 type:b dur:2 cpbdur:2 q:36.31 aq:29.83 tex:57 mv:168 misc:271 imb:0 pmb:14 smb:4306 d:t ref:0 ;
in:4399 out:4399 type:P dur:2 cpbdur:2 q:36.27 aq:31.45 tex:894 mv:177 misc:377 imb:2 pmb:21 smb:4297 d:s ref:0 ;
in:4403 out:4400 type:P dur:2 cpbdur:2 q:36.26 aq:16.23 tex:556 mv:139 misc:345 imb:2 pmb:13 smb:4305 d:s ref:0 ;
in:4401 out:4401 type:B dur:2 cpbdur:2 q:36.27 aq:20.00 tex:16 mv:56 misc:296 imb:1 pmb:8 smb:4311 d:t ref:0 ;
in:4400 out:4402 type:b dur:2 cpbdur:2 q:36.27 aq:29.84 tex:53 mv:79 misc:268 imb:0 pmb:8 smb:4312 d:s ref:0 ;
in:4402 out:4403 type:b dur:2 cpbdur:2 q:36.27 aq:21.00 tex:0 mv:0 misc:248 imb:0 pmb:0 smb:4320 d:- ref:0 ;
in:4407 out:4404 type:P dur:2 cpbdur:2 q:36.22 aq:26.18 tex:163 mv:42 misc:331 imb:0 pmb:6 smb:4314 d:s ref:0 ;
in:4405 out:4405 type:B dur:2 cpbdur:2 q:36.24 aq:27.69 tex:148 mv:56 misc:284 imb:0 pmb:4 smb:4316 d:s ref:0 ;
in:4404 out:4406 type:b dur:2 cpbdur:2 q:36.25 aq:21.00 tex:3 mv:30 misc:271 imb:0 pmb:4 smb:4316 d:s ref:0 ;
in:4406 out:4407 type:b dur:2 cpbdur:2 q:36.23 aq:21.00 tex:2 mv:42 misc:260 imb:0 pmb:3 smb:4317 d:- ref:0 ;
in:4410 out:4408 type:P dur:2 cpbdur:2 q:36.17 aq:22.10 tex:201 mv:35 misc:324 imb:0 pmb:5 smb:4315 d:s ref:0 ;
in:4408 out:4409 type:B dur:2 cpbdur:2 q:36.20 aq:21.00 tex:1 mv:11 misc:276 imb:0 pmb:1 smb:4319 d:s ref:0 ;
in:4409 out:4410 type:b dur:2 cpbdur:2 q:36.18 aq:21.00 tex:1 mv:11 misc:260 imb:0 pmb:2 smb:4318 d:- ref:0 ;
in:4412 out:4411 type:P dur:2 cpbdur:2 q:36.12 aq:24.73 tex:457 mv:137 misc:318 imb:1 pmb:8 smb:4311 d:s ref:0 ;
in:4411 out:4412 type:b dur:2 cpbdur:2 q:36.14 aq:29.84 tex:65 mv:124 misc:267 imb:0 pmb:9 smb:4311 d:s ref:0 ;
in:4414 out:4413 type:P dur:2 cpbdur:2 q:36.09 aq:20.42 tex:1018 mv:132 misc:330 imb:15 pmb:1 smb:4304 d:s ref:0 ;
in:4413 out:4414 type:b dur:2 cpbdur:2 q:36.11 aq:30.32 tex:87 mv:186 misc:287 imb:0 pmb:14 smb:4306 d:s ref:0 ;
in:4415 out:4415 type:P dur:2 cpbdur:2 q:36.06 aq:20.41 tex:573 mv:190 misc:309 imb:8 pmb:7 smb:4305 d:s ref:0 ;
in:4416 out:4416 type:P dur:2 cpbdur:2 q:36.04 aq:19.32 tex:850 mv:95 misc:319 imb:15 pmb:0 smb:4305 d:s ref:0 ;
in:4417 out:4417 type:P dur:2 cpbdur:2 q:36.03 aq:19.03 tex:757 mv:214 misc:349 imb:9 pmb:12 smb:4299 d:s ref:0 ;
in:4418 out:4418 type:P dur:2 cpbdur:2 q:36.02 aq:19.15 tex:254 mv:174 misc:308 imb:5 pmb:7 smb:4308 d:s ref:0 ;
in:4419 out:4419 type:P dur:2 cpbdur:2 q:36.01 aq:18.45 tex:418 mv:216 misc:358 imb:3 pmb:16 smb:4301 d:s ref:0 ;
in:4421 out:4420 type:P dur:2 cpbdur:2 q:35.99 aq:17.93 tex:931 mv:279 misc:374 imb:8 pmb:16 smb:4296 d:s ref:0 ;
in:4420 out:4421 type:b dur:2 cpbdur:2 q:36.00 aq:21.00 tex:16 mv:113 misc:295 imb:1 pmb:14 smb:4305 d:t ref:0 ;
in:4423 out:4422 type:P dur:2 cpbdur:2 q:35.96 aq:22.14 tex:777 mv:205 misc:402 imb:11 pmb:14 smb:4295 d:s ref:0 ;
in:4422 out:4423 type:b dur:2 cpbdur:2 q:35.97 aq:21.00 tex:17 mv:132 misc:283 imb:1 pmb:11 smb:4308 d:t ref:0 ;
in:4427 out:4424 type:P dur:2 cpbdur:2 q:35.94 aq:18.07 tex:609 mv:160 misc:359 imb:2 pmb:15 smb:4303 d:s ref:0 ;
in:4425 out:4425 type:B dur:2 cpbdur:2 q:35.95 aq:22.59 tex:119 mv:112 misc:289 imb:0 pmb:8 smb:4312 d:s ref:0 ;
in:4424 out:4426 type:b dur:2 cpbdur:2 q:35.95 aq:21.00 tex:4 mv:83 misc:265 imb:0 pmb:7 smb:4313 d:s ref:0 ;
in:4426 out:4427 type:b dur:2 cpbdur:2 q:35.94 aq:21.00 tex:5 mv:97 misc:266 imb:0 pmb:6 smb:4314 d:- ref:0 ;
in:4431 out:4428 type:P dur:2 cpbdur:2 q:35.90 aq:18.26 tex:465 mv:85 misc:346 imb:1 pmb:12 smb:4307 d:s ref:0 ;
in:4429 out:4429 type:B dur:2 cpbdur:2 q:35.92 aq:20.00 tex:12 mv:22 misc:294 imb:0 pmb:5 smb:4315 d:s ref:0 ;
in:4428 out:4430 type:b dur:2 cpbdur:2 q:35.93 aq:21.00 tex:2 mv:12 misc:266 imb:0 pmb:3 smb:4317 d:s ref:0 ;
in:4430 out:4431 type:b dur:2 cpbdur:2 q:35.91 aq:21.00 tex:0 mv:0 misc:248 imb:0 pmb:0 smb:4320 d:- ref:0 ;
in:4435 out:4432 type:P dur:2 cpbdur:2 q:35.85 aq:18.35 tex:120 mv:25 misc:343 imb:0 pmb:8 smb:4312 d:s ref:0 ;
in:4433 out:4433 type:B dur:2 cpbdur:2 q:35.88 aq:20.00 tex:9 mv:4 misc:275 imb:0 pmb:1 smb:4319 d:s ref:0 ;
in:4432 out:4434 type:b dur:2 cpbdur:2 q:35.89 aq:34.28 tex:73 mv:23 misc:264 imb:0 pmb:3 smb:4317 d:s ref:0 ;
in:4434 out:4435 type:b dur:2 cpbdur:2 q:35.86 aq:21.00 tex:0 mv:0 misc:248 imb:0 pmb:0 smb:4320 d:- ref:0 ;
in:4439 out:4436 type:P dur:2 cpbdur:2 q:35.79 aq:17.00 tex:53 mv:24 misc:331 imb:0 pmb:7 smb:4313 d:s ref:0 ;
in:4437 out:4437 type:B dur:2 cpbdur:2 q:35.82 aq:22.20 tex:72 mv:23 misc:281 imb:0 pmb:3 smb:4317 d:s ref:0 ;
in:4436 out:4438 type:b dur:2 cpbdur:2 q:35.84 aq:33.29 tex:142 mv:85 misc:261 imb:0 pmb:5 smb:4315 d:s ref:0 ;
in:4438 out:4439 type:b dur:2 cpbdur:2 q:35.81 aq:21.00 tex:1 mv:4 misc:259 imb:0 pmb:1 smb:4319 d:- ref:0 ;
in:4443 out:4440 type:P dur:2 cpbdur:2 q:35.74 aq:31.46 tex:633 mv:92 misc:307 imb:7 pmb:2 smb:4311 d:s ref:0 ;
in:4441 out:4441 type:B dur:2 cpbdur:2 q:35.76 aq:20.00 tex:10 mv:47 misc:295 imb:2 pmb:6 smb:4312 d:s ref:0 ;
in:4440 out:4442 type:b dur:2 cpbdur:2 q:35.78 aq:21.00 tex:0 mv:0 misc:248 imb:0 pmb:0 smb:4320 d:s ref:0 ;
in:4442 out:4443 type:b dur:2 cpbdur:2 q:35.75 aq:21.38 tex:68 mv:91 misc:273 imb:2 pmb:6 smb:4312 d:- ref:0 ;
in:4444 out:4444 type:P dur:2 cpbdur:2 q:35.67 aq:22.82 tex:704 mv:136 misc:328 imb:19 pmb:3 smb:4298 d:s ref:0 ;
in:4445 out:4445 type:P dur:2 cpbdur:2 q:35.66 aq:26.94 tex:516 mv:149 misc:343 imb:27 pmb:1 smb:4292 d:s ref:0 ;
in:4446 out:4446 type:P dur:2 cpbdur:2 q:35.65 aq:26.70 tex:640 mv:236 misc:396 imb:47 pmb:6 smb:4267 d:s ref:0 ;
in:4447 out:4447 type:P dur:2 cpbdur:2 q:35.64 aq:22.10 tex:871 mv:299 misc:414 imb:69 pmb:4 smb:4247 d:s ref:0 ;
in:4448 out:4448 type:P dur:2 cpbdur:2 q:35.63 aq:24.39 tex:655 mv:166 misc:355 imb:31 pmb:2 smb:4287 d:s ref:0 ;
in:4449 out:4449 type:P dur:2 cpbdur:2 q:35.62 aq:24.12 tex:507 mv:135 misc:342 imb:17 pmb:2 smb:4301 d:s ref:0 ;
in:4450 out:4450 type:I dur:2 cpbdur:2 q:32.96 aq:17.61 tex:39709 mv:17531 misc:496 imb:4320 pmb:0 smb:0 d:s ref:;
in:4453 out:4451 type:P dur:2 cpbdur:2 q:35.68 aq:26.67 tex:23115 mv:4015 misc:870 imb:712 pmb:131 smb:3477 d:s ref:0 ;
in:4451 out:4452 type:B dur:2 cpbdur:2 q:35.68 aq:23.47 tex:614 mv:500 misc:590 imb:27 pmb:91 smb:4202 d:s ref:0 ;
in:4452 out:4453 type:b dur:2 cpbdur:2 q:35.68 aq:29.32 tex:3691 mv:3919 misc:1246 imb:125 pmb:288 smb:3907 d:- ref:0 ;
in:4454 out:4454 type:P dur:2 cpbdur:2 q:35.67 aq:28.29 tex:6929 mv:3685 misc:1242 imb:130 pmb:381 smb:3809 d:s ref:0 ;
in:4455 out:4455 type:P dur:2 cpbdur:2 q:35.67 aq:30.94 tex:5309 mv:3186 misc:1217 imb:118 pmb:358 smb:3844 d:s ref:0 ;
in:4456 out:4456 type:P dur:2 cpbdur:2 q:35.67 aq:31.23 tex:5601 mv:2248 misc:1015 imb:101 pmb:244 smb:3975 d:s ref:0 ;
in:4457 out:4457 type:P dur:2 cpbdur:2 q:35.67 aq:30.18 tex:8879 mv:2663 misc:1354 imb:164 pmb:287 smb:3869 d:s ref:0 ;
in:4458 out:4458 type:P dur:2 cpbdur:2 q:35.68 aq:28.93 tex:14007 mv:5168 misc:1761 imb:292 pmb:533 smb:3495 d:s ref:0 ;
in:4459 out:4459 type:P dur:2 cpbdur:2 q:35.68 aq:26.90 tex:18830 mv:7881 misc:1713 imb:446 pmb:731 smb:3143 d:s ref:0 ;
in:4460 out:4460 type:P dur:2 cpbdur:2 q:35.68 aq:28.12 tex:19348 mv:7162 misc:1802 imb:394 pmb:735 smb:3191 d:s ref:0 ;
in:4461 out:4461 type:P dur:2 cpbdur:2 q:35.68 aq:29.15 tex:24991 mv:8063 misc:1602 imb:478 pmb:849 smb:2993 d:s ref:0 ;
in:4462 out:4462 type:P dur:2 cpbdur:2 q:35.69 aq:26.18 tex:27376 mv:7262 misc:1626 imb:480 pmb:795 smb:3045 d:s ref:0 ;
in:4463 out:4463 type:P dur:2 cpbdur:2 q:35.69 aq:27.26 tex:27817 mv:6449 misc:1726 imb:443 pmb:821 smb:3056 d:s ref:0 ;
in:4464 out:4464 type:P dur:2 cpbdur:2 q:35.69 aq:24.91 tex:31487 mv:7465 misc:1688 imb:578 pmb:765 smb:2977 d:s ref:0 ;
in:4466 out:4465 type:P dur:2 cpbdur:2 q:35.70 aq:26.21 tex:38688 mv:7793 misc:1695 imb:596 pmb:809 smb:2915 d:s ref:0 ;
in:4465 out:4466 type:b dur:2 cpbdur:2 q:35.70 aq:32.09 tex:1350 mv:4169 misc:1697 imb:115 pmb:443 smb:3762 d:s ref:0 ;
in:4470 out:4467 type:P dur:2 cpbdur:2 q:35.70 aq:26.11 tex:90657 mv:9945 misc:1622 imb:1401 pmb:558 smb:2361 d:s ref:0 ;
in:4468 out:4468 type:B dur:2 cpbdur:2 q:35.70 aq:28.51 tex:743 mv:3440 misc:1513 imb:99 pmb:348 smb:3873 d:s ref:0 ;
in:4467 out:4469 type:b dur:2 cpbdur:2 q:35.70 aq:34.49 tex:991 mv:2702 misc:1211 imb:59 pmb:250 smb:4011 d:s ref:0 ;
in:4469 out:4470 type:b dur:2 cpbdur:2 q:35.70 aq:31.25 tex:246 mv:2078 misc:1252 imb:23 pmb:323 smb:3974 d:- ref:0 ;
in:4474 out:4471 type:P dur:2 cpbdur:2 q:35.77 aq:29.82 tex:11969 mv:3497 misc:1822 imb:291 pmb:458 smb:3571 d:s ref:0 ;
in:4472 out:4472 type:B dur:2 cpbdur:2 q:35.74 aq:32.80 tex:583 mv:1125 misc:844 imb:9 pmb:149 smb:4162 d:s ref:0 ;
in:4471 out:4473 type:b dur:2 cpbdur:2 q:35.72 aq:39.72 tex:57 mv:610 misc:493 imb:7 pmb:52 smb:4261 d:s ref:0 ;
in:4473 out:4474 type:b dur:2 cpbdur:2 q:35.75 aq:32.47 tex:290 mv:472 misc:430 imb:12 pmb:54 smb:4254 d:- ref:0 ;
in:4475 out:4475 type:P dur:2 cpbdur:2 q:35.77 aq:30.22 tex:6325 mv:1282 misc:1473 imb:30 pmb:305 smb:3985 d:s ref:0 ;
in:4476 out:4476 type:P dur:2 cpbdur:2 q:35.79 aq:30.49 tex:7323 mv:1778 misc:1395 imb:106 pmb:286 smb:3928 d:s ref:0 ;
in:4477 out:4477 type:P dur:2 cpbdur:2 q:35.81 aq:31.00 tex:2911 mv:1019 misc:1342 imb:33 pmb:203 smb:4084 d:s ref:0 ;
in:4478 out:4478 type:P dur:2 cpbdur:2 q:35.83 aq:30.80 tex:4219 mv:1399 misc:1350 imb:77 pmb:208 smb:4035 d:s ref:0 ;
in:4479 out:4479 type:P dur:2 cpbdur:2 q:35.86 aq:29.12 tex:2153 mv:525 misc:762 imb:46 pmb:76 smb:4198 d:s ref:0 ;
in:4480 out:4480 type:P dur:2 cpbdur:2 q:35.88 aq:27.39 tex:1327 mv:308 misc:437 imb:40 pmb:20 smb:4260 d:s ref:0 ;
in:4481 out:4481 type:P dur:2 cpbdur:2 q:35.91 aq:28.10 tex:1410 mv:249 misc:413 imb:37 pmb:17 smb:4266 d:s ref:0 ;
in:4482 out:4482 type:P dur:2 cpbdur:2 q:35.94 aq:27.63 tex:869 mv:177 misc:370 imb:30 pmb:5 smb:4285 d:s ref:0 ;
in:4486 out:4483 type:P dur:2 cpbdur:2 q:35.98 aq:34.15 tex:7943 mv:2778 misc:1359 imb:354 pmb:320 smb:3646 d:s ref:0 ;
in:4484 out:4484 type:B dur:2 cpbdur:2 q:35.96 aq:25.34 tex:678 mv:684 misc:790 imb:11 pmb:153 smb:4156 d:s ref:0 ;
in:4483 out:4485 type:b dur:2 cpbdur:2 q:35.95 aq:35.69 tex:463 mv:195 misc:302 imb:8 pmb:13 smb:4299 d:s ref:0 ;
in:4485 out:4486 type:b dur:2 cpbdur:2 q:35.97 aq:36.33 tex:538 mv:403 misc:723 imb:4 pmb:158 smb:4158 d:- ref:0 ;
in:4488 out:4487 type:P dur:2 cpbdur:2 q:36.07 aq:27.60 tex:41927 mv:9438 misc:1755 imb:1687 pmb:256 smb:2377 d:s ref:0 ;
in:4487 out:4488 type:b dur:2 cpbdur:2 q:36.02 aq:31.81 tex:19957 mv:11549 misc:2294 imb:752 pmb:668 smb:2900 d:s ref:0 ;
in:4489 out:4489 type:P dur:2 cpbdur:2 q:36.11 aq:27.77 tex:5024 mv:2910 misc:1314 imb:196 pmb:218 smb:3906 d:s ref:0 ;
in:4490 out:4490 type:P dur:2 cpbdur:2 q:36.12 aq:23.26 tex:3126 mv:2247 misc:1379 imb:234 pmb:194 smb:3892 d:s ref:0 ;
in:4491 out:4491 type:P dur:2 cpbdur:2 q:36.13 aq:26.36 tex:6891 mv:3408 misc:1813 imb:234 pmb:304 smb:3782 d:s ref:0 ;
in:4492 out:4492 type:P dur:2 cpbdur:2 q:36.14 aq:29.37 tex:12522 mv:5579 misc:1747 imb:350 pmb:548 smb:3422 d:s ref:0 ;
in:4493 out:4493 type:P dur:2 cpbdur:2 q:36.16 aq:28.86 tex:14177 mv:5476 misc:1987 imb:236 pmb:640 smb:3444 d:s ref:0 ;
in:4494 out:4494 type:P dur:2 cpbdur:2 q:36.17 aq:28.17 tex:18985 mv:6496 misc:2063 imb:385 pmb:731 smb:3204 d:s ref:0 ;
in:4495 out:4495 type:P dur:2 cpbdur:2 q:36.17 aq:27.60 tex:22118 mv:6129 misc:2073 imb:444 pmb:764 smb:3112 d:s ref:0 ;
in:4496 out:4496 type:P dur:2 cpbdur:2 q:36.18 aq:26.02 tex:23932 mv:6538 misc:2162 imb:545 pmb:734 smb:3041 d:s ref:0 ;
in:4497 out:4497 type:P dur:2 cpbdur:2 q:36.19 aq:26.82 tex:25813 mv:6509 misc:2110 imb:486 pmb:838 smb:2996 d:s ref:0 ;
in:4499 out:4498 type:P dur:2 cpbdur:2 q:36.19 aq:28.14 tex:43318 mv:6196 misc:2350 imb:384 pmb:889 smb:3047 d:s ref:0 ;
in:4498 out:4499 type:b dur:2 cpbdur:2 q:36.19 aq:26.14 tex:1064 mv:2189 misc:1675 imb:87 pmb:370 smb:3863 d:s ref:0 ;
in:4500 out:4500 type:P dur:2 cpbdur:2 q:36.19 aq:27.38 tex:25734 mv:5467 misc:2447 imb:344 pmb:876 smb:3100 d:s ref:0 ;
in:4504 out:4501 type:P dur:2 cpbdur:2 q:36.17 aq:28.41 tex:19021 mv:4283 misc:2032 imb:265 pmb:609 smb:3446 d:s ref:0 ;
in:4502 out:4502 type:B dur:2 cpbdur:2 q:36.18 aq:30.23 tex:3562 mv:2756 misc:1794 imb:46 pmb:399 smb:3875 d:s ref:0 ;
in:4501 out:4503 type:b dur:2 cpbdur:2 q:36.19 aq:26.09 tex:1032 mv:1814 misc:1122 imb:31 pmb:207 smb:4082 d:s ref:0 ;
in:4503 out:4504 type:b dur:2 cpbdur:2 q:36.17 aq:32.53 tex:1308 mv:856 misc:740 imb:18 pmb:93 smb:4209 d:- ref:0 ;
in:4507 out:4505 type:P dur:2 cpbdur:2 q:36.13 aq:22.00 tex:1823 mv:1527 misc:842 imb:100 pmb:160 smb:4060 d:s ref:0 ;
in:4505 out:4506 type:B dur:2 cpbdur:2 q:36.15 aq:33.85 tex:1125 mv:1075 misc:784 imb:24 pmb:114 smb:4182 d:s ref:0 ;
in:4506 out:4507 type:b dur:2 cpbdur:2 q:36.14 aq:31.14 tex:554 mv:1052 misc:850 imb:5 pmb:141 smb:4174 d:- ref:0 ;
in:4508 out:4508 type:I dur:2 cpbdur:2 q:33.13 aq:22.00 tex:62312 mv:34146 misc:534 imb:4320 pmb:0 smb:0 d:s ref:;
in:4509 out:4509 type:P dur:2 cpbdur:2 q:36.21 aq:31.27 tex:10375 mv:4090 misc:1463 imb:232 pmb:449 smb:3639 d:s ref:0 ;
in:4510 out:4510 type:P dur:2 cpbdur:2 q:36.22 aq:30.89 tex:13108 mv:4681 misc:1627 imb:169 pmb:465 smb:3686 d:s ref:0 ;
in:4511 out:4511 type:P dur:2 cpbdur:2 q:36.23 aq:31.83 tex:6920 mv:2917 misc:1331 imb:239 pmb:268 smb:3813 d:s ref:0 ;
in:4512 out:4512 type:P dur:2 cpbdur:2 q:36.25 aq:28.73 tex:4410 mv:3773 misc:1601 imb:320 pmb:246 smb:3754 d:s ref:0 ;
in:4513 out:4513 type:P dur:2 cpbdur:2 q:36.28 aq:25.90 tex:4449 mv:3536 misc:1655 imb:419 pmb:243 smb:3658 d:s ref:0 ;
in:4514 out:4514 type:P dur:2 cpbdur:2 q:36.31 aq:28.02 tex:8310 mv:3745 misc:1777 imb:290 pmb:355 smb:3675 d:s ref:0 ;
in:4515 out:4515 type:P dur:2 cpbdur:2 q:36.35 aq:26.36 tex:12943 mv:5520 misc:2409 imb:581 pmb:466 smb:3273 d:s ref:0 ;
in:4516 out:4516 type:P dur:2 cpbdur:2 q:36.42 aq:27.48 tex:35598 mv:11629 misc:1997 imb:1349 pmb:681 smb:2290 d:s ref:0 ;
in:4517 out:4517 type:P dur:2 cpbdur:2 q:36.46 aq:29.99 tex:24496 mv:6263 misc:2601 imb:503 pmb:837 smb:2980 d:s ref:0 ;
in:4518 out:4518 type:P dur:2 cpbdur:2 q:36.52 aq:26.91 tex:43176 mv:10494 misc:2074 imb:1242 pmb:836 smb:2242 d:s ref:0 ;
in:4519 out:4519 type:P dur:2 cpbdur:2 q:36.57 aq:26.15 tex:64145 mv:10767 misc:2040 imb:1196 pmb:824 smb:2300 d:s ref:0 ;
in:4520 out:4520 type:P dur:2 cpbdur:2 q:36.63 aq:26.69 tex:68271 mv:10364 misc:2149 imb:1163 pmb:829 smb:2328 d:s ref:0 ;
in:4521 out:4521 type:P dur:2 cpbdur:2 q:36.68 aq:25.70 tex:29805 mv:6891 misc:2744 imb:417 pmb:928 smb:2975 d:s ref:0 ;
in:4525 out:4522 type:P dur:2 cpbdur:2 q:36.70 aq:28.69 tex:44928 mv:7666 misc:2630 imb:540 pmb:964 smb:2816 d:s ref:0 ;
in:4523 out:4523 type:B dur:2 cpbdur:2 q:36.69 aq:24.47 tex:2953 mv:4259 misc:1452 imb:126 pmb:392 smb:3802 d:s ref:0 ;
in:4522 out:4524 type:b dur:2 cpbdur:2 q:36.69 aq:26.22 tex:924 mv:2737 misc:1171 imb:48 pmb:299 smb:3973 d:s ref:0 ;
in:4524 out:4525 type:b dur:2 cpbdur:2 q:36.70 aq:35.95 tex:627 mv:1544 misc:933 imb:14 pmb:185 smb:4121 d:- ref:0 ;
in:4529 out:4526 type:P dur:2 cpbdur:2 q:36.74 aq:27.33 tex:17249 mv:4490 misc:2397 imb:264 pmb:658 smb:3398 d:s ref:0 ;
in:4527 out:4527 type:B dur:2 cpbdur:2 q:36.72 aq:32.66 tex:2242 mv:2277 misc:977 imb:50 pmb:185 smb:4085 d:s ref:0 ;
in:4526 out:4528 type:b dur:2 cpbdur:2 q:36.71 aq:25.67 tex:463 mv:466 misc:391 imb:8 pmb:47 smb:4265 d:s ref:0 ;
in:4528 out:4529 type:b dur:2 cpbdur:2 q:36.73 aq:35.86 tex:179 mv:389 misc:400 imb:3 pmb:52 smb:4265 d:- ref:0 ;
in:4530 out:4530 type:P dur:2 cpbdur:2 q:36.73 aq:28.39 tex:13347 mv:2474 misc:2035 imb:31 pmb:637 smb:3652 d:s ref:0 ;
in:4531 out:4531 type:P dur:2 cpbdur:2 q:36.72 aq:28.19 tex:9884 mv:1529 misc:1747 imb:36 pmb:411 smb:3873 d:s ref:0 ;
in:4532 out:4532 type:P dur:2 cpbdur:2 q:36.71 aq:25.74 tex:49124 mv:5331 misc:1905 imb:681 pmb:399 smb:3240 d:s ref:0 ;
in:4533 out:4533 type:P dur:2 cpbdur:2 q:36.72 aq:24.64 tex:92517 mv:6977 misc:2090 imb:973 pmb:375 smb:2972 d:s ref:0 ;
in:4534 out:4534 type:P dur:2 cpbdur:2 q:36.77 aq:25.74 tex:2880 mv:497 misc:1031 imb:17 pmb:125 smb:4178 d:s ref:0 ;
in:4536 out:4535 type:P dur:2 cpbdur:2 q:36.77 aq:25.97 tex:1792 mv:275 misc:645 imb:8 pmb:64 smb:4248 d:s ref:0 ;
in:4535 out:4536 type:b dur:2 cpbdur:2 q:36.77 aq:30.40 tex:72 mv:159 misc:273 imb:1 pmb:8 smb:4311 d:t ref:0 ;
in:4538 out:4537 type:P dur:2 cpbdur:2 q:36.81 aq:26.52 tex:1938 mv:482 misc:860 imb:50 pmb:74 smb:4196 d:s ref:0 ;
in:4537 out:4538 type:b dur:2 cpbdur:2 q:36.79 aq:43.11 tex:74 mv:102 misc:272 imb:0 pmb:7 smb:4313 d:s ref:0 ;
in:4542 out:4539 type:P dur:2 cpbdur:2 q:36.87 aq:30.13 tex:1298 mv:203 misc:467 imb:4 pmb:32 smb:4284 d:s ref:0 ;
in:4540 out:4540 type:B dur:2 cpbdur:2 q:36.84 aq:27.78 tex:125 mv:90 misc:297 imb:1 pmb:7 smb:4312 d:s ref:0 ;
in:4539 out:4541 type:b dur:2 cpbdur:2 q:36.83 aq:37.81 tex:90 mv:79 misc:271 imb:0 pmb:7 smb:4313 d:s ref:0 ;
in:4541 out:4542 type:b dur:2 cpbdur:2 q:36.85 aq:38.77 tex:109 mv:108 misc:271 imb:0 pmb:9 smb:4311 d:- ref:0 ;
in:4545 out:4543 type:P dur:2 cpbdur:2 q:36.85 aq:25.70 tex:3135 mv:530 misc:503 imb:40 pmb:51 smb:4229 d:s ref:0 ;
in:4543 out:4544 type:B dur:2 cpbdur:2 q:36.86 aq:39.94 tex:309 mv:233 misc:330 imb:5 pmb:27 smb:4288 d:s ref:0 ;
in:4544 out:4545 type:b dur:2 cpbdur:2 q:36.86 aq:39.55 tex:116 mv:109 misc:279 imb:0 pmb:11 smb:4309 d:- ref:0 ;
in:4548 out:4546 type:P dur:2 cpbdur:2 q:36.82 aq:25.34 tex:5222 mv:798 misc:436 imb:62 pmb:49 smb:4209 d:s ref:0 ;
in:4546 out:4547 type:B dur:2 cpbdur:2 q:36.84 aq:38.93 tex:343 mv:308 misc:341 imb:4 pmb:35 smb:4281 d:s ref:0 ;
in:4547 out:4548 type:b dur:2 cpbdur:2 q:36.83 aq:24.95 tex:326 mv:343 misc:339 imb:4 pmb:45 smb:4271 d:- ref:0 ;
in:4550 out:4549 type:P dur:2 cpbdur:2 q:36.80 aq:18.71 tex:825 mv:291 misc:508 imb:31 pmb:15 smb:4274 d:s ref:0 ;
in:4549 out:4550 type:b dur:2 cpbdur:2 q:36.81 aq:40.82 tex:138 mv:97 misc:269 imb:0 pmb:6 smb:4314 d:t ref:0 ;
in:4554 out:4551 type:P dur:2 cpbdur:2 q:36.91 aq:29.44 tex:820 mv:177 misc:315 imb:9 pmb:7 smb:4304 d:s ref:0 ;
in:4552 out:4552 type:B dur:2 cpbdur:2 q:36.86 aq:40.54 tex:149 mv:141 misc:286 imb:0 pmb:9 smb:4311 d:s ref:0 ;
in:4551 out:4553 type:b dur:2 cpbdur:2 q:36.83 aq:41.69 tex:112 mv:57 misc:271 imb:0 pmb:7 smb:4313 d:s ref:0 ;
in:4553 out:4554 type:b dur:2 cpbdur:2 q:36.88 aq:41.69 tex:154 mv:88 misc:270 imb:0 pmb:7 smb:4313 d:- ref:0 ;
in:4558 out:4555 type:P dur:2 cpbdur:2 q:36.86 aq:24.90 tex:894 mv:169 misc:313 imb:5 pmb:8 smb:4307 d:s ref:0 ;
in:4556 out:4556 type:B dur:2 cpbdur:2 q:36.88 aq:40.57 tex:348 mv:141 misc:295 imb:1 pmb:9 smb:4310 d:s ref:0 ;
in:4555 out:4557 type:b dur:2 cpbdur:2 q:36.90 aq:40.88 tex:172 mv:124 misc:272 imb:1 pmb:9 smb:4310 d:t ref:0 ;
in:4557 out:4558 type:b dur:2 cpbdur:2 q:36.87 aq:41.65 tex:111 mv:144 misc:273 imb:0 pmb:7 smb:4313 d:- ref:0 ;
in:4562 out:4559 type:P dur:2 cpbdur:2 q:36.80 aq:27.99 tex:486 mv:145 misc:329 imb:5 pmb:10 smb:4305 d:s ref:0 ;
in:4560 out:4560 type:B dur:2 cpbdur:2 q:36.83 aq:39.76 tex:104 mv:71 misc:289 imb:0 pmb:8 smb:4312 d:s ref:0 ;
in:4559 out:4561 type:b dur:2 cpbdur:2 q:36.84 aq:41.43 tex:38 mv:74 misc:272 imb:0 pmb:6 smb:4314 d:s ref:0 ;
in:4561 out:4562 type:b dur:2 cpbdur:2 q:36.81 aq:35.00 tex:1 mv:29 misc:266 imb:0 pmb:3 smb:4317 d:- ref:0 ;
in:4566 out:4563 type:P dur:2 cpbdur:2 q:36.75 aq:24.36 tex:655 mv:128 misc:313 imb:3 pmb:7 smb:4310 d:s ref:0 ;
in:4564 out:4564 type:B dur:2 cpbdur:2 q:36.77 aq:39.31 tex:132 mv:95 misc:277 imb:0 pmb:7 smb:4313 d:t ref:0 ;
in:4563 out:4565 type:b dur:2 cpbdur:2 q:36.78 aq:35.00 tex:0 mv:20 misc:268 imb:0 pmb:3 smb:4317 d:s ref:0 ;
in:4565 out:4566 type:b dur:2 cpbdur:2 q:36.76 aq:39.69 tex:115 mv:32 misc:269 imb:0 pmb:5 smb:4315 d:- ref:0 ;
in:4570 out:4567 type:P dur:2 cpbdur:2 q:36.69 aq:23.45 tex:71776 mv:5354 misc:478 imb:822 pmb:116 smb:3382 d:s ref:0 ;
in:4568 out:4568 type:B dur:2 cpbdur:2 q:36.72 aq:24.29 tex:305 mv:542 misc:689 imb:16 pmb:137 smb:4167 d:s ref:0 ;
in:4567 out:4569 type:b dur:2 cpbdur:2 q:36.73 aq:23.74 tex:73 mv:393 misc:630 imb:24 pmb:109 smb:4187 d:s ref:0 ;
in:4569 out:4570 type:b dur:2 cpbdur:2 q:36.71 aq:35.00 tex:26 mv:55 misc:271 imb:1 pmb:5 smb:4314 d:- ref:0 ;
in:4572 out:4571 type:P dur:2 cpbdur:2 q:36.71 aq:29.29 tex:978 mv:229 misc:449 imb:19 pmb:24 smb:4277 d:s ref:0 ;
in:4571 out:4572 type:b dur:2 cpbdur:2 q:36.70 aq:39.13 tex:510 mv:156 misc:294 imb:2 pmb:16 smb:4302 d:s ref:0 ;
in:4575 out:4573 type:P dur:2 cpbdur:2 q:36.69 aq:27.31 tex:441 mv:200 misc:359 imb:28 pmb:6 smb:4286 d:s ref:0 ;
in:4573 out:4574 type:B dur:2 cpbdur:2 q:36.70 aq:37.07 tex:556 mv:190 misc:350 imb:10 pmb:25 smb:4285 d:s ref:0 ;
in:4574 out:4575 type:b dur:2 cpbdur:2 q:36.70 aq:36.43 tex:453 mv:165 misc:342 imb:8 pmb:25 smb:4287 d:- ref:0 ;
in:4576 out:4576 type:P dur:2 cpbdur:2 q:36.65 aq:28.42 tex:486 mv:160 misc:346 imb:40 pmb:3 smb:4277 d:s ref:0 ;
in:4577 out:4577 type:P dur:2 cpbdur:2 q:36.64 aq:28.42 tex:522 mv:171 misc:347 imb:38 pmb:5 smb:4277 d:s ref:0 ;
in:4581 out:4578 type:P dur:2 cpbdur:2 q:36.62 aq:32.27 tex:536 mv:176 misc:336 imb:23 pmb:6 smb:4291 d:s ref:0 ;
in:4579 out:4579 type:B dur:2 cpbdur:2 q:36.63 aq:35.52 tex:369 mv:167 misc:336 imb:5 pmb:25 smb:4290 d:s ref:0 ;
in:4578 out:4580 type:b dur:2 cpbdur:2 q:36.63 aq:36.74 tex:423 mv:178 misc:327 imb:8 pmb:23 smb:4289 d:s ref:0 ;
in:4580 out:4581 type:b dur:2 cpbdur:2 q:36.63 aq:35.56 tex:401 mv:102 misc:305 imb:2 pmb:25 smb:4293 d:- ref:0 ;
in:4582 out:4582 type:P dur:2 cpbdur:2 q:36.57 aq:35.59 tex:22477 mv:4305 misc:1634 imb:685 pmb:339 smb:3296 d:s ref:0 w:7,123,1,7,120,8,115,13 ;
in:4583 out:4583 type:I dur:2 cpbdur:2 q:33.79 aq:24.87 tex:50032 mv:31060 misc:532 imb:4320 pmb:0 smb:0 d:s ref:w:7,123,1,7,120,8,115,13 ;
in:4584 out:4584 type:P dur:2 cpbdur:2 q:36.66 aq:29.55 tex:14444 mv:5847 misc:1589 imb:740 pmb:392 smb:3188 d:s ref:0 ;
in:4585 out:4585 type:P dur:2 cpbdur:2 q:36.73 aq:30.22 tex:23452 mv:9063 misc:1765 imb:2005 pmb:287 smb:2028 d:s ref:0 ;
in:4586 out:4586 type:P dur:2 cpbdur:2 q:36.73 aq:27.39 tex:33485 mv:10219 misc:1632 imb:2269 pmb:369 smb:1682 d:s ref:0 ;
in:4587 out:4587 type:P dur:2 cpbdur:2 q:36.76 aq:29.28 tex:13514 mv:5300 misc:1626 imb:543 pmb:374 smb:3403 d:s ref:0 ;
in:4588 out:4588 type:P dur:2 cpbdur:2 q:36.76 aq:26.76 tex:8833 mv:4332 misc:1923 imb:306 pmb:459 smb:3555 d:s ref:0 ;
in:4589 out:4589 type:P dur:2 cpbdur:2 q:36.78 aq:28.62 tex:13337 mv:5163 misc:1684 imb:426 pmb:477 smb:3417 d:s ref:0 ;
in:4590 out:4590 type:P dur:2 cpbdur:2 q:36.79 aq:29.37 tex:14984 mv:5759 misc:1617 imb:439 pmb:538 smb:3343 d:s ref:0 ;
in:4591 out:4591 type:P dur:2 cpbdur:2 q:36.80 aq:27.79 tex:20968 mv:6543 misc:1481 imb:515 pmb:535 smb:3270 d:s ref:0 ;
in:4592 out:4592 type:P dur:2 cpbdur:2 q:36.81 aq:25.27 tex:21018 mv:5565 misc:1497 imb:626 pmb:516 smb:3178 d:s ref:0 ;
in:4593 out:4593 type:P dur:2 cpbdur:2 q:36.81 aq:23.20 tex:24128 mv:6147 misc:1517 imb:673 pmb:482 smb:3165 d:s ref:0 ;
in:4594 out:4594 type:P dur:2 cpbdur:2 q:36.82 aq:24.78 tex:24003 mv:4782 misc:1479 imb:536 pmb:537 smb:3247 d:s ref:0 ;
in:4596 out:4595 type:P dur:2 cpbdur:2 q:36.82 aq:23.73 tex:38411 mv:5053 misc:1376 imb:529 pmb:523 smb:3268 d:s ref:0 ;
in:4595 out:4596 type:b dur:2 cpbdur:2 q:36.82 aq:34.79 tex:781 mv:904 misc:595 imb:16 pmb:73 smb:4231 d:s ref:0 ;
in:4598 out:4597 type:P dur:2 cpbdur:2 q:36.83 aq:22.26 tex:33331 mv:5231 misc:1606 imb:990 pmb:493 smb:2837 d:s ref:0 ;
in:4597 out:4598 type:b dur:2 cpbdur:2 q:36.82 aq:26.22 tex:904 mv:1783 misc:873 imb:47 pmb:159 smb:4114 d:s ref:0 ;
in:4602 out:4599 type:P dur:2 cpbdur:2 q:36.83 aq:22.79 tex:24342 mv:3259 misc:1471 imb:224 pmb:471 smb:3625 d:s ref:0 ;
in:4600 out:4600 type:B dur:2 cpbdur:2 q:36.83 aq:31.19 tex:876 mv:1077 misc:727 imb:13 pmb:120 smb:4187 d:s ref:0 ;
in:4599 out:4601 type:b dur:2 cpbdur:2 q:36.83 aq:22.94 tex:638 mv:929 misc:681 imb:38 pmb:90 smb:4192 d:s ref:0 ;
in:4601 out:4602 type:b dur:2 cpbdur:2 q:36.83 aq:34.65 tex:230 mv:542 misc:468 imb:2 pmb:53 smb:4265 d:- ref:0 ;
in:4606 out:4603 type:P dur:2 cpbdur:2 q:36.87 aq:28.71 tex:14322 mv:2224 misc:1334 imb:115 pmb:384 smb:3821 d:s ref:0 ;
in:4604 out:4604 type:B dur:2 cpbdur:2 q:36.85 aq:32.48 tex:591 mv:387 misc:414 imb:0 pmb:37 smb:4283 d:t ref:0 ;
in:4603 out:4605 type:b dur:2 cpbdur:2 q:36.84 aq:34.32 tex:135 mv:169 misc:272 imb:1 pmb:12 smb:4307 d:s ref:0 ;
in:4605 out:4606 type:b dur:2 cpbdur:2 q:36.86 aq:33.19 tex:117 mv:149 misc:270 imb:4 pmb:7 smb:4309 d:- ref:0 ;
in:4608 out:4607 type:P dur:2 cpbdur:2 q:36.86 aq:27.91 tex:8819 mv:1028 misc:1193 imb:21 pmb:274 smb:4025 d:s ref:0 ;
in:4607 out:4608 type:b dur:2 cpbdur:2 q:36.87 aq:34.51 tex:168 mv:197 misc:283 imb:1 pmb:13 smb:4306 d:s ref:0 ;
in:4609 out:4609 type:P dur:2 cpbdur:2 q:36.88 aq:29.55 tex:3865 mv:689 misc:1022 imb:39 pmb:141 smb:4140 d:s ref:0 ;
in:4610 out:4610 type:P dur:2 cpbdur:2 q:36.89 aq:28.57 tex:2279 mv:352 misc:713 imb:16 pmb:75 smb:4229 d:s ref:0 ;
in:4611 out:4611 type:P dur:2 cpbdur:2 q:36.91 aq:26.35 tex:609 mv:230 misc:433 imb:11 pmb:23 smb:4286 d:s ref:0 ;
in:4612 out:4612 type:P dur:2 cpbdur:2 q:36.93 aq:21.49 tex:143 mv:216 misc:409 imb:18 pmb:12 smb:4290 d:s ref:0 ;
in:4615 out:4613 type:P dur:2 cpbdur:2 q:36.97 aq:27.30 tex:399 mv:230 misc:379 imb:13 pmb:11 smb:4296 d:s ref:0 ;
in:4613 out:4614 type:B dur:2 cpbdur:2 q:36.94 aq:32.06 tex:73 mv:107 misc:300 imb:0 pmb:14 smb:4306 d:t ref:0 ;
in:4614 out:4615 type:b dur:2 cpbdur:2 q:36.96 aq:23.04 tex:119 mv:137 misc:280 imb:1 pmb:11 smb:4308 d:- ref:0 ;
in:4618 out:4616 type:P dur:2 cpbdur:2 q:36.97 aq:26.55 tex:847 mv:153 misc:384 imb:22 pmb:6 smb:4292 d:s ref:0 ;
in:4616 out:4617 type:B dur:2 cpbdur:2 q:36.97 aq:31.02 tex:73 mv:166 misc:313 imb:0 pmb:19 smb:4301 d:s ref:0 ;
in:4617 out:4618 type:b dur:2 cpbdur:2 q:36.97 aq:31.44 tex:73 mv:217 misc:286 imb:2 pmb:16 smb:4302 d:- ref:0 ;
in:4620 out:4619 type:P dur:2 cpbdur:2 q:36.96 aq:32.70 tex:1223 mv:167 misc:362 imb:14 pmb:8 smb:4298 d:s ref:0 ;
in:4619 out:4620 type:b dur:2 cpbdur:2 q:36.97 aq:28.65 tex:542 mv:153 misc:289 imb:3 pmb:17 smb:4300 d:s ref:0 ;
in:4621 out:4621 type:P dur:2 cpbdur:2 q:36.94 aq:25.60 tex:240 mv:187 misc:317 imb:7 pmb:10 smb:4303 d:s ref:0 ;
in:4622 out:4622 type:P dur:2 cpbdur:2 q:36.93 aq:27.32 tex:315 mv:164 misc:329 imb:11 pmb:4 smb:4305 d:s ref:0 ;
in:4623 out:4623 type:P dur:2 cpbdur:2 q:36.92 aq:23.84 tex:225 mv:156 misc:315 imb:7 pmb:7 smb:4306 d:s ref:0 ;
in:4624 out:4624 type:P dur:2 cpbdur:2 q:36.91 aq:30.05 tex:390 mv:216 misc:346 imb:12 pmb:9 smb:4299 d:s ref:0 ;
in:4625 out:4625 type:P dur:2 cpbdur:2 q:36.91 aq:23.14 tex:261 mv:167 misc:324 imb:6 pmb:7 smb:4307 d:s ref:0 ;
in:4627 out:4626 type:P dur:2 cpbdur:2 q:36.90 aq:22.79 tex:594 mv:159 misc:335 imb:8 pmb:5 smb:4307 d:s ref:0 ;
in:4626 out:4627 type:b dur:2 cpbdur:2 q:36.90 aq:27.28 tex:51 mv:168 misc:277 imb:2 pmb:8 smb:4310 d:s ref:0 ;
in:4631 out:4628 type:P dur:2 cpbdur:2 q:36.87 aq:21.10 tex:841 mv:160 misc:319 imb:8 pmb:7 smb:4305 d:s ref:0 ;
in:4629 out:4629 type:B dur:2 cpbdur:2 q:36.88 aq:21.00 tex:3 mv:121 misc:300 imb:0 pmb:12 smb:4308 d:s ref:0 ;
in:4628 out:4630 type:b dur:2 cpbdur:2 q:36.89 aq:22.00 tex:5 mv:114 misc:265 imb:0 pmb:7 smb:4313 d:s ref:0 ;
in:4630 out:4631 type:b dur:2 cpbdur:2 q:36.88 aq:26.43 tex:74 mv:103 misc:279 imb:1 pmb:8 smb:4311 d:- ref:0 ;
in:4635 out:4632 type:P dur:2 cpbdur:2 q:36.80 aq:18.13 tex:372 mv:152 misc:324 imb:6 pmb:8 smb:4306 d:s ref:0 ;
in:4633 out:4633 type:B dur:2 cpbdur:2 q:36.84 aq:24.59 tex:134 mv:131 misc:287 imb:1 pmb:8 smb:4311 d:s ref:0 ;
in:4632 out:4634 type:b dur:2 cpbdur:2 q:36.85 aq:22.00 tex:8 mv:134 misc:266 imb:2 pmb:8 smb:4310 d:t ref:0 ;
in:4634 out:4635 type:b dur:2 cpbdur:2 q:36.82 aq:26.20 tex:50 mv:116 misc:266 imb:0 pmb:7 smb:4313 d:- ref:0 ;
in:4639 out:4636 type:P dur:2 cpbdur:2 q:36.75 aq:19.72 tex:575 mv:204 misc:333 imb:8 pmb:12 smb:4300 d:s ref:0 ;
in:4637 out:4637 type:B dur:2 cpbdur:2 q:36.78 aq:24.57 tex:472 mv:166 misc:322 imb:5 pmb:17 smb:4298 d:s ref:0 ;
in:4636 out:4638 type:b dur:2 cpbdur:2 q:36.79 aq:26.56 tex:453 mv:139 misc:272 imb:0 pmb:15 smb:4305 d:s ref:0 ;
in:4638 out:4639 type:b dur:2 cpbdur:2 q:36.76 aq:25.77 tex:436 mv:177 misc:291 imb:8 pmb:14 smb:4298 d:- ref:0 ;
in:4640 out:4640 type:P dur:2 cpbdur:2 q:36.68 aq:22.15 tex:909 mv:203 misc:328 imb:18 pmb:6 smb:4296 d:s ref:0 ;
in:4641 out:4641 type:P dur:2 cpbdur:2 q:36.67 aq:19.07 tex:510 mv:163 misc:319 imb:26 pmb:2 smb:4292 d:s ref:0 ;
in:4642 out:4642 type:P dur:2 cpbdur:2 q:36.65 aq:20.08 tex:547 mv:149 misc:336 imb:25 pmb:1 smb:4294 d:s ref:0 ;
in:4643 out:4643 type:P dur:2 cpbdur:2 q:36.64 aq:22.63 tex:956 mv:219 misc:353 imb:32 pmb:8 smb:4280 d:s ref:0 ;
in:4645 out:4644 type:P dur:2 cpbdur:2 q:36.62 aq:24.31 tex:1185 mv:291 misc:340 imb:41 pmb:9 smb:4270 d:s ref:0 ;
in:4644 out:4645 type:b dur:2 cpbdur:2 q:36.63 aq:23.06 tex:568 mv:217 misc:327 imb:16 pmb:16 smb:4288 d:s ref:0 ;
in:4647 out:4646 type:P dur:2 cpbdur:2 q:36.60 aq:28.50 tex:11820 mv:2461 misc:1007 imb:320 pmb:264 smb:3736 d:s ref:0 ;
in:4646 out:4647 type:b dur:2 cpbdur:2 q:36.61 aq:23.24 tex:136 mv:424 misc:376 imb:8 pmb:31 smb:4281 d:s ref:0 ;
in:4648 out:4648 type:I dur:2 cpbdur:2 q:33.87 aq:20.50 tex:27165 mv:13381 misc:502 imb:4320 pmb:0 smb:0 d:s ref:;
in:4650 out:4649 type:P dur:2 cpbdur:2 q:36.61 aq:26.30 tex:23420 mv:7221 misc:1303 imb:1900 pmb:151 smb:2269 d:s ref:0 ;
in:4649 out:4650 type:b dur:2 cpbdur:2 q:36.61 aq:28.77 tex:949 mv:2667 misc:1240 imb:107 pmb:363 smb:3850 d:s ref:0 ;
in:4651 out:4651 type:P dur:2 cpbdur:2 q:36.61 aq:29.90 tex:9963 mv:3953 misc:1372 imb:672 pmb:197 smb:3451 d:s ref:0 ;
in:4652 out:4652 type:P dur:2 cpbdur:2 q:36.60 aq:29.29 tex:11243 mv:4660 misc:1745 imb:389 pmb:365 smb:3566 d:s ref:0 ;
in:4653 out:4653 type:P dur:2 cpbdur:2 q:36.60 aq:28.98 tex:15078 mv:6662 misc:1812 imb:440 pmb:534 smb:3346 d:s ref:0 ;
in:4654 out:4654 type:P dur:2 cpbdur:2 q:36.61 aq:27.81 tex:18330 mv:6692 misc:1762 imb:461 pmb:665 smb:3194 d:s ref:0 ;
in:4655 out:4655 type:P dur:2 cpbdur:2 q:36.61 aq:28.23 tex:19585 mv:7178 misc:1821 imb:481 pmb:706 smb:3133 d:s ref:0 ;
in:4656 out:4656 type:P dur:2 cpbdur:2 q:36.62 aq:27.13 tex:25340 mv:7293 misc:1927 imb:488 pmb:781 smb:3051 d:s ref:0 ;
in:4657 out:4657 type:P dur:2 cpbdur:2 q:36.62 aq:26.32 tex:30100 mv:8141 misc:1935 imb:616 pmb:806 smb:2898 d:s ref:0 ;
in:4658 out:4658 type:P dur:2 cpbdur:2 q:36.63 aq:25.11 tex:33965 mv:7237 misc:1702 imb:585 pmb:803 smb:2932 d:s ref:0 ;
in:4659 out:4659 type:P dur:2 cpbdur:2 q:36.64 aq:26.33 tex:39348 mv:6806 misc:1782 imb:690 pmb:815 smb:2815 d:s ref:0 ;
in:4660 out:4660 type:P dur:2 cpbdur:2 q:36.64 aq:24.93 tex:41334 mv:6828 misc:1822 imb:612 pmb:810 smb:2898 d:s ref:0 ;
in:4662 out:4661 type:P dur:2 cpbdur:2 q:36.65 aq:22.23 tex:61453 mv:7588 misc:1647 imb:494 pmb:901 smb:2925 d:s ref:0 ;
in:4661 out:4662 type:b dur:2 cpbdur:2 q:36.65 aq:23.79 tex:959 mv:2143 misc:1346 imb:80 pmb:306 smb:3934 d:s ref:0 ;
in:4665 out:4663 type:P dur:2 cpbdur:2 q:36.67 aq:26.49 tex:38426 mv:4430 misc:1976 imb:304 pmb:819 smb:3197 d:s ref:0 ;
in:4663 out:4664 type:B dur:2 cpbdur:2 q:36.66 aq:27.40 tex:221 mv:888 misc:835 imb:83 pmb:115 smb:4122 d:s ref:0 ;
in:4664 out:4665 type:b dur:2 cpbdur:2 q:36.66 aq:26.87 tex:128 mv:761 misc:799 imb:22 pmb:128 smb:4170 d:- ref:0 ;
in:4669 out:4666 type:P dur:2 cpbdur:2 q:36.69 aq:29.10 tex:17590 mv:2523 misc:1911 imb:86 pmb:618 smb:3616 d:s ref:0 ;
in:4667 out:4667 type:B dur:2 cpbdur:2 q:36.68 aq:34.40 tex:388 mv:754 misc:762 imb:29 pmb:77 smb:4214 d:s ref:0 ;
in:4666 out:4668 type:b dur:2 cpbdur:2 q:36.67 aq:33.51 tex:154 mv:424 misc:510 imb:15 pmb:39 smb:4266 d:s ref:0 ;
in:4668 out:4669 type:b dur:2 cpbdur:2 q:36.68 aq:36.49 tex:30 mv:17 misc:265 imb:0 pmb:3 smb:4317 d:- ref:0 ;
in:4672 out:4670 type:P dur:2 cpbdur:2 q:36.72 aq:29.31 tex:22541 mv:3015 misc:1876 imb:50 pmb:757 smb:3513 d:s ref:0 ;
in:4670 out:4671 type:B dur:2 cpbdur:2 q:36.70 aq:33.52 tex:23 mv:14 misc:275 imb:1 pmb:0 smb:4319 d:s ref:0 ;
in:4671 out:4672 type:b dur:2 cpbdur:2 q:36.71 aq:36.00 tex:0 mv:0 misc:256 imb:0 pmb:0 smb:4320 d:- ref:0 ;
in:4673 out:4673 type:P dur:2 cpbdur:2 q:36.78 aq:29.45 tex:6033 mv:1045 misc:1506 imb:27 pmb:259 smb:4034 d:s ref:0 ;
in:4674 out:4674 type:P dur:2 cpbdur:2 q:36.81 aq:29.60 tex:5887 mv:946 misc:1391 imb:24 pmb:251 smb:4045 d:s ref:0 ;
in:4675 out:4675 type:P dur:2 cpbdur:2 q:36.85 aq:30.87 tex:2546 mv:598 misc:888 imb:41 pmb:130 smb:4149 d:s ref:0 ;
in:4678 out:4676 type:P dur:2 cpbdur:2 q:36.88 aq:29.55 tex:2142 mv:270 misc:500 imb:15 pmb:36 smb:4269 d:s ref:0 ;
in:4676 out:4677 type:B dur:2 cpbdur:2 q:36.86 aq:36.22 tex:69 mv:196 misc:303 imb:1 pmb:13 smb:4306 d:s ref:0 ;
in:4677 out:4678 type:b dur:2 cpbdur:2 q:36.87 aq:36.75 tex:60 mv:139 misc:281 imb:3 pmb:11 smb:4306 d:- ref:0 ;
in:4679 out:4679 type:P dur:2 cpbdur:2 q:37.00 aq:28.08 tex:373 mv:162 misc:369 imb:7 pmb:13 smb:4300 d:s ref:0 ;
in:4680 out:4680 type:P dur:2 cpbdur:2 q:36.99 aq:30.17 tex:526 mv:209 misc:401 imb:6 pmb:20 smb:4294 d:s ref:0 ;
in:4681 out:4681 type:P dur:2 cpbdur:2 q:37.03 aq:29.06 tex:410 mv:155 misc:339 imb:10 pmb:7 smb:4303 d:s ref:0 ;
in:4684 out:4682 type:P dur:2 cpbdur:2 q:37.02 aq:25.97 tex:922 mv:155 misc:355 imb:12 pmb:11 smb:4297 d:s ref:0 ;
in:4682 out:4683 type:B dur:2 cpbdur:2 q:37.02 aq:36.12 tex:646 mv:175 misc:307 imb:1 pmb:19 smb:4300 d:t ref:0 ;
in:4683 out:4684 type:b dur:2 cpbdur:2 q:37.02 aq:36.73 tex:252 mv:121 misc:291 imb:1 pmb:17 smb:4302 d:- ref:0 ;
in:4685 out:4685 type:P dur:2 cpbdur:2 q:36.99 aq:29.78 tex:1252 mv:205 misc:351 imb:10 pmb:11 smb:4299 d:s ref:0 ;
in:4688 out:4686 type:P dur:2 cpbdur:2 q:36.98 aq:29.97 tex:1533 mv:170 misc:345 imb:11 pmb:12 smb:4297 d:s ref:0 ;
in:4686 out:4687 type:B dur:2 cpbdur:2 q:36.98 aq:36.18 tex:233 mv:198 misc:297 imb:0 pmb:16 smb:4304 d:s ref:0 ;
in:4687 out:4688 type:b dur:2 cpbdur:2 q:36.98 aq:38.20 tex:218 mv:173 misc:281 imb:2 pmb:13 smb:4305 d:- ref:0 ;
in:4689 out:4689 type:P dur:2 cpbdur:2 q:36.94 aq:26.67 tex:489 mv:216 misc:359 imb:12 pmb:10 smb:4298 d:s ref:0 ;
in:4691 out:4690 type:P dur:2 cpbdur:2 q:36.93 aq:24.11 tex:1041 mv:109 misc:330 imb:15 pmb:3 smb:4302 d:s ref:0 ;
in:4690 out:4691 type:b dur:2 cpbdur:2 q:36.93 aq:30.24 tex:150 mv:92 misc:286 imb:1 pmb:16 smb:4303 d:s ref:0 ;
in:4692 out:4692 type:P dur:2 cpbdur:2 q:36.90 aq:24.59 tex:445 mv:193 misc:362 imb:12 pmb:9 smb:4299 d:s ref:0 ;
in:4695 out:4693 type:P dur:2 cpbdur:2 q:36.89 aq:26.30 tex:63020 mv:3823 misc:837 imb:533 pmb:183 smb:3604 d:s ref:0 ;
in:4693 out:4694 type:B dur:2 cpbdur:2 q:36.90 aq:27.06 tex:103 mv:452 misc:717 imb:9 pmb:171 smb:4140 d:s ref:0 ;
in:4694 out:4695 type:b dur:2 cpbdur:2 q:36.89 aq:28.86 tex:83 mv:508 misc:633 imb:7 pmb:149 smb:4164 d:- ref:0 ;
in:4698 out:4696 type:P dur:2 cpbdur:2 q:36.92 aq:26.05 tex:5359 mv:484 misc:501 imb:60 pmb:32 smb:4228 d:s ref:0 ;
in:4696 out:4697 type:B dur:2 cpbdur:2 q:36.90 aq:35.41 tex:316 mv:310 misc:366 imb:4 pmb:40 smb:4276 d:s ref:0 ;
in:4697 out:4698 type:b dur:2 cpbdur:2 q:36.91 aq:31.47 tex:176 mv:163 misc:317 imb:1 pmb:27 smb:4292 d:- ref:0 ;
in:4702 out:4699 type:P dur:2 cpbdur:2 q:36.87 aq:31.94 tex:5517 mv:438 misc:373 imb:49 pmb:24 smb:4247 d:s ref:0 ;
in:4700 out:4700 type:B dur:2 cpbdur:2 q:36.89 aq:39.52 tex:725 mv:330 misc:393 imb:9 pmb:45 smb:4266 d:s ref:0 ;
in:4699 out:4701 type:b dur:2 cpbdur:2 q:36.91 aq:39.52 tex:347 mv:177 misc:316 imb:0 pmb:30 smb:4290 d:s ref:0 ;
in:4701 out:4702 type:b dur:2 cpbdur:2 q:36.88 aq:39.02 tex:741 mv:291 misc:344 imb:7 pmb:43 smb:4270 d:- ref:0 ;
in:4704 out:4703 type:P dur:2 cpbdur:2 q:36.82 aq:25.94 tex:1935 mv:397 misc:380 imb:16 pmb:21 smb:4283 d:s ref:0 ;
in:4703 out:4704 type:b dur:2 cpbdur:2 q:36.84 aq:37.97 tex:593 mv:179 misc:348 imb:6 pmb:30 smb:4284 d:s ref:0 ;
in:4705 out:4705 type:P dur:2 cpbdur:2 q:36.79 aq:35.04 tex:2172 mv:330 misc:346 imb:28 pmb:16 smb:4276 d:s ref:0 ;
in:4707 out:4706 type:P dur:2 cpbdur:2 q:36.78 aq:24.03 tex:705 mv:147 misc:348 imb:25 pmb:3 smb:4292 d:s ref:0 ;
in:4706 out:4707 type:b dur:2 cpbdur:2 q:36.79 aq:37.95 tex:126 mv:182 misc:316 imb:2 pmb:20 smb:4298 d:s ref:0 ;
in:4709 out:4708 type:P dur:2 cpbdur:2 q:36.75 aq:37.34 tex:853 mv:116 misc:303 imb:21 pmb:3 smb:4296 d:s ref:0 ;
in:4708 out:4709 type:b dur:2 cpbdur:2 q:36.77 aq:35.33 tex:118 mv:201 misc:305 imb:0 pmb:19 smb:4301 d:s ref:0 ;
in:4712 out:4710 type:P dur:2 cpbdur:2 q:36.72 aq:24.59 tex:1089 mv:983 misc:776 imb:113 pmb:135 smb:4072 d:s ref:0 ;
in:4710 out:4711 type:B dur:2 cpbdur:2 q:36.74 aq:30.72 tex:389 mv:781 misc:1110 imb:25 pmb:189 smb:4106 d:s ref:0 ;
in:4711 out:4712 type:b dur:2 cpbdur:2 q:36.73 aq:28.27 tex:117 mv:420 misc:503 imb:10 pmb:55 smb:4255 d:- ref:0 ;
in:4713 out:4713 type:P dur:2 cpbdur:2 q:36.72 aq:27.77 tex:37674 mv:9627 misc:1539 imb:2065 pmb:229 smb:2026 d:s ref:0 ;
in:4714 out:4714 type:I dur:2 cpbdur:2 q:33.91 aq:23.15 tex:53410 mv:28432 misc:542 imb:4320 pmb:0 smb:0 d:s ref:;
in:4715 out:4715 type:P dur:2 cpbdur:2 q:36.82 aq:23.52 tex:3107 mv:3593 misc:1556 imb:398 pmb:227 smb:3695 d:s ref:0 w:7,127,0 ;
in:4716 out:4716 type:P dur:2 cpbdur:2 q:36.83 aq:27.98 tex:3806 mv:2384 misc:1218 imb:423 pmb:184 smb:3713 d:s ref:0 ;
in:4717 out:4717 type:P dur:2 cpbdur:2 q:36.84 aq:27.91 tex:6162 mv:3433 misc:1445 imb:345 pmb:209 smb:3766 d:s ref:0 ;
in:4718 out:4718 type:P dur:2 cpbdur:2 q:36.84 aq:28.65 tex:8480 mv:4332 misc:1556 imb:292 pmb:322 smb:3706 d:s ref:0 ;
in:4719 out:4719 type:P dur:2 cpbdur:2 q:36.84 aq:27.72 tex:11813 mv:7099 misc:2088 imb:494 pmb:576 smb:3250 d:s ref:0 ;
in:4720 out:4720 type:P dur:2 cpbdur:2 q:36.85 aq:30.56 tex:17840 mv:8071 misc:1921 imb:516 pmb:697 smb:3107 d:s ref:0 ;
in:4721 out:4721 type:P dur:2 cpbdur:2 q:36.86 aq:26.85 tex:21412 mv:8315 misc:1905 imb:621 pmb:710 smb:2989 d:s ref:0 ;
in:4722 out:4722 type:P dur:2 cpbdur:2 q:36.87 aq:26.48 tex:22674 mv:8230 misc:1896 imb:847 pmb:743 smb:2730 d:s ref:0 ;
in:4723 out:4723 type:P dur:2 cpbdur:2 q:36.87 aq:31.23 tex:24711 mv:6554 misc:1719 imb:458 pmb:812 smb:3050 d:s ref:0 ;
in:4724 out:4724 type:P dur:2 cpbdur:2 q:36.88 aq:26.83 tex:29715 mv:7569 misc:1796 imb:764 pmb:767 smb:2789 d:s ref:0 ;
in:4725 out:4725 type:P dur:2 cpbdur:2 q:36.88 aq:26.20 tex:28821 mv:6792 misc:1611 imb:605 pmb:754 smb:2961 d:s ref:0 ;
in:4726 out:4726 type:P dur:2 cpbdur:2 q:36.89 aq:27.27 tex:32809 mv:5802 misc:1853 imb:521 pmb:801 smb:2998 d:s ref:0 ;
in:4727 out:4727 type:P dur:2 cpbdur:2 q:36.90 aq:24.76 tex:29617 mv:5089 misc:1734 imb:618 pmb:759 smb:2943 d:s ref:0 ;
in:4728 out:4728 type:P dur:2 cpbdur:2 q:36.89 aq:26.76 tex:23967 mv:4382 misc:1939 imb:323 pmb:673 smb:3324 d:s ref:0 ;
in:4729 out:4729 type:P dur:2 cpbdur:2 q:36.89 aq:28.84 tex:22866 mv:5428 misc:1994 imb:384 pmb:697 smb:3239 d:s ref:0 ;
in:4733 out:4730 type:P dur:2 cpbdur:2 q:36.89 aq:29.83 tex:24226 mv:3980 misc:1938 imb:261 pmb:611 smb:3448 d:s ref:0 ;
in:4731 out:4731 type:B dur:2 cpbdur:2 q:36.89 aq:27.40 tex:574 mv:1972 misc:1086 imb:70 pmb:222 smb:4028 d:s ref:0 ;
in:4730 out:4732 type:b dur:2 cpbdur:2 q:36.89 aq:25.30 tex:414 mv:1759 misc:963 imb:18 pmb:194 smb:4108 d:s ref:0 ;
in:4732 out:4733 type:b dur:2 cpbdur:2 q:36.89 aq:27.96 tex:86 mv:800 misc:578 imb:13 pmb:69 smb:4238 d:- ref:0 ;
in:4736 out:4734 type:P dur:2 cpbdur:2 q:36.91 aq:29.87 tex:6840 mv:2820 misc:1868 imb:144 pmb:461 smb:3715 d:s ref:0 ;
in:4734 out:4735 type:B dur:2 cpbdur:2 q:36.90 aq:38.15 tex:866 mv:741 misc:601 imb:11 pmb:65 smb:4244 d:s ref:0 ;
in:4735 out:4736 type:b dur:2 cpbdur:2 q:36.90 aq:31.28 tex:778 mv:272 misc:382 imb:16 pmb:19 smb:4285 d:- ref:0 ;
in:4737 out:4737 type:P dur:2 cpbdur:2 q:36.90 aq:30.38 tex:4192 mv:1326 misc:1474 imb:79 pmb:303 smb:3938 d:s ref:0 ;
in:4738 out:4738 type:P dur:2 cpbdur:2 q:36.92 aq:32.87 tex:2662 mv:1240 misc:1458 imb:44 pmb:233 smb:4043 d:s ref:0 ;
in:4739 out:4739 type:P dur:2 cpbdur:2 q:36.94 aq:33.31 tex:1682 mv:629 misc:921 imb:41 pmb:106 smb:4173 d:s ref:0 ;
in:4741 out:4740 type:P dur:2 cpbdur:2 q:36.96 aq:31.45 tex:1539 mv:499 misc:634 imb:66 pmb:26 smb:4228 d:s ref:0 ;
in:4740 out:4741 type:b dur:2 cpbdur:2 q:36.95 aq:37.37 tex:86 mv:319 misc:315 imb:2 pmb:28 smb:4290 d:s ref:0 ;
in:4742 out:4742 type:P dur:2 cpbdur:2 q:37.00 aq:23.89 tex:444 mv:221 misc:343 imb:13 pmb:13 smb:4294 d:s ref:0 ;
in:4743 out:4743 type:P dur:2 cpbdur:2 q:37.03 aq:22.74 tex:1228 mv:328 misc:436 imb:30 pmb:12 smb:4278 d:s ref:0 ;
in:4745 out:4744 type:P dur:2 cpbdur:2 q:37.06 aq:29.93 tex:17179 mv:7308 misc:1801 imb:485 pmb:606 smb:3229 d:s ref:0 ;
in:4744 out:4745 type:b dur:2 cpbdur:2 q:37.04 aq:35.64 tex:1045 mv:3017 misc:1386 imb:39 pmb:327 smb:3954 d:s ref:0 ;
in:4746 out:4746 type:P dur:2 cpbdur:2 q:37.14 aq:32.28 tex:24125 mv:8157 misc:1750 imb:463 pmb:649 smb:3208 d:s ref:0 ;
in:4747 out:4747 type:P dur:2 cpbdur:2 q:37.19 aq:27.35 tex:15907 mv:9660 misc:1961 imb:1228 pmb:658 smb:2434 d:s ref:0 ;
in:4748 out:4748 type:P dur:2 cpbdur:2 q:37.24 aq:28.63 tex:17291 mv:10039 misc:2030 imb:649 pmb:725 smb:2946 d:s ref:0 ;
in:4749 out:4749 type:P dur:2 cpbdur:2 q:37.26 aq:31.74 tex:12853 mv:9203 misc:1928 imb:442 pmb:740 smb:3138 d:s ref:0 ;
in:4750 out:4750 type:P dur:2 cpbdur:2 q:37.27 aq:30.10 tex:15322 mv:9895 misc:1903 imb:603 pmb:781 smb:2936 d:s ref:0 ;
in:4751 out:4751 type:P dur:2 cpbdur:2 q:37.28 aq:29.98 tex:17503 mv:9619 misc:2014 imb:454 pmb:844 smb:3022 d:s ref:0 ;
in:4752 out:4752 type:P dur:2 cpbdur:2 q:37.30 aq:29.39 tex:25685 mv:11396 misc:2167 imb:671 pmb:912 smb:2737 d:s ref:0 ;
in:4753 out:4753 type:P dur:2 cpbdur:2 q:37.32 aq:30.49 tex:35628 mv:11529 misc:2195 imb:790 pmb:917 smb:2613 d:s ref:0 ;
in:4754 out:4754 type:P dur:2 cpbdur:2 q:37.33 aq:29.43 tex:38490 mv:11273 misc:2157 imb:802 pmb:964 smb:2554 d:s ref:0 ;
in:4755 out:4755 type:P dur:2 cpbdur:2 q:37.35 aq:29.15 tex:50392 mv:11558 misc:2162 imb:829 pmb:1059 smb:2432 d:s ref:0 ;
in:4756 out:4756 type:P dur:2 cpbdur:2 q:37.36 aq:29.30 tex:47986 mv:11091 misc:2315 imb:757 pmb:1082 smb:2481 d:s ref:0 ;
in:4757 out:4757 type:P dur:2 cpbdur:2 q:37.37 aq:28.66 tex:51771 mv:10618 misc:2115 imb:789 pmb:1071 smb:2460 d:s ref:0 ;
in:4759 out:4758 type:P dur:2 cpbdur:2 q:37.37 aq:28.38 tex:73527 mv:11652 misc:2141 imb:830 pmb:1128 smb:2362 d:s ref:0 ;
in:4758 out:4759 type:b dur:2 cpbdur:2 q:37.37 aq:36.15 tex:1714 mv:5945 misc:1997 imb:207 pmb:473 smb:3640 d:t ref:0 ;
in:4763 out:4760 type:P dur:2 cpbdur:2 q:37.39 aq:28.35 tex:87472 mv:11742 misc:2130 imb:905 pmb:1094 smb:2321 d:s ref:0 ;
in:4761 out:4761 type:B dur:2 cpbdur:2 q:37.38 aq:34.19 tex:4143 mv:6247 misc:1994 imb:181 pmb:547 smb:3592 d:s ref:0 ;
in:4760 out:4762 type:b dur:2 cpbdur:2 q:37.38 aq:36.52 tex:1536 mv:3866 misc:1638 imb:90 pmb:372 smb:3858 d:s ref:0 ;
in:4762 out:4763 type:b dur:2 cpbdur:2 q:37.39 aq:40.17 tex:594 mv:1199 misc:871 imb:9 pmb:142 smb:4169 d:- ref:0 ;
in:4767 out:4764 type:P dur:2 cpbdur:2 q:37.41 aq:29.49 tex:74213 mv:7488 misc:2523 imb:666 pmb:1009 smb:2645 d:s ref:0 ;
in:4765 out:4765 type:B dur:2 cpbdur:2 q:37.40 aq:37.52 tex:1977 mv:1541 misc:1106 imb:34 pmb:191 smb:4095 d:s ref:0 ;
in:4764 out:4766 type:b dur:2 cpbdur:2 q:37.40 aq:37.64 tex:1308 mv:1033 misc:803 imb:15 pmb:116 smb:4189 d:s ref:0 ;
in:4766 out:4767 type:b dur:2 cpbdur:2 q:37.40 aq:40.77 tex:38 mv:10 misc:280 imb:0 pmb:3 smb:4317 d:- ref:0 ;
in:4768 out:4768 type:P dur:2 cpbdur:2 q:37.45 aq:29.70 tex:28165 mv:2228 misc:2263 imb:51 pmb:660 smb:3609 d:s ref:0 ;
in:4769 out:4769 type:P dur:2 cpbdur:2 q:37.47 aq:29.30 tex:22072 mv:2209 misc:2391 imb:119 pmb:594 smb:3607 d:s ref:0 ;
in:4773 out:4770 type:P dur:2 cpbdur:2 q:37.50 aq:29.67 tex:25247 mv:3156 misc:2461 imb:340 pmb:589 smb:3391 d:s ref:0 ;
in:4771 out:4771 type:B dur:2 cpbdur:2 q:37.48 aq:33.43 tex:61 mv:8 misc:267 imb:0 pmb:2 smb:4318 d:s ref:0 ;
in:4770 out:4772 type:b dur:2 cpbdur:2 q:37.47 aq:35.00 tex:0 mv:0 misc:256 imb:0 pmb:0 smb:4320 d:s ref:0 ;
in:4772 out:4773 type:b dur:2 cpbdur:2 q:37.49 aq:35.00 tex:1 mv:3 misc:260 imb:0 pmb:1 smb:4319 d:- ref:0 ;
in:4777 out:4774 type:P dur:2 cpbdur:2 q:37.66 aq:29.53 tex:4094 mv:473 misc:1033 imb:21 pmb:124 smb:4175 d:s ref:0 ;
in:4775 out:4775 type:B dur:2 cpbdur:2 q:37.58 aq:33.36 tex:39 mv:12 misc:277 imb:0 pmb:2 smb:4318 d:s ref:0 ;
in:4774 out:4776 type:b dur:2 cpbdur:2 q:37.54 aq:35.00 tex:1 mv:2 misc:261 imb:0 pmb:1 smb:4319 d:s ref:0 ;
in:4776 out:4777 type:b dur:2 cpbdur:2 q:37.62 aq:35.00 tex:0 mv:0 misc:256 imb:0 pmb:0 smb:4320 d:- ref:0 ;
in:4781 out:4778 type:P dur:2 cpbdur:2 q:37.85 aq:30.67 tex:1609 mv:194 misc:573 imb:7 pmb:46 smb:4267 d:s ref:0 ;
in:4779 out:4779 type:B dur:2 cpbdur:2 q:37.75 aq:34.21 tex:39 mv:22 misc:291 imb:0 pmb:3 smb:4317 d:t ref:0 ;
in:4778 out:4780 type:b dur:2 cpbdur:2 q:37.71 aq:36.00 tex:0 mv:9 misc:263 imb:0 pmb:1 smb:4319 d:s ref:0 ;
in:4780 out:4781 type:b dur:2 cpbdur:2 q:37.80 aq:36.00 tex:0 mv:3 misc:261 imb:0 pmb:1 smb:4319 d:- ref:0 ;
in:4785 out:4782 type:P dur:2 cpbdur:2 q:37.86 aq:28.62 tex:965 mv:177 misc:538 imb:10 pmb:36 smb:4274 d:s ref:0 ;
in:4783 out:4783 type:B dur:2 cpbdur:2 q:37.85 aq:34.00 tex:0 mv:3 misc:277 imb:0 pmb:1 smb:4319 d:s ref:0 ;
in:4782 out:4784 type:b dur:2 cpbdur:2 q:37.85 aq:36.00 tex:0 mv:0 misc:256 imb:0 pmb:0 smb:4320 d:s ref:0 ;
in:4784 out:4785 type:b dur:2 cpbdur:2 q:37.86 aq:36.00 tex:0 mv:3 misc:261 imb:0 pmb:1 smb:4319 d:- ref:0 ;
in:4789 out:4786 type:P dur:2 cpbdur:2 q:37.81 aq:28.55 tex:731 mv:98 misc:347 imb:2 pmb:14 smb:4304 d:s ref:0 ;
in:4787 out:4787 type:B dur:2 cpbdur:2 q:37.83 aq:34.00 tex:0 mv:8 misc:280 imb:0 pmb:2 smb:4318 d:t ref:0 ;
in:4786 out:4788 type:b dur:2 cpbdur:2 q:37.85 aq:36.00 tex:1 mv:9 misc:262 imb:0 pmb:1 smb:4319 d:s ref:0 ;
in:4788 out:4789 type:b dur:2 cpbdur:2 q:37.82 aq:36.00 tex:0 mv:0 misc:256 imb:0 pmb:0 smb:4320 d:- ref:0 ;
in:4793 out:4790 type:P dur:2 cpbdur:2 q:37.81 aq:24.37 tex:340 mv:110 misc:366 imb:4 pmb:14 smb:4302 d:s ref:0 ;
in:4791 out:4791 type:B dur:2 cpbdur:2 q:37.81 aq:34.22 tex:45 mv:24 misc:291 imb:0 pmb:3 smb:4317 d:t ref:0 ;
in:4790 out:4792 type:b dur:2 cpbdur:2 q:37.81 aq:36.00 tex:0 mv:0 misc:256 imb:0 pmb:0 smb:4320 d:s ref:0 ;
in:4792 out:4793 type:b dur:2 cpbdur:2 q:37.81 aq:36.00 tex:0 mv:0 misc:256 imb:0 pmb:0 smb:4320 d:- ref:0 ;
in:4797 out:4794 type:P dur:2 cpbdur:2 q:37.76 aq:30.03 tex:1180 mv:139 misc:449 imb:3 pmb:28 smb:4289 d:s ref:0 ;
in:4795 out:4795 type:B dur:2 cpbdur:2 q:37.78 aq:34.29 tex:34 mv:30 misc:296 imb:0 pmb:6 smb:4314 d:t ref:0 ;
in:4794 out:4796 type:b dur:2 cpbdur:2 q:37.79 aq:36.00 tex:0 mv:0 misc:256 imb:0 pmb:0 smb:4320 d:s ref:0 ;
in:4796 out:4797 type:b dur:2 cpbdur:2 q:37.77 aq:36.00 tex:0 mv:12 misc:268 imb:0 pmb:3 smb:4317 d:- ref:0 ;
in:4799 out:4798 type:P dur:2 cpbdur:2 q:37.70 aq:28.25 tex:1487 mv:234 misc:463 imb:14 pmb:23 smb:4283 d:s ref:0 ;
in:4798 out:4799 type:b dur:2 cpbdur:2 q:37.73 aq:28.63 tex:425 mv:90 misc:293 imb:4 pmb:12 smb:4304 d:s ref:0 ;
in:4801 out:4800 type:P dur:2 cpbdur:2 q:37.68 aq:28.84 tex:2830 mv:348 misc:758 imb:29 pmb:70 smb:4221 d:s ref:0 ;
in:4800 out:4801 type:b dur:2 cpbdur:2 q:37.69 aq:38.62 tex:397 mv:129 misc:338 imb:4 pmb:29 smb:4287 d:s ref:0 ;
in:4804 out:4802 type:P dur:2 cpbdur:2 q:37.66 aq:26.14 tex:15528 mv:973 misc:707 imb:89 pmb:81 smb:4150 d:s ref:0 ;
in:4802 out:4803 type:B dur:2 cpbdur:2 q:37.67 aq:33.59 tex:388 mv:229 misc:407 imb:8 pmb:41 smb:4271 d:s ref:0 ;
in:4803 out:4804 type:b dur:2 cpbdur:2 q:37.67 aq:31.82 tex:653 mv:312 misc:459 imb:13 pmb:56 smb:4251 d:- ref:0 ;
in:4805 out:4805 type:P dur:2 cpbdur:2 q:37.64 aq:27.27 tex:2762 mv:303 misc:767 imb:26 pmb:71 smb:4223 d:s ref:0 ;
in:4809 out:4806 type:P dur:2 cpbdur:2 q:37.61 aq:20.86 tex:887 mv:176 misc:425 imb:17 pmb:12 smb:4291 d:s ref:0 ;
in:4807 out:4807 type:B dur:2 cpbdur:2 q:37.63 aq:32.78 tex:23 mv:25 misc:288 imb:1 pmb:6 smb:4313 d:s ref:0 ;
in:4806 out:4808 type:b dur:2 cpbdur:2 q:37.63 aq:35.00 tex:217 mv:92 misc:275 imb:4 pmb:6 smb:4310 d:s ref:0 ;
in:4808 out:4809 type:b dur:2 cpbdur:2 q:37.62 aq:35.00 tex:0 mv:0 misc:256 imb:0 pmb:0 smb:4320 d:- ref:0 ;
in:4813 out:4810 type:P dur:2 cpbdur:2 q:37.56 aq:28.05 tex:24107 mv:3693 misc:1152 imb:272 pmb:424 smb:3624 d:s ref:0 ;
in:4811 out:4811 type:B dur:2 cpbdur:2 q:37.59 aq:24.18 tex:76 mv:584 misc:876 imb:24 pmb:224 smb:4072 d:s ref:0 ;
in:4810 out:4812 type:b dur:2 cpbdur:2 q:37.60 aq:35.00 tex:31 mv:275 misc:742 imb:10 pmb:159 smb:4151 d:s ref:0 ;
in:4812 out:4813 type:b dur:2 cpbdur:2 q:37.58 aq:35.40 tex:129 mv:29 misc:274 imb:0 pmb:8 smb:4312 d:- ref:0 ;
in:4814 out:4814 type:P dur:2 cpbdur:2 q:37.55 aq:30.08 tex:3730 mv:437 misc:881 imb:17 pmb:109 smb:4194 d:s ref:0 ;
in:4816 out:4815 type:P dur:2 cpbdur:2 q:37.54 aq:29.04 tex:1845 mv:280 misc:707 imb:26 pmb:56 smb:4238 d:s ref:0 ;
in:4815 out:4816 type:b dur:2 cpbdur:2 q:37.54 aq:35.47 tex:271 mv:160 misc:289 imb:2 pmb:17 smb:4301 d:s ref:0 ;
in:4817 out:4817 type:P dur:2 cpbdur:2 q:37.52 aq:26.95 tex:1677 mv:237 misc:582 imb:19 pmb:45 smb:4256 d:s ref:0 ;
in:4819 out:4818 type:P dur:2 cpbdur:2 q:37.50 aq:25.06 tex:788 mv:155 misc:433 imb:19 pmb:17 smb:4284 d:s ref:0 ;
in:4818 out:4819 type:b dur:2 cpbdur:2 q:37.51 aq:36.13 tex:215 mv:175 misc:298 imb:2 pmb:24 smb:4294 d:s ref:0 ;
in:4820 out:4820 type:P dur:2 cpbdur:2 q:37.49 aq:25.77 tex:1553 mv:229 misc:562 imb:28 pmb:38 smb:4254 d:s ref:0 ;
in:4821 out:4821 type:P dur:2 cpbdur:2 q:37.48 aq:26.41 tex:859 mv:189 misc:432 imb:20 pmb:18 smb:4282 d:s ref:0 ;
in:4823 out:4822 type:P dur:2 cpbdur:2 q:37.48 aq:25.51 tex:907 mv:214 misc:431 imb:29 pmb:12 smb:4279 d:s ref:0 ;
in:4822 out:4823 type:b dur:2 cpbdur:2 q:37.48 aq:35.18 tex:480 mv:128 misc:296 imb:4 pmb:19 smb:4297 d:s ref:0 ;
in:4827 out:4824 type:P dur:2 cpbdur:2 q:37.46 aq:24.77 tex:1464 mv:197 misc:363 imb:20 pmb:12 smb:4288 d:s ref:0 ;
in:4825 out:4825 type:B dur:2 cpbdur:2 q:37.47 aq:30.33 tex:498 mv:87 misc:335 imb:2 pmb:22 smb:4296 d:s ref:0 ;
in:4824 out:4826 type:b dur:2 cpbdur:2 q:37.47 aq:29.82 tex:394 mv:124 misc:298 imb:2 pmb:17 smb:4301 d:s ref:0 ;
in:4826 out:4827 type:b dur:2 cpbdur:2 q:37.46 aq:35.81 tex:87 mv:156 misc:285 imb:1 pmb:13 smb:4306 d:- ref:0 ;
in:4831 out:4828 type:P dur:2 cpbdur:2 q:37.44 aq:24.30 tex:1196 mv:127 misc:333 imb:9 pmb:11 smb:4300 d:s ref:0 ;
in:4829 out:4829 type:B dur:2 cpbdur:2 q:37.45 aq:35.07 tex:582 mv:79 misc:307 imb:2 pmb:16 smb:4302 d:s ref:0 ;
in:4828 out:4830 type:b dur:2 cpbdur:2 q:37.46 aq:29.89 tex:73 mv:160 misc:295 imb:1 pmb:13 smb:4306 d:s ref:0 ;
in:4830 out:4831 type:b dur:2 cpbdur:2 q:37.45 aq:29.64 tex:206 mv:144 misc:298 imb:2 pmb:9 smb:4309 d:- ref:0 ;
in:4832 out:4832 type:P dur:2 cpbdur:2 q:37.39 aq:28.66 tex:3129 mv:312 misc:687 imb:13 pmb:64 smb:4243 d:s ref:0 ;
in:4836 out:4833 type:P dur:2 cpbdur:2 q:37.39 aq:23.36 tex:1707 mv:122 misc:347 imb:5 pmb:12 smb:4303 d:s ref:0 ;
in:4834 out:4834 type:B dur:2 cpbdur:2 q:37.39 aq:38.73 tex:198 mv:85 misc:277 imb:0 pmb:6 smb:4314 d:s ref:0 ;
in:4833 out:4835 type:b dur:2 cpbdur:2 q:37.39 aq:39.48 tex:233 mv:72 misc:271 imb:0 pmb:6 smb:4314 d:s ref:0 ;
in:4835 out:4836 type:b dur:2 cpbdur:2 q:37.39 aq:40.73 tex:96 mv:55 misc:273 imb:0 pmb:5 smb:4315 d:- ref:0 ;
in:4840 out:4837 type:P dur:2 cpbdur:2 q:37.35 aq:29.84 tex:1876 mv:133 misc:415 imb:4 pmb:21 smb:4295 d:s ref:0 ;
in:4838 out:4838 type:B dur:2 cpbdur:2 q:37.37 aq:38.76 tex:132 mv:43 misc:289 imb:0 pmb:6 smb:4314 d:t ref:0 ;
in:4837 out:4839 type:b dur:2 cpbdur:2 q:37.38 aq:39.22 tex:37 mv:28 misc:271 imb:0 pmb:2 smb:4318 d:s ref:0 ;
in:4839 out:4840 type:b dur:2 cpbdur:2 q:37.36 aq:35.00 tex:0 mv:5 misc:267 imb:0 pmb:2 smb:4318 d:- ref:0 ;
in:4844 out:4841 type:P dur:2 cpbdur:2 q:37.30 aq:28.37 tex:2836 mv:330 misc:410 imb:5 pmb:50 smb:4265 d:s ref:0 ;
in:4842 out:4842 type:B dur:2 cpbdur:2 q:37.33 aq:38.89 tex:145 mv:7 misc:272 imb:0 pmb:2 smb:4318 d:s ref:0 ;
in:4841 out:4843 type:b dur:2 cpbdur:2 q:37.34 aq:35.00 tex:0 mv:3 misc:261 imb:0 pmb:1 smb:4319 d:s ref:0 ;
in:4843 out:4844 type:b dur:2 cpbdur:2 q:37.32 aq:40.90 tex:187 mv:12 misc:273 imb:0 pmb:3 smb:4317 d:- ref:0 ;
in:4848 out:4845 type:P dur:2 cpbdur:2 q:37.26 aq:29.53 tex:2779 mv:221 misc:480 imb:1 pmb:60 smb:4259 d:s ref:0 ;
in:4846 out:4846 type:B dur:2 cpbdur:2 q:37.28 aq:33.00 tex:1 mv:5 misc:274 imb:0 pmb:2 smb:4318 d:s ref:0 ;
in:4845 out:4847 type:b dur:2 cpbdur:2 q:37.29 aq:35.00 tex:0 mv:6 misc:266 imb:0 pmb:2 smb:4318 d:s ref:0 ;
in:4847 out:4848 type:b dur:2 cpbdur:2 q:37.27 aq:35.00 tex:0 mv:0 misc:256 imb:0 pmb:0 smb:4320 d:- ref:0 ;
in:4852 out:4849 type:P dur:2 cpbdur:2 q:37.20 aq:32.23 tex:608 mv:75 misc:349 imb:4 pmb:7 smb:4309 d:s ref:0 ;
in:4850 out:4850 type:B dur:2 cpbdur:2 q:37.23 aq:33.00 tex:0 mv:6 misc:274 imb:0 pmb:2 smb:4318 d:s ref:0 ;
in:4849 out:4851 type:b dur:2 cpbdur:2 q:37.24 aq:35.00 tex:0 mv:0 misc:256 imb:0 pmb:0 smb:4320 d:s ref:0 ;
in:4851 out:4852 type:b dur:2 cpbdur:2 q:37.22 aq:35.00 tex:1 mv:3 misc:260 imb:0 pmb:1 smb:4319 d:- ref:0 ;
in:4856 out:4853 type:P dur:2 cpbdur:2 q:37.16 aq:28.95 tex:4156 mv:363 misc:569 imb:3 pmb:82 smb:4235 d:s ref:0 ;
in:4854 out:4854 type:B dur:2 cpbdur:2 q:37.18 aq:38.82 tex:176 mv:23 misc:305 imb:0 pmb:6 smb:4314 d:s ref:0 ;
in:4853 out:4855 type:b dur:2 cpbdur:2 q:37.19 aq:39.21 tex:195 mv:17 misc:268 imb:0 pmb:3 smb:4317 d:s ref:0 ;
in:4855 out:4856 type:b dur:2 cpbdur:2 q:37.17 aq:40.06 tex:177 mv:11 misc:268 imb:0 pmb:3 smb:4317 d:- ref:0 ;
in:4860 out:4857 type:P dur:2 cpbdur:2 q:37.11 aq:30.94 tex:3742 mv:269 misc:557 imb:1 pmb:76 smb:4243 d:s ref:0 ;
in:4858 out:4858 type:B dur:2 cpbdur:2 q:37.13 aq:33.00 tex:0 mv:3 misc:269 imb:0 pmb:1 smb:4319 d:s ref:0 ;
in:4857 out:4859 type:b dur:2 cpbdur:2 q:37.14 aq:35.00 tex:0 mv:0 misc:256 imb:0 pmb:0 smb:4320 d:s ref:0 ;
in:4859 out:4860 type:b dur:2 cpbdur:2 q:37.12 aq:35.00 tex:1 mv:2 misc:261 imb:0 pmb:1 smb:4319 d:- ref:0 ;
in:4864 out:4861 type:P dur:2 cpbdur:2 q:37.07 aq:28.40 tex:1353 mv:164 misc:563 imb:6 pmb:43 smb:4271 d:s ref:0 ;
in:4862 out:4862 type:B dur:2 cpbdur:2 q:37.09 aq:33.00 tex:0 mv:0 misc:264 imb:0 pmb:0 smb:4320 d:s ref:0 ;
in:4861 out:4863 type:b dur:2 cpbdur:2 q:37.10 aq:35.00 tex:0 mv:0 misc:256 imb:0 pmb:0 smb:4320 d:s ref:0 ;
in:4863 out:4864 type:b dur:2 cpbdur:2 q:37.08 aq:35.00 tex:0 mv:0 misc:256 imb:0 pmb:0 smb:4320 d:- ref:0 ;
in:4868 out:4865 type:P dur:2 cpbdur:2 q:37.02 aq:32.49 tex:2324 mv:260 misc:496 imb:3 pmb:63 smb:4254 d:s ref:0 ;
in:4866 out:4866 type:B dur:2 cpbdur:2 q:37.05 aq:38.89 tex:101 mv:10 misc:273 imb:0 pmb:2 smb:4318 d:s ref:0 ;
in:4865 out:4867 type:b dur:2 cpbdur:2 q:37.06 aq:35.00 tex:0 mv:0 misc:256 imb:0 pmb:0 smb:4320 d:s ref:0 ;
in:4867 out:4868 type:b dur:2 cpbdur:2 q:37.04 aq:40.06 tex:125 mv:12 misc:271 imb:0 pmb:3 smb:4317 d:- ref:0 ;
in:4872 out:4869 type:P dur:2 cpbdur:2 q:36.98 aq:29.41 tex:4419 mv:416 misc:509 imb:4 pmb:76 smb:4240 d:s ref:0 ;
in:4870 out:4870 type:B dur:2 cpbdur:2 q:37.00 aq:38.90 tex:184 mv:12 misc:276 imb:0 pmb:3 smb:4317 d:s ref:0 ;
in:4869 out:4871 type:b dur:2 cpbdur:2 q:37.01 aq:40.05 tex:93 mv:11 misc:272 imb:0 pmb:3 smb:4317 d:s ref:0 ;
in:4871 out:4872 type:b dur:2 cpbdur:2 q:36.99 aq:35.00 tex:0 mv:3 misc:261 imb:0 pmb:1 smb:4319 d:- ref:0 ;
in:4876 out:4873 type:P dur:2 cpbdur:2 q:36.95 aq:21.78 tex:3351 mv:628 misc:989 imb:82 pmb:107 smb:4131 d:s ref:0 ;
in:4874 out:4874 type:B dur:2 cpbdur:2 q:36.96 aq:33.00 tex:0 mv:0 misc:264 imb:0 pmb:0 smb:4320 d:s ref:0 ;
in:4873 out:4875 type:b dur:2 cpbdur:2 q:36.97 aq:35.00 tex:0 mv:0 misc:256 imb:0 pmb:0 smb:4320 d:s ref:0 ;
in:4875 out:4876 type:b dur:2 cpbdur:2 q:36.96 aq:35.00 tex:0 mv:0 misc:256 imb:0 pmb:0 smb:4320 d:- ref:0 ;
in:4880 out:4877 type:P dur:2 cpbdur:2 q:36.91 aq:28.73 tex:805 mv:95 misc:484 imb:2 pmb:30 smb:4288 d:s ref:0 ;
in:4878 out:4878 type:B dur:2 cpbdur:2 q:36.93 aq:33.00 tex:0 mv:0 misc:264 imb:0 pmb:0 smb:4320 d:s ref:0 ;
in:4877 out:4879 type:b dur:2 cpbdur:2 q:36.94 aq:35.00 tex:0 mv:0 misc:256 imb:0 pmb:0 smb:4320 d:s ref:0 ;
in:4879 out:4880 type:b dur:2 cpbdur:2 q:36.92 aq:35.00 tex:0 mv:0 misc:256 imb:0 pmb:0 smb:4320 d:- ref:0 ;
in:4884 out:4881 type:P dur:2 cpbdur:2 q:36.87 aq:25.06 tex:769 mv:70 misc:441 imb:1 pmb:23 smb:4296 d:s ref:0 ;
in:4882 out:4882 type:B dur:2 cpbdur:2 q:36.89 aq:33.00 tex:0 mv:0 misc:264 imb:0 pmb:0 smb:4320 d:s ref:0 ;
in:4881 out:4883 type:b dur:2 cpbdur:2 q:36.90 aq:35.00 tex:0 mv:0 misc:256 imb:0 pmb:0 smb:4320 d:s ref:0 ;
in:4883 out:4884 type:b dur:2 cpbdur:2 q:36.88 aq:35.00 tex:0 mv:0 misc:256 imb:0 pmb:0 smb:4320 d:- ref:0 ;
in:4888 out:4885 type:P dur:2 cpbdur:2 q:36.82 aq:29.43 tex:1221 mv:72 misc:515 imb:1 pmb:35 smb:4284 d:s ref:0 ;
in:4886 out:4886 type:B dur:2 cpbdur:2 q:36.85 aq:33.00 tex:0 mv:0 misc:264 imb:0 pmb:0 smb:4320 d:s ref:0 ;
in:4885 out:4887 type:b dur:2 cpbdur:2 q:36.86 aq:35.00 tex:0 mv:0 misc:256 imb:0 pmb:0 smb:4320 d:s ref:0 ;
in:4887 out:4888 type:b dur:2 cpbdur:2 q:36.83 aq:35.00 tex:0 mv:0 misc:256 imb:0 pmb:0 smb:4320 d:- ref:0 ;
in:4892 out:4889 type:P dur:2 cpbdur:2 q:36.77 aq:29.90 tex:823 mv:36 misc:381 imb:0 pmb:14 smb:4306 d:s ref:0 ;
in:4890 out:4890 type:B dur:2 cpbdur:2 q:36.80 aq:33.00 tex:0 mv:9 misc:279 imb:0 pmb:3 smb:4317 d:s ref:0 ;
in:4889 out:4891 type:b dur:2 cpbdur:2 q:36.81 aq:35.00 tex:0 mv:0 misc:256 imb:0 pmb:0 smb:4320 d:s ref:0 ;
in:4891 out:4892 type:b dur:2 cpbdur:2 q:36.78 aq:35.00 tex:0 mv:3 misc:261 imb:0 pmb:1 smb:4319 d:- ref:0 ;
in:4896 out:4893 type:P dur:2 cpbdur:2 q:36.72 aq:26.44 tex:3900 mv:393 misc:499 imb:5 pmb:64 smb:4251 d:s ref:0 ;
in:4894 out:4894 type:B dur:2 cpbdur:2 q:36.75 aq:36.96 tex:71 mv:31 misc:314 imb:0 pmb:9 smb:4311 d:t ref:0 ;
in:4893 out:4895 type:b dur:2 cpbdur:2 q:36.76 aq:39.21 tex:185 mv:13 misc:266 imb:0 pmb:3 smb:4317 d:s ref:0 ;
in:4895 out:4896 type:b dur:2 cpbdur:2 q:36.73 aq:35.00 tex:0 mv:0 misc:256 imb:0 pmb:0 smb:4320 d:- ref:0 ;
in:4900 out:4897 type:P dur:2 cpbdur:2 q:36.67 aq:30.80 tex:2429 mv:212 misc:607 imb:9 pmb:61 smb:4250 d:s ref:0 ;
in:4898 out:4898 type:B dur:2 cpbdur:2 q:36.70 aq:33.00 tex:0 mv:0 misc:264 imb:0 pmb:0 smb:4320 d:s ref:0 ;
in:4897 out:4899 type:b dur:2 cpbdur:2 q:36.71 aq:35.00 tex:0 mv:0 misc:256 imb:0 pmb:0 smb:4320 d:s ref:0 ;
in:4899 out:4900 type:b dur:2 cpbdur:2 q:36.68 aq:35.00 tex:0 mv:0 misc:256 imb:0 pmb:0 smb:4320 d:- ref:0 ;
in:4904 out:4901 type:P dur:2 cpbdur:2 q:36.62 aq:24.38 tex:2198 mv:202 misc:456 imb:6 pmb:45 smb:4269 d:s ref:0 ;
in:4902 out:4902 type:B dur:2 cpbdur:2 q:36.65 aq:33.00 tex:0 mv:3 misc:269 imb:0 pmb:1 smb:4319 d:s ref:0 ;
in:4901 out:4903 type:b dur:2 cpbdur:2 q:36.66 aq:34.00 tex:0 mv:0 misc:256 imb:0 pmb:0 smb:4320 d:s ref:0 ;
in:4903 out:4904 type:b dur:2 cpbdur:2 q:36.64 aq:39.06 tex:112 mv:11 misc:269 imb:0 pmb:3 smb:4317 d:- ref:0 ;
in:4908 out:4905 type:P dur:2 cpbdur:2 q:36.58 aq:27.78 tex:8349 mv:462 misc:565 imb:15 pmb:71 smb:4234 d:s ref:0 ;
in:4906 out:4906 type:B dur:2 cpbdur:2 q:36.60 aq:38.76 tex:284 mv:106 misc:338 imb:0 pmb:21 smb:4299 d:s ref:0 ;
in:4905 out:4907 type:b dur:2 cpbdur:2 q:36.61 aq:39.90 tex:144 mv:25 misc:287 imb:0 pmb:7 smb:4313 d:s ref:0 ;
in:4907 out:4908 type:b dur:2 cpbdur:2 q:36.59 aq:38.49 tex:192 mv:55 misc:273 imb:0 pmb:9 smb:4311 d:- ref:0 ;
in:4912 out:4909 type:P dur:2 cpbdur:2 q:36.54 aq:29.49 tex:5131 mv:347 misc:594 imb:9 pmb:76 smb:4235 d:s ref:0 ;
in:4910 out:4910 type:B dur:2 cpbdur:2 q:36.56 aq:36.43 tex:448 mv:80 misc:320 imb:2 pmb:16 smb:4302 d:s ref:0 ;
in:4909 out:4911 type:b dur:2 cpbdur:2 q:36.57 aq:38.21 tex:397 mv:78 misc:301 imb:2 pmb:12 smb:4306 d:s ref:0 ;
in:4911 out:4912 type:b dur:2 cpbdur:2 q:36.55 aq:37.78 tex:293 mv:75 misc:280 imb:0 pmb:10 smb:4310 d:- ref:0 ;
in:4914 out:4913 type:P dur:2 cpbdur:2 q:36.51 aq:26.60 tex:2780 mv:233 misc:747 imb:14 pmb:72 smb:4234 d:s ref:0 ;
in:4913 out:4914 type:b dur:2 cpbdur:2 q:36.52 aq:38.38 tex:400 mv:53 misc:267 imb:0 pmb:5 smb:4315 d:s ref:0 ;
in:4918 out:4915 type:P dur:2 cpbdur:2 q:36.48 aq:31.43 tex:2168 mv:170 misc:374 imb:6 pmb:20 smb:4294 d:s ref:0 ;
in:4916 out:4916 type:B dur:2 cpbdur:2 q:36.49 aq:36.40 tex:506 mv:82 misc:316 imb:2 pmb:18 smb:4300 d:s ref:0 ;
in:4915 out:4917 type:b dur:2 cpbdur:2 q:36.50 aq:37.76 tex:339 mv:139 misc:298 imb:0 pmb:14 smb:4306 d:s ref:0 ;
in:4917 out:4918 type:b dur:2 cpbdur:2 q:36.49 aq:37.74 tex:75 mv:142 misc:271 imb:0 pmb:10 smb:4310 d:- ref:0 ;
in:4922 out:4919 type:P dur:2 cpbdur:2 q:36.44 aq:23.66 tex:3314 mv:217 misc:509 imb:11 pmb:41 smb:4268 d:s ref:0 ;
in:4920 out:4920 type:B dur:2 cpbdur:2 q:36.46 aq:36.36 tex:139 mv:90 misc:299 imb:3 pmb:10 smb:4307 d:s ref:0 ;
in:4919 out:4921 type:b dur:2 cpbdur:2 q:36.47 aq:37.22 tex:348 mv:62 misc:270 imb:0 pmb:8 smb:4312 d:s ref:0 ;
in:4921 out:4922 type:b dur:2 cpbdur:2 q:36.45 aq:36.79 tex:492 mv:123 misc:313 imb:8 pmb:13 smb:4299 d:- ref:0 ;
in:4926 out:4923 type:P dur:2 cpbdur:2 q:36.40 aq:28.85 tex:1948 mv:188 misc:488 imb:16 pmb:33 smb:4271 d:s ref:0 ;
in:4924 out:4924 type:B dur:2 cpbdur:2 q:36.42 aq:25.06 tex:275 mv:123 misc:322 imb:7 pmb:14 smb:4299 d:s ref:0 ;
in:4923 out:4925 type:b dur:2 cpbdur:2 q:36.43 aq:26.02 tex:924 mv:387 misc:353 imb:32 pmb:33 smb:4255 d:s ref:0 ;
in:4925 out:4926 type:b dur:2 cpbdur:2 q:36.41 aq:34.76 tex:258 mv:115 misc:299 imb:2 pmb:18 smb:4300 d:- ref:0 ;
in:4930 out:4927 type:P dur:2 cpbdur:2 q:36.36 aq:27.14 tex:2466 mv:311 misc:343 imb:30 pmb:29 smb:4261 d:s ref:0 ;
in:4928 out:4928 type:B dur:2 cpbdur:2 q:36.38 aq:34.69 tex:710 mv:240 misc:346 imb:7 pmb:33 smb:4280 d:s ref:0 ;
in:4927 out:4929 type:b dur:2 cpbdur:2 q:36.39 aq:36.51 tex:246 mv:133 misc:285 imb:0 pmb:16 smb:4304 d:s ref:0 ;
in:4929 out:4930 type:b dur:2 cpbdur:2 q:36.37 aq:35.17 tex:270 mv:229 misc:341 imb:5 pmb:23 smb:4292 d:- ref:0 ;
in:4934 out:4931 type:P dur:2 cpbdur:2 q:36.31 aq:26.71 tex:30002 mv:1976 misc:638 imb:198 pmb:93 smb:4029 d:s ref:0 ;
in:4932 out:4932 type:B dur:2 cpbdur:2 q:36.33 aq:27.35 tex:97 mv:363 misc:596 imb:11 pmb:106 smb:4203 d:s ref:0 ;
in:4931 out:4933 type:b dur:2 cpbdur:2 q:36.34 aq:34.00 tex:1 mv:78 misc:265 imb:0 pmb:5 smb:4315 d:s ref:0 ;
in:4933 out:4934 type:b dur:2 cpbdur:2 q:36.32 aq:27.07 tex:42 mv:237 misc:585 imb:6 pmb:111 smb:4203 d:- ref:0 ;
in:4938 out:4935 type:P dur:2 cpbdur:2 q:36.29 aq:24.93 tex:22451 mv:2119 misc:718 imb:128 pmb:190 smb:4002 d:s ref:0 ;
in:4936 out:4936 type:B dur:2 cpbdur:2 q:36.30 aq:27.47 tex:135 mv:303 misc:514 imb:9 pmb:80 smb:4231 d:s ref:0 ;
in:4935 out:4937 type:b dur:2 cpbdur:2 q:36.30 aq:35.54 tex:86 mv:280 misc:522 imb:3 pmb:89 smb:4228 d:s ref:0 ;
in:4937 out:4938 type:b dur:2 cpbdur:2 q:36.29 aq:34.00 tex:0 mv:12 misc:260 imb:0 pmb:2 smb:4318 d:- ref:0 ;
in:4942 out:4939 type:P dur:2 cpbdur:2 q:36.29 aq:24.06 tex:36286 mv:2163 misc:655 imb:161 pmb:122 smb:4037 d:s ref:0 ;
in:4940 out:4940 type:B dur:2 cpbdur:2 q:36.29 aq:23.68 tex:48 mv:264 misc:568 imb:8 pmb:86 smb:4226 d:s ref:0 ;
in:4939 out:4941 type:b dur:2 cpbdur:2 q:36.29 aq:24.66 tex:50 mv:368 misc:574 imb:10 pmb:86 smb:4224 d:s ref:0 ;
in:4941 out:4942 type:b dur:2 cpbdur:2 q:36.29 aq:34.00 tex:0 mv:0 misc:256 imb:0 pmb:0 smb:4320 d:- ref:0 ;
in:4946 out:4943 type:P dur:2 cpbdur:2 q:36.28 aq:29.68 tex:550 mv:115 misc:343 imb:5 pmb:8 smb:4307 d:s ref:0 ;
in:4944 out:4944 type:B dur:2 cpbdur:2 q:36.29 aq:37.92 tex:44 mv:41 misc:275 imb:0 pmb:6 smb:4314 d:s ref:0 ;
in:4943 out:4945 type:b dur:2 cpbdur:2 q:36.29 aq:34.00 tex:1 mv:9 misc:262 imb:0 pmb:2 smb:4318 d:s ref:0 ;
in:4945 out:4946 type:b dur:2 cpbdur:2 q:36.28 aq:37.44 tex:95 mv:52 misc:269 imb:0 pmb:6 smb:4314 d:- ref:0 ;
in:4950 out:4947 type:P dur:2 cpbdur:2 q:36.24 aq:26.01 tex:5094 mv:547 misc:375 imb:52 pmb:34 smb:4234 d:s ref:0 ;
in:4948 out:4948 type:B dur:2 cpbdur:2 q:36.26 aq:36.66 tex:473 mv:228 misc:371 imb:6 pmb:34 smb:4280 d:s ref:0 ;
in:4947 out:4949 type:b dur:2 cpbdur:2 q:36.27 aq:38.14 tex:321 mv:85 misc:274 imb:0 pmb:10 smb:4310 d:s ref:0 ;
in:4949 out:4950 type:b dur:2 cpbdur:2 q:36.25 aq:35.58 tex:371 mv:134 misc:335 imb:1 pmb:30 smb:4289 d:- ref:0 ;
in:4954 out:4951 type:P dur:2 cpbdur:2 q:36.21 aq:30.24 tex:4439 mv:623 misc:394 imb:47 pmb:51 smb:4222 d:s ref:0 ;
in:4952 out:4952 type:B dur:2 cpbdur:2 q:36.22 aq:27.48 tex:1296 mv:442 misc:374 imb:34 pmb:36 smb:4250 d:s ref:0 ;
in:4951 out:4953 type:b dur:2 cpbdur:2 q:36.23 aq:27.57 tex:342 mv:211 misc:319 imb:2 pmb:24 smb:4294 d:s ref:0 ;
in:4953 out:4954 type:b dur:2 cpbdur:2 q:36.22 aq:27.67 tex:305 mv:311 misc:352 imb:6 pmb:35 smb:4279 d:- ref:0 ;
in:4958 out:4955 type:P dur:2 cpbdur:2 q:36.18 aq:29.75 tex:3858 mv:542 misc:384 imb:53 pmb:40 smb:4227 d:s ref:0 ;
in:4956 out:4956 type:B dur:2 cpbdur:2 q:36.19 aq:28.44 tex:481 mv:245 misc:386 imb:8 pmb:38 smb:4274 d:s ref:0 ;
in:4955 out:4957 type:b dur:2 cpbdur:2 q:36.20 aq:29.47 tex:320 mv:232 misc:352 imb:6 pmb:30 smb:4284 d:s ref:0 ;
in:4957 out:4958 type:b dur:2 cpbdur:2 q:36.19 aq:36.17 tex:125 mv:146 misc:273 imb:1 pmb:5 smb:4314 d:- ref:0 ;
in:4962 out:4959 type:P dur:2 cpbdur:2 q:36.15 aq:23.30 tex:4381 mv:547 misc:352 imb:61 pmb:39 smb:4220 d:s ref:0 ;
in:4960 out:4960 type:B dur:2 cpbdur:2 q:36.16 aq:26.74 tex:302 mv:232 misc:362 imb:7 pmb:37 smb:4276 d:s ref:0 ;
in:4959 out:4961 type:b dur:2 cpbdur:2 q:36.17 aq:29.12 tex:218 mv:173 misc:353 imb:5 pmb:30 smb:4285 d:s ref:0 ;
in:4961 out:4962 type:b dur:2 cpbdur:2 q:36.16 aq:36.76 tex:120 mv:107 misc:269 imb:0 pmb:6 smb:4314 d:- ref:0 ;
in:4963 out:4963 type:P dur:2 cpbdur:2 q:36.11 aq:34.63 tex:346 mv:60 misc:282 imb:2 pmb:4 smb:4314 d:s ref:0 ;
in:4964 out:4964 type:I dur:2 cpbdur:2 q:33.37 aq:21.78 tex:218236 mv:42098 misc:546 imb:4320 pmb:0 smb:0 d:s ref:;
in:4968 out:4965 type:P dur:2 cpbdur:2 q:36.37 aq:32.85 tex:592 mv:88 misc:280 imb:3 pmb:5 smb:4312 d:s ref:0 ;
in:4966 out:4966 type:B dur:2 cpbdur:2 q:36.37 aq:35.68 tex:94 mv:104 misc:266 imb:0 pmb:7 smb:4313 d:s ref:0 ;
in:4965 out:4967 type:b dur:2 cpbdur:2 q:36.37 aq:37.68 tex:61 mv:55 misc:268 imb:0 pmb:4 smb:4316 d:t ref:0 ;
in:4967 out:4968 type:b dur:2 cpbdur:2 q:36.37 aq:35.53 tex:118 mv:58 misc:264 imb:0 pmb:6 smb:4314 d:- ref:0 ;
in:4972 out:4969 type:P dur:2 cpbdur:2 q:36.32 aq:29.23 tex:291 mv:69 misc:280 imb:0 pmb:6 smb:4314 d:s ref:0 ;
in:4970 out:4970 type:B dur:2 cpbdur:2 q:36.35 aq:32.00 tex:0 mv:47 misc:273 imb:0 pmb:5 smb:4315 d:s ref:0 ;
in:4969 out:4971 type:b dur:2 cpbdur:2 q:36.36 aq:34.00 tex:2 mv:50 misc:268 imb:0 pmb:5 smb:4315 d:s ref:0 ;
in:4971 out:4972 type:b dur:2 cpbdur:2 q:36.34 aq:34.00 tex:0 mv:22 misc:266 imb:0 pmb:2 smb:4318 d:- ref:0 ;
in:4974 out:4973 type:P dur:2 cpbdur:2 q:36.26 aq:30.05 tex:35265 mv:10807 misc:2088 imb:1696 pmb:508 smb:2116 d:s ref:0 ;
in:4973 out:4974 type:b dur:2 cpbdur:2 q:36.29 aq:32.36 tex:38 mv:181 misc:621 imb:1 pmb:99 smb:4220 d:s ref:0 ;
in:4975 out:4975 type:P dur:2 cpbdur:2 q:36.28 aq:28.92 tex:48860 mv:11869 misc:1775 imb:2379 pmb:272 smb:1669 d:s ref:0 ;
in:4976 out:4976 type:P dur:2 cpbdur:2 q:36.31 aq:28.64 tex:29367 mv:12829 misc:2172 imb:1541 pmb:626 smb:2153 d:s ref:0 ;
in:4977 out:4977 type:P dur:2 cpbdur:2 q:36.32 aq:27.66 tex:24708 mv:11975 misc:1981 imb:1517 pmb:620 smb:2183 d:s ref:0 ;
in:4978 out:4978 type:P dur:2 cpbdur:2 q:36.32 aq:26.40 tex:22790 mv:11469 misc:1973 imb:995 pmb:711 smb:2614 d:s ref:0 ;
in:4979 out:4979 type:P dur:2 cpbdur:2 q:36.33 aq:27.40 tex:26535 mv:12323 misc:2126 imb:975 pmb:799 smb:2546 d:s ref:0 ;
in:4980 out:4980 type:P dur:2 cpbdur:2 q:36.34 aq:28.63 tex:27732 mv:12150 misc:2006 imb:934 pmb:977 smb:2409 d:s ref:0 ;
in:4981 out:4981 type:P dur:2 cpbdur:2 q:36.35 aq:27.59 tex:33451 mv:12870 misc:2167 imb:687 pmb:1084 smb:2549 d:s ref:0 ;
in:4982 out:4982 type:P dur:2 cpbdur:2 q:36.41 aq:27.98 tex:38462 mv:12314 misc:1880 imb:716 pmb:1071 smb:2533 d:s ref:0 ;
in:4983 out:4983 type:P dur:2 cpbdur:2 q:36.42 aq:26.10 tex:39347 mv:12252 misc:1897 imb:820 pmb:1082 smb:2418 d:s ref:0 ;
in:4984 out:4984 type:P dur:2 cpbdur:2 q:36.44 aq:26.29 tex:40616 mv:10878 misc:2026 imb:586 pmb:1108 smb:2626 d:s ref:0 ;
in:4985 out:4985 type:P dur:2 cpbdur:2 q:36.45 aq:25.86 tex:39404 mv:10705 misc:2123 imb:601 pmb:1098 smb:2621 d:s ref:0 ;
in:4987 out:4986 type:P dur:2 cpbdur:2 q:36.46 aq:25.05 tex:53166 mv:11702 misc:1996 imb:623 pmb:1177 smb:2520 d:s ref:0 ;
in:4986 out:4987 type:b dur:2 cpbdur:2 q:36.46 aq:27.06 tex:1001 mv:4531 misc:1964 imb:102 pmb:438 smb:3780 d:s ref:0 ;
in:4991 out:4988 type:P dur:2 cpbdur:2 q:36.48 aq:27.22 tex:44673 mv:10739 misc:2140 imb:724 pmb:1110 smb:2486 d:s ref:0 ;
in:4989 out:4989 type:B dur:2 cpbdur:2 q:36.47 aq:28.72 tex:1099 mv:5398 misc:2103 imb:86 pmb:559 smb:3675 d:s ref:0 ;
in:4988 out:4990 type:b dur:2 cpbdur:2 q:36.47 aq:28.99 tex:689 mv:3459 misc:1516 imb:54 pmb:354 smb:3912 d:s ref:0 ;
in:4990 out:4991 type:b dur:2 cpbdur:2 q:36.48 aq:27.62 tex:345 mv:2366 misc:1169 imb:33 pmb:254 smb:4033 d:- ref:0 ;
in:4995 out:4992 type:P dur:2 cpbdur:2 q:36.52 aq:30.18 tex:17789 mv:5174 misc:2549 imb:191 pmb:785 smb:3344 d:s ref:0 ;
in:4993 out:4993 type:B dur:2 cpbdur:2 q:36.50 aq:32.88 tex:523 mv:1971 misc:1298 imb:25 pmb:257 smb:4038 d:s ref:0 ;
in:4992 out:4994 type:b dur:2 cpbdur:2 q:36.49 aq:30.68 tex:222 mv:1278 misc:1060 imb:20 pmb:191 smb:4109 d:s ref:0 ;
in:4994 out:4995 type:b dur:2 cpbdur:2 q:36.51 aq:31.81 tex:58 mv:227 misc:371 imb:6 pmb:20 smb:4294 d:- ref:0 ;
in:4999 out:4996 type:P dur:2 cpbdur:2 q:36.69 aq:29.18 tex:8943 mv:2925 misc:2140 imb:73 pmb:587 smb:3660 d:s ref:0 ;
in:4997 out:4997 type:B dur:2 cpbdur:2 q:36.60 aq:37.46 tex:92 mv:177 misc:363 imb:0 pmb:20 smb:4300 d:s ref:0 ;
in:4996 out:4998 type:b dur:2 cpbdur:2 q:36.56 aq:35.00 tex:1 mv:40 misc:279 imb:0 pmb:5 smb:4315 d:s ref:0 ;
in:4998 out:4999 type:b dur:2 cpbdur:2 q:36.65 aq:35.00 tex:2 mv:13 misc:265 imb:0 pmb:3 smb:4317 d:- ref:0 ;
in:5000 out:5000 type:P dur:2 cpbdur:2 q:36.85 aq:29.47 tex:2263 mv:689 misc:976 imb:33 pmb:139 smb:4148 d:s ref:0 ;
in:5004 out:5001 type:P dur:2 cpbdur:2 q:36.89 aq:22.44 tex:51191 mv:4421 misc:1156 imb:653 pmb:177 smb:3490 d:s ref:0 ;
in:5002 out:5002 type:B dur:2 cpbdur:2 q:36.87 aq:29.51 tex:95 mv:305 misc:544 imb:4 pmb:107 smb:4209 d:s ref:0 ;
in:5001 out:5003 type:b dur:2 cpbdur:2 q:36.86 aq:25.52 tex:57 mv:491 misc:556 imb:21 pmb:96 smb:4203 d:s ref:0 ;
in:5003 out:5004 type:b dur:2 cpbdur:2 q:36.88 aq:36.00 tex:1 mv:16 misc:263 imb:0 pmb:3 smb:4317 d:- ref:0 ;
in:5008 out:5005 type:P dur:2 cpbdur:2 q:37.09 aq:32.47 tex:1208 mv:230 misc:386 imb:11 pmb:20 smb:4289 d:s ref:0 ;
in:5006 out:5006 type:B dur:2 cpbdur:2 q:36.99 aq:36.86 tex:48 mv:59 misc:309 imb:0 pmb:12 smb:4308 d:s ref:0 ;
in:5005 out:5007 type:b dur:2 cpbdur:2 q:36.94 aq:36.00 tex:1 mv:10 misc:261 imb:0 pmb:3 smb:4317 d:t ref:0 ;
in:5007 out:5008 type:b dur:2 cpbdur:2 q:37.04 aq:33.56 tex:52 mv:106 misc:290 imb:1 pmb:11 smb:4308 d:- ref:0 ;
in:5009 out:5009 type:P dur:2 cpbdur:2 q:37.11 aq:33.48 tex:733 mv:284 misc:407 imb:15 pmb:24 smb:4281 d:s ref:0 ;
in:5010 out:5010 type:P dur:2 cpbdur:2 q:37.11 aq:33.88 tex:949 mv:256 misc:339 imb:14 pmb:12 smb:4294 d:s ref:0 ;
in:5014 out:5011 type:P dur:2 cpbdur:2 q:37.10 aq:27.69 tex:1134 mv:178 misc:312 imb:18 pmb:8 smb:4294 d:s ref:0 ;
in:5012 out:5012 type:B dur:2 cpbdur:2 q:37.10 aq:36.97 tex:791 mv:166 misc:347 imb:8 pmb:23 smb:4289 d:s ref:0 ;
in:5011 out:5013 type:b dur:2 cpbdur:2 q:37.10 aq:38.06 tex:710 mv:138 misc:328 imb:6 pmb:21 smb:4293 d:s ref:0 ;
in:5013 out:5014 type:b dur:2 cpbdur:2 q:37.10 aq:37.84 tex:753 mv:166 misc:337 imb:8 pmb:25 smb:4287 d:- ref:0 ;
in:5015 out:5015 type:P dur:2 cpbdur:2 q:36.98 aq:33.71 tex:969 mv:208 misc:327 imb:26 pmb:11 smb:4283 d:s ref:0 ;
in:5016 out:5016 type:P dur:2 cpbdur:2 q:36.96 aq:26.08 tex:788 mv:208 misc:324 imb:32 pmb:4 smb:4284 d:s ref:0 ;
in:5017 out:5017 type:P dur:2 cpbdur:2 q:36.94 aq:25.73 tex:833 mv:239 misc:320 imb:34 pmb:4 smb:4282 d:s ref:0 ;
in:5019 out:5018 type:P dur:2 cpbdur:2 q:36.92 aq:27.62 tex:1227 mv:218 misc:339 imb:30 pmb:5 smb:4285 d:s ref:0 ;
in:5018 out:5019 type:b dur:2 cpbdur:2 q:36.93 aq:38.07 tex:211 mv:233 misc:324 imb:6 pmb:21 smb:4293 d:s ref:0 ;
in:5020 out:5020 type:P dur:2 cpbdur:2 q:36.89 aq:32.57 tex:1135 mv:123 misc:302 imb:20 pmb:3 smb:4297 d:s ref:0 ;
in:5021 out:5021 type:P dur:2 cpbdur:2 q:36.87 aq:30.83 tex:833 mv:259 misc:356 imb:12 pmb:11 smb:4297 d:s ref:0 ;
in:5022 out:5022 type:P dur:2 cpbdur:2 q:36.84 aq:29.71 tex:777 mv:292 misc:363 imb:15 pmb:10 smb:4295 d:s ref:0 ;
in:5023 out:5023 type:P dur:2 cpbdur:2 q:36.83 aq:36.00 tex:10241 mv:2426 misc:1381 imb:175 pmb:322 smb:3823 d:s ref:0 ;
in:5024 out:5024 type:I dur:2 cpbdur:2 q:33.89 aq:23.25 tex:54263 mv:30802 misc:567 imb:4320 pmb:0 smb:0 d:s ref:;
in:5025 out:5025 type:P dur:2 cpbdur:2 q:36.90 aq:28.09 tex:10016 mv:6494 misc:2058 imb:524 pmb:501 smb:3295 d:s ref:0 ;
in:5026 out:5026 type:P dur:2 cpbdur:2 q:36.92 aq:28.05 tex:10139 mv:6585 misc:2228 imb:521 pmb:520 smb:3279 d:s ref:0 ;
in:5027 out:5027 type:P dur:2 cpbdur:2 q:36.91 aq:27.57 tex:4236 mv:3338 misc:1738 imb:335 pmb:286 smb:3699 d:s ref:0 ;
in:5028 out:5028 type:P dur:2 cpbdur:2 q:36.91 aq:30.67 tex:2979 mv:2892 misc:1481 imb:337 pmb:261 smb:3722 d:s ref:0 ;
in:5029 out:5029 type:P dur:2 cpbdur:2 q:36.91 aq:29.09 tex:5032 mv:3977 misc:1695 imb:313 pmb:344 smb:3663 d:s ref:0 ;
in:5030 out:5030 type:P dur:2 cpbdur:2 q:36.91 aq:26.84 tex:8906 mv:5154 misc:1764 imb:609 pmb:496 smb:3215 d:s ref:0 ;
in:5031 out:5031 type:P dur:2 cpbdur:2 q:36.92 aq:29.63 tex:13288 mv:6565 misc:1691 imb:617 pmb:555 smb:3148 d:s ref:0 ;
in:5032 out:5032 type:P dur:2 cpbdur:2 q:36.92 aq:28.86 tex:14821 mv:5107 misc:1544 imb:315 pmb:563 smb:3442 d:s ref:0 ;
in:5033 out:5033 type:P dur:2 cpbdur:2 q:36.92 aq:27.59 tex:15862 mv:5101 misc:1645 imb:491 pmb:503 smb:3326 d:s ref:0 ;
in:5034 out:5034 type:P dur:2 cpbdur:2 q:36.92 aq:29.64 tex:15833 mv:5040 misc:1599 imb:371 pmb:556 smb:3393 d:s ref:0 ;
in:5035 out:5035 type:P dur:2 cpbdur:2 q:36.92 aq:28.37 tex:16361 mv:5096 misc:1703 imb:514 pmb:498 smb:3308 d:s ref:0 ;
in:5039 out:5036 type:P dur:2 cpbdur:2 q:36.92 aq:28.78 tex:34711 mv:8484 misc:1309 imb:1759 pmb:225 smb:2336 d:s ref:0 ;
in:5037 out:5037 type:B dur:2 cpbdur:2 q:36.92 aq:33.31 tex:19143 mv:5866 misc:1791 imb:236 pmb:572 smb:3512 d:s ref:0 ;
in:5036 out:5038 type:b dur:2 cpbdur:2 q:36.92 aq:32.38 tex:2599 mv:3794 misc:1431 imb:205 pmb:256 smb:3859 d:s ref:0 ;
in:5038 out:5039 type:b dur:2 cpbdur:2 q:36.92 aq:33.68 tex:5311 mv:5404 misc:2149 imb:151 pmb:686 smb:3483 d:- ref:0 ;
in:5040 out:5040 type:P dur:2 cpbdur:2 q:36.92 aq:32.20 tex:9250 mv:4746 misc:1612 imb:461 pmb:297 smb:3562 d:s ref:0 ;
in:5041 out:5041 type:P dur:2 cpbdur:2 q:36.92 aq:30.45 tex:9585 mv:4848 misc:1759 imb:427 pmb:348 smb:3545 d:s ref:0 ;
in:5042 out:5042 type:P dur:2 cpbdur:2 q:36.94 aq:32.56 tex:7873 mv:3873 misc:1542 imb:206 pmb:314 smb:3800 d:s ref:0 ;
in:5043 out:5043 type:P dur:2 cpbdur:2 q:36.94 aq:31.70 tex:6139 mv:3435 misc:1642 imb:292 pmb:292 smb:3736 d:s ref:0 ;
in:5044 out:5044 type:P dur:2 cpbdur:2 q:36.95 aq:31.43 tex:20531 mv:7694 misc:1999 imb:579 pmb:599 smb:3142 d:s ref:0 ;
in:5045 out:5045 type:P dur:2 cpbdur:2 q:36.96 aq:30.96 tex:30699 mv:8937 misc:1900 imb:678 pmb:740 smb:2902 d:s ref:0 ;
in:5046 out:5046 type:P dur:2 cpbdur:2 q:36.97 aq:31.19 tex:26394 mv:8865 misc:1981 imb:536 pmb:779 smb:3005 d:s ref:0 ;
in:5047 out:5047 type:P dur:2 cpbdur:2 q:36.98 aq:30.58 tex:21756 mv:7144 misc:2068 imb:385 pmb:747 smb:3188 d:s ref:0 ;
in:5048 out:5048 type:P dur:2 cpbdur:2 q:36.99 aq:29.95 tex:23013 mv:6919 misc:2012 imb:424 pmb:785 smb:3111 d:s ref:0 ;
in:5049 out:5049 type:P dur:2 cpbdur:2 q:37.01 aq:28.92 tex:23827 mv:7469 misc:2080 imb:712 pmb:756 smb:2852 d:s ref:0 ;
in:5050 out:5050 type:P dur:2 cpbdur:2 q:37.04 aq:28.85 tex:27609 mv:8174 misc:1961 imb:596 pmb:864 smb:2860 d:s ref:0 ;
in:5051 out:5051 type:P dur:2 cpbdur:2 q:37.07 aq:28.39 tex:26595 mv:7234 misc:1971 imb:668 pmb:772 smb:2880 d:s ref:0 ;
in:5052 out:5052 type:P dur:2 cpbdur:2 q:37.10 aq:28.44 tex:30046 mv:7142 misc:1868 imb:678 pmb:790 smb:2852 d:s ref:0 ;
in:5054 out:5053 type:P dur:2 cpbdur:2 q:37.13 aq:27.95 tex:47372 mv:7602 misc:1770 imb:731 pmb:827 smb:2762 d:s ref:0 ;
in:5053 out:5054 type:b dur:2 cpbdur:2 q:37.12 aq:28.68 tex:1657 mv:3229 misc:1578 imb:103 pmb:367 smb:3850 d:s ref:0 ;
in:5055 out:5055 type:P dur:2 cpbdur:2 q:37.21 aq:28.32 tex:35590 mv:6865 misc:1865 imb:465 pmb:821 smb:3034 d:s ref:0 ;
in:5056 out:5056 type:P dur:2 cpbdur:2 q:37.24 aq:26.06 tex:27932 mv:6528 misc:1932 imb:481 pmb:765 smb:3074 d:s ref:0 ;
in:5060 out:5057 type:P dur:2 cpbdur:2 q:37.25 aq:26.71 tex:39809 mv:7427 misc:2044 imb:643 pmb:806 smb:2871 d:s ref:0 ;
in:5058 out:5058 type:B dur:2 cpbdur:2 q:37.24 aq:28.70 tex:470 mv:2783 misc:1219 imb:85 pmb:329 smb:3906 d:s ref:0 ;
in:5057 out:5059 type:b dur:2 cpbdur:2 q:37.24 aq:28.43 tex:313 mv:3429 misc:1274 imb:107 pmb:340 smb:3873 d:s ref:0 ;
in:5059 out:5060 type:b dur:2 cpbdur:2 q:37.25 aq:25.61 tex:136 mv:1542 misc:994 imb:22 pmb:218 smb:4080 d:- ref:0 ;
in:5064 out:5061 type:P dur:2 cpbdur:2 q:37.29 aq:29.72 tex:18234 mv:3847 misc:2039 imb:230 pmb:602 smb:3488 d:s ref:0 ;
in:5062 out:5062 type:B dur:2 cpbdur:2 q:37.27 aq:28.01 tex:463 mv:1903 misc:1186 imb:17 pmb:304 smb:3999 d:t ref:0 ;
in:5061 out:5063 type:b dur:2 cpbdur:2 q:37.26 aq:40.04 tex:95 mv:141 misc:364 imb:4 pmb:17 smb:4299 d:s ref:0 ;
in:5063 out:5064 type:b dur:2 cpbdur:2 q:37.28 aq:35.00 tex:13 mv:113 misc:290 imb:6 pmb:6 smb:4308 d:- ref:0 ;
in:5065 out:5065 type:P dur:2 cpbdur:2 q:37.36 aq:29.96 tex:25764 mv:3534 misc:1886 imb:365 pmb:571 smb:3384 d:s ref:0 ;
in:5066 out:5066 type:P dur:2 cpbdur:2 q:37.40 aq:29.27 tex:16705 mv:3203 misc:2020 imb:234 pmb:639 smb:3447 d:s ref:0 ;
in:5068 out:5067 type:P dur:2 cpbdur:2 q:37.42 aq:28.63 tex:42472 mv:5127 misc:1953 imb:516 pmb:588 smb:3216 d:s ref:0 ;
in:5067 out:5068 type:b dur:2 cpbdur:2 q:37.41 aq:24.48 tex:264 mv:585 misc:415 imb:73 pmb:5 smb:4242 d:s ref:0 ;
in:5072 out:5069 type:P dur:2 cpbdur:2 q:37.49 aq:28.32 tex:15459 mv:2982 misc:1591 imb:365 pmb:381 smb:3574 d:s ref:0 ;
in:5070 out:5070 type:B dur:2 cpbdur:2 q:37.46 aq:23.79 tex:253 mv:360 misc:443 imb:16 pmb:37 smb:4267 d:s ref:0 ;
in:5069 out:5071 type:b dur:2 cpbdur:2 q:37.44 aq:24.73 tex:41 mv:208 misc:375 imb:10 pmb:25 smb:4285 d:s ref:0 ;
in:5071 out:5072 type:b dur:2 cpbdur:2 q:37.48 aq:40.47 tex:166 mv:230 misc:284 imb:1 pmb:14 smb:4305 d:- ref:0 ;
in:5076 out:5073 type:P dur:2 cpbdur:2 q:37.55 aq:30.52 tex:7236 mv:1119 misc:1085 imb:107 pmb:140 smb:4073 d:s ref:0 ;
in:5074 out:5074 type:B dur:2 cpbdur:2 q:37.52 aq:39.10 tex:1158 mv:430 misc:356 imb:23 pmb:25 smb:4272 d:s ref:0 ;
in:5073 out:5075 type:b dur:2 cpbdur:2 q:37.51 aq:26.97 tex:263 mv:407 misc:330 imb:19 pmb:23 smb:4278 d:s ref:0 ;
in:5075 out:5076 type:b dur:2 cpbdur:2 q:37.53 aq:38.70 tex:305 mv:312 misc:287 imb:0 pmb:21 smb:4299 d:- ref:0 ;
in:5078 out:5077 type:P dur:2 cpbdur:2 q:37.56 aq:30.56 tex:2657 mv:406 misc:649 imb:18 pmb:55 smb:4247 d:s ref:0 ;
in:5077 out:5078 type:b dur:2 cpbdur:2 q:37.55 aq:38.57 tex:226 mv:176 misc:278 imb:1 pmb:14 smb:4305 d:s ref:0 ;
in:5079 out:5079 type:P dur:2 cpbdur:2 q:37.55 aq:29.13 tex:7855 mv:1358 misc:675 imb:137 pmb:85 smb:4098 d:s ref:0 ;
in:5083 out:5080 type:P dur:2 cpbdur:2 q:37.54 aq:31.01 tex:2363 mv:297 misc:460 imb:15 pmb:32 smb:4273 d:s ref:0 ;
in:5081 out:5081 type:B dur:2 cpbdur:2 q:37.54 aq:38.44 tex:293 mv:253 misc:302 imb:1 pmb:15 smb:4304 d:t ref:0 ;
in:5080 out:5082 type:b dur:2 cpbdur:2 q:37.55 aq:41.27 tex:321 mv:187 misc:276 imb:1 pmb:12 smb:4307 d:s ref:0 ;
in:5082 out:5083 type:b dur:2 cpbdur:2 q:37.54 aq:39.48 tex:185 mv:114 misc:285 imb:0 pmb:12 smb:4308 d:- ref:0 ;
in:5084 out:5084 type:P dur:2 cpbdur:2 q:37.51 aq:30.36 tex:1458 mv:256 misc:542 imb:3 pmb:49 smb:4268 d:s ref:0 ;
in:5085 out:5085 type:P dur:2 cpbdur:2 q:37.52 aq:28.11 tex:4137 mv:678 misc:441 imb:61 pmb:27 smb:4232 d:s ref:0 ;
in:5086 out:5086 type:P dur:2 cpbdur:2 q:37.50 aq:27.96 tex:874 mv:301 misc:409 imb:7 pmb:24 smb:4289 d:s ref:0 ;
in:5087 out:5087 type:P dur:2 cpbdur:2 q:37.50 aq:25.98 tex:4104 mv:625 misc:415 imb:49 pmb:47 smb:4224 d:s ref:0 ;
in:5088 out:5088 type:P dur:2 cpbdur:2 q:37.49 aq:28.30 tex:1073 mv:283 misc:476 imb:13 pmb:28 smb:4279 d:s ref:0 ;
in:5090 out:5089 type:P dur:2 cpbdur:2 q:37.48 aq:28.24 tex:1603 mv:353 misc:516 imb:18 pmb:35 smb:4267 d:s ref:0 ;
in:5089 out:5090 type:b dur:2 cpbdur:2 q:37.48 aq:40.62 tex:79 mv:128 misc:281 imb:1 pmb:11 smb:4308 d:s ref:0 ;
in:5094 out:5091 type:P dur:2 cpbdur:2 q:37.45 aq:25.63 tex:1858 mv:280 misc:398 imb:14 pmb:19 smb:4287 d:s ref:0 ;
in:5092 out:5092 type:B dur:2 cpbdur:2 q:37.46 aq:30.08 tex:127 mv:180 misc:301 imb:2 pmb:11 smb:4307 d:s ref:0 ;
in:5091 out:5093 type:b dur:2 cpbdur:2 q:37.47 aq:37.76 tex:169 mv:114 misc:277 imb:0 pmb:10 smb:4310 d:s ref:0 ;
in:5093 out:5094 type:b dur:2 cpbdur:2 q:37.46 aq:40.62 tex:72 mv:120 misc:272 imb:1 pmb:9 smb:4310 d:- ref:0 ;
in:5098 out:5095 type:P dur:2 cpbdur:2 q:37.41 aq:29.13 tex:1078 mv:208 misc:458 imb:5 pmb:33 smb:4282 d:s ref:0 ;
in:5096 out:5096 type:B dur:2 cpbdur:2 q:37.43 aq:34.00 tex:3 mv:65 misc:284 imb:0 pmb:7 smb:4313 d:t ref:0 ;
in:5095 out:5097 type:b dur:2 cpbdur:2 q:37.44 aq:36.00 tex:0 mv:0 misc:256 imb:0 pmb:0 smb:4320 d:s ref:0 ;
in:5097 out:5098 type:b dur:2 cpbdur:2 q:37.42 aq:36.00 tex:0 mv:0 misc:256 imb:0 pmb:0 smb:4320 d:- ref:0 ;
in:5102 out:5099 type:P dur:2 cpbdur:2 q:37.38 aq:28.46 tex:1824 mv:369 misc:783 imb:12 pmb:82 smb:4226 d:s ref:0 ;
in:5100 out:5100 type:B dur:2 cpbdur:2 q:37.39 aq:35.00 tex:0 mv:0 misc:272 imb:0 pmb:0 smb:4320 d:s ref:0 ;
in:5099 out:5101 type:b dur:2 cpbdur:2 q:37.40 aq:36.00 tex:0 mv:0 misc:256 imb:0 pmb:0 smb:4320 d:s ref:0 ;
in:5101 out:5102 type:b dur:2 cpbdur:2 q:37.39 aq:36.00 tex:0 mv:0 misc:256 imb:0 pmb:0 smb:4320 d:- ref:0 ;
in:5106 out:5103 type:P dur:2 cpbdur:2 q:37.34 aq:28.19 tex:8376 mv:1094 misc:570 imb:100 pmb:87 smb:4133 d:s ref:0 ;
in:5104 out:5104 type:B dur:2 cpbdur:2 q:37.36 aq:39.82 tex:73 mv:270 misc:361 imb:18 pmb:21 smb:4281 d:s ref:0 ;
in:5103 out:5105 type:b dur:2 cpbdur:2 q:37.37 aq:36.00 tex:0 mv:0 misc:256 imb:0 pmb:0 smb:4320 d:s ref:0 ;
in:5105 out:5106 type:b dur:2 cpbdur:2 q:37.35 aq:26.24 tex:152 mv:382 misc:354 imb:22 pmb:22 smb:4276 d:- ref:0 ;
in:5109 out:5107 type:P dur:2 cpbdur:2 q:37.30 aq:28.14 tex:2317 mv:496 misc:699 imb:42 pmb:62 smb:4216 d:s ref:0 ;
in:5107 out:5108 type:B dur:2 cpbdur:2 q:37.33 aq:41.15 tex:201 mv:75 misc:300 imb:0 pmb:12 smb:4308 d:t ref:0 ;
in:5108 out:5109 type:b dur:2 cpbdur:2 q:37.31 aq:41.65 tex:161 mv:164 misc:275 imb:0 pmb:8 smb:4312 d:- ref:0 ;
in:5113 out:5110 type:P dur:2 cpbdur:2 q:37.27 aq:30.49 tex:1822 mv:239 misc:411 imb:2 pmb:29 smb:4289 d:s ref:0 ;
in:5111 out:5111 type:B dur:2 cpbdur:2 q:37.28 aq:37.49 tex:517 mv:162 misc:289 imb:0 pmb:12 smb:4308 d:s ref:0 ;
in:5110 out:5112 type:b dur:2 cpbdur:2 q:37.29 aq:41.67 tex:200 mv:152 misc:280 imb:0 pmb:11 smb:4309 d:t ref:0 ;
in:5112 out:5113 type:b dur:2 cpbdur:2 q:37.28 aq:40.78 tex:79 mv:106 misc:271 imb:0 pmb:7 smb:4313 d:- ref:0 ;
in:5117 out:5114 type:P dur:2 cpbdur:2 q:37.22 aq:31.37 tex:787 mv:148 misc:329 imb:2 pmb:17 smb:4301 d:s ref:0 ;
in:5115 out:5115 type:B dur:2 cpbdur:2 q:37.25 aq:34.00 tex:2 mv:74 misc:292 imb:0 pmb:6 smb:4314 d:s ref:0 ;
in:5114 out:5116 type:b dur:2 cpbdur:2 q:37.26 aq:35.00 tex:0 mv:22 misc:266 imb:0 pmb:3 smb:4317 d:s ref:0 ;
in:5116 out:5117 type:b dur:2 cpbdur:2 q:37.23 aq:35.00 tex:0 mv:0 misc:256 imb:0 pmb:0 smb:4320 d:- ref:0 ;
in:5121 out:5118 type:P dur:2 cpbdur:2 q:37.18 aq:30.58 tex:1403 mv:216 misc:413 imb:2 pmb:32 smb:4286 d:s ref:0 ;
in:5119 out:5119 type:B dur:2 cpbdur:2 q:37.20 aq:39.65 tex:57 mv:62 misc:305 imb:0 pmb:11 smb:4309 d:s ref:0 ;
in:5118 out:5120 type:b dur:2 cpbdur:2 q:37.21 aq:35.00 tex:0 mv:0 misc:256 imb:0 pmb:0 smb:4320 d:s ref:0 ;
in:5120 out:5121 type:b dur:2 cpbdur:2 q:37.19 aq:42.39 tex:104 mv:117 misc:275 imb:0 pmb:11 smb:4309 d:- ref:0 ;
in:5123 out:5122 type:P dur:2 cpbdur:2 q:37.14 aq:30.08 tex:10901 mv:1180 misc:623 imb:99 pmb:99 smb:4122 d:s ref:0 ;
in:5122 out:5123 type:b dur:2 cpbdur:2 q:37.16 aq:41.74 tex:390 mv:463 misc:363 imb:17 pmb:40 smb:4263 d:s ref:0 ;
in:5126 out:5124 type:P dur:2 cpbdur:2 q:37.12 aq:29.68 tex:2967 mv:337 misc:616 imb:8 pmb:68 smb:4244 d:s ref:0 ;
in:5124 out:5125 type:B dur:2 cpbdur:2 q:37.13 aq:38.76 tex:147 mv:183 misc:294 imb:1 pmb:11 smb:4308 d:s ref:0 ;
in:5125 out:5126 type:b dur:2 cpbdur:2 q:37.13 aq:40.43 tex:105 mv:161 misc:286 imb:0 pmb:12 smb:4308 d:- ref:0 ;
in:5127 out:5127 type:P dur:2 cpbdur:2 q:37.09 aq:31.61 tex:1989 mv:238 misc:501 imb:2 pmb:49 smb:4269 d:s ref:0 ;
in:5129 out:5128 type:P dur:2 cpbdur:2 q:37.08 aq:33.92 tex:5106 mv:589 misc:353 imb:52 pmb:27 smb:4241 d:s ref:0 ;
in:5128 out:5129 type:b dur:2 cpbdur:2 q:37.09 aq:39.62 tex:107 mv:361 misc:332 imb:9 pmb:30 smb:4281 d:s ref:0 ;
in:5130 out:5130 type:P dur:2 cpbdur:2 q:37.06 aq:31.50 tex:1550 mv:251 misc:503 imb:8 pmb:54 smb:4258 d:s ref:0 ;
in:5132 out:5131 type:P dur:2 cpbdur:2 q:37.05 aq:22.42 tex:4429 mv:604 misc:343 imb:62 pmb:24 smb:4234 d:s ref:0 ;
in:5131 out:5132 type:b dur:2 cpbdur:2 q:37.06 aq:34.06 tex:69 mv:286 misc:341 imb:6 pmb:31 smb:4283 d:s ref:0 ;
in:5133 out:5133 type:P dur:2 cpbdur:2 q:37.03 aq:31.90 tex:498 mv:221 misc:353 imb:2 pmb:24 smb:4294 d:s ref:0 ;
in:5134 out:5134 type:P dur:2 cpbdur:2 q:37.01 aq:30.75 tex:787 mv:318 misc:439 imb:8 pmb:52 smb:4260 d:s ref:0 ;
in:5135 out:5135 type:P dur:2 cpbdur:2 q:37.00 aq:24.99 tex:524 mv:217 misc:331 imb:2 pmb:17 smb:4301 d:s ref:0 ;
in:5136 out:5136 type:P dur:2 cpbdur:2 q:36.99 aq:31.60 tex:609 mv:250 misc:357 imb:9 pmb:15 smb:4296 d:s ref:0 ;
in:5140 out:5137 type:P dur:2 cpbdur:2 q:36.98 aq:23.43 tex:2397 mv:832 misc:419 imb:147 pmb:16 smb:4157 d:s ref:0 ;
in:5138 out:5138 type:B dur:2 cpbdur:2 q:36.99 aq:23.88 tex:123 mv:347 misc:434 imb:12 pmb:50 smb:4258 d:s ref:0 ;
in:5137 out:5139 type:b dur:2 cpbdur:2 q:36.99 aq:40.12 tex:60 mv:82 misc:274 imb:0 pmb:9 smb:4311 d:s ref:0 ;
in:5139 out:5140 type:b dur:2 cpbdur:2 q:36.98 aq:26.09 tex:113 mv:253 misc:386 imb:5 pmb:44 smb:4271 d:- ref:0 ;
in:5144 out:5141 type:P dur:2 cpbdur:2 q:36.95 aq:26.51 tex:15562 mv:1369 misc:453 imb:230 pmb:29 smb:4061 d:s ref:0 ;
in:5142 out:5142 type:B dur:2 cpbdur:2 q:36.96 aq:37.48 tex:235 mv:193 misc:284 imb:0 pmb:13 smb:4307 d:t ref:0 ;
in:5141 out:5143 type:b dur:2 cpbdur:2 q:36.97 aq:32.06 tex:149 mv:460 misc:407 imb:27 pmb:34 smb:4259 d:s ref:0 ;
in:5143 out:5144 type:b dur:2 cpbdur:2 q:36.96 aq:25.98 tex:353 mv:736 misc:447 imb:65 pmb:36 smb:4219 d:- ref:0 ;
in:5148 out:5145 type:P dur:2 cpbdur:2 q:36.93 aq:31.49 tex:582 mv:164 misc:326 imb:4 pmb:14 smb:4302 d:s ref:0 ;
in:5146 out:5146 type:B dur:2 cpbdur:2 q:36.94 aq:38.89 tex:108 mv:132 misc:288 imb:0 pmb:13 smb:4307 d:t ref:0 ;
in:5145 out:5147 type:b dur:2 cpbdur:2 q:36.94 aq:35.00 tex:2 mv:39 misc:279 imb:0 pmb:6 smb:4314 d:s ref:0 ;
in:5147 out:5148 type:b dur:2 cpbdur:2 q:36.93 aq:39.61 tex:47 mv:29 misc:268 imb:0 pmb:5 smb:4315 d:- ref:0 ;
in:5151 out:5149 type:P dur:2 cpbdur:2 q:36.89 aq:31.37 tex:2521 mv:222 misc:305 imb:18 pmb:8 smb:4294 d:s ref:0 ;
in:5149 out:5150 type:B dur:2 cpbdur:2 q:36.91 aq:34.87 tex:243 mv:101 misc:320 imb:0 pmb:18 smb:4302 d:s ref:0 ;
in:5150 out:5151 type:b dur:2 cpbdur:2 q:36.90 aq:34.83 tex:306 mv:279 misc:287 imb:0 pmb:19 smb:4301 d:- ref:0 ;
in:5152 out:5152 type:P dur:2 cpbdur:2 q:36.85 aq:24.65 tex:1273 mv:197 misc:362 imb:16 pmb:13 smb:4291 d:s ref:0 ;
in:5153 out:5153 type:P dur:2 cpbdur:2 q:36.84 aq:22.16 tex:2880 mv:582 misc:426 imb:71 pmb:33 smb:4216 d:s ref:0 ;
in:5154 out:5154 type:P dur:2 cpbdur:2 q:36.83 aq:28.22 tex:406 mv:212 misc:350 imb:8 pmb:15 smb:4297 d:s ref:0 ;
in:5155 out:5155 type:P dur:2 cpbdur:2 q:36.82 aq:25.75 tex:1053 mv:343 misc:468 imb:12 pmb:35 smb:4273 d:s ref:0 ;
in:5157 out:5156 type:P dur:2 cpbdur:2 q:36.81 aq:30.81 tex:6267 mv:894 misc:391 imb:121 pmb:36 smb:4163 d:s ref:0 ;
in:5156 out:5157 type:b dur:2 cpbdur:2 q:36.82 aq:26.77 tex:255 mv:412 misc:397 imb:9 pmb:57 smb:4254 d:s ref:0 ;
in:5158 out:5158 type:P dur:2 cpbdur:2 q:36.79 aq:31.87 tex:1038 mv:250 misc:360 imb:7 pmb:23 smb:4290 d:s ref:0 ;
in:5159 out:5159 type:P dur:2 cpbdur:2 q:36.79 aq:32.02 tex:803 mv:242 misc:323 imb:3 pmb:16 smb:4301 d:s ref:0 ;
in:5162 out:5160 type:P dur:2 cpbdur:2 q:36.78 aq:28.03 tex:7184 mv:1119 misc:449 imb:112 pmb:46 smb:4162 d:s ref:0 ;
in:5160 out:5161 type:B dur:2 cpbdur:2 q:36.78 aq:27.17 tex:504 mv:343 misc:385 imb:6 pmb:42 smb:4272 d:s ref:0 ;
in:5161 out:5162 type:b dur:2 cpbdur:2 q:36.78 aq:38.54 tex:416 mv:263 misc:369 imb:2 pmb:43 smb:4275 d:- ref:0 ;
in:5163 out:5163 type:P dur:2 cpbdur:2 q:36.75 aq:20.75 tex:1874 mv:580 misc:922 imb:118 pmb:27 smb:4175 d:s ref:0 ;
in:5166 out:5164 type:P dur:2 cpbdur:2 q:36.74 aq:28.37 tex:1364 mv:269 misc:391 imb:12 pmb:17 smb:4291 d:s ref:0 ;
in:5164 out:5165 type:B dur:2 cpbdur:2 q:36.75 aq:37.50 tex:181 mv:133 misc:294 imb:0 pmb:11 smb:4309 d:t ref:0 ;
in:5165 out:5166 type:b dur:2 cpbdur:2 q:36.74 aq:38.63 tex:83 mv:123 misc:274 imb:0 pmb:10 smb:4310 d:- ref:0 ;
in:5170 out:5167 type:P dur:2 cpbdur:2 q:36.71 aq:23.67 tex:6430 mv:923 misc:383 imb:115 pmb:41 smb:4164 d:s ref:0 ;
in:5168 out:5168 type:B dur:2 cpbdur:2 q:36.73 aq:37.03 tex:141 mv:146 misc:361 imb:1 pmb:40 smb:4279 d:s ref:0 ;
in:5167 out:5169 type:b dur:2 cpbdur:2 q:36.73 aq:38.16 tex:88 mv:101 misc:275 imb:0 pmb:7 smb:4313 d:s ref:0 ;
in:5169 out:5170 type:b dur:2 cpbdur:2 q:36.72 aq:37.43 tex:84 mv:200 misc:348 imb:2 pmb:39 smb:4279 d:- ref:0 ;
in:5174 out:5171 type:P dur:2 cpbdur:2 q:36.68 aq:21.76 tex:1419 mv:173 misc:336 imb:5 pmb:16 smb:4299 d:s ref:0 ;
in:5172 out:5172 type:B dur:2 cpbdur:2 q:36.69 aq:36.70 tex:254 mv:164 misc:286 imb:0 pmb:14 smb:4306 d:s ref:0 ;
in:5171 out:5173 type:b dur:2 cpbdur:2 q:36.70 aq:38.70 tex:92 mv:143 misc:285 imb:1 pmb:10 smb:4309 d:t ref:0 ;
in:5173 out:5174 type:b dur:2 cpbdur:2 q:36.68 aq:39.49 tex:33 mv:38 misc:273 imb:0 pmb:4 smb:4316 d:- ref:0 ;
in:5178 out:5175 type:P dur:2 cpbdur:2 q:36.64 aq:28.42 tex:1793 mv:252 misc:515 imb:9 pmb:39 smb:4272 d:s ref:0 ;
in:5176 out:5176 type:B dur:2 cpbdur:2 q:36.66 aq:35.62 tex:107 mv:61 misc:288 imb:0 pmb:9 smb:4311 d:t ref:0 ;
in:5175 out:5177 type:b dur:2 cpbdur:2 q:36.67 aq:35.00 tex:0 mv:7 misc:265 imb:0 pmb:1 smb:4319 d:s ref:0 ;
in:5177 out:5178 type:b dur:2 cpbdur:2 q:36.65 aq:35.00 tex:0 mv:0 misc:256 imb:0 pmb:0 smb:4320 d:- ref:0 ;
in:5182 out:5179 type:P dur:2 cpbdur:2 q:36.60 aq:24.59 tex:806 mv:202 misc:440 imb:13 pmb:26 smb:4281 d:s ref:0 ;
in:5180 out:5180 type:B dur:2 cpbdur:2 q:36.62 aq:33.00 tex:0 mv:0 misc:264 imb:0 pmb:0 smb:4320 d:s ref:0 ;
in:5179 out:5181 type:b dur:2 cpbdur:2 q:36.63 aq:35.00 tex:0 mv:0 misc:256 imb:0 pmb:0 smb:4320 d:s ref:0 ;
in:5181 out:5182 type:b dur:2 cpbdur:2 q:36.61 aq:35.00 tex:0 mv:0 misc:256 imb:0 pmb:0 smb:4320 d:- ref:0 ;
in:5186 out:5183 type:P dur:2 cpbdur:2 q:36.55 aq:23.98 tex:550 mv:160 misc:426 imb:8 pmb:19 smb:4293 d:s ref:0 ;
in:5184 out:5184 type:B dur:2 cpbdur:2 q:36.57 aq:33.00 tex:2 mv:13 misc:273 imb:0 pmb:2 smb:4318 d:t ref:0 ;
in:5183 out:5185 type:b dur:2 cpbdur:2 q:36.58 aq:35.00 tex:0 mv:0 misc:256 imb:0 pmb:0 smb:4320 d:s ref:0 ;
in:5185 out:5186 type:b dur:2 cpbdur:2 q:36.56 aq:35.00 tex:0 mv:0 misc:256 imb:0 pmb:0 smb:4320 d:- ref:0 ;
in:5190 out:5187 type:P dur:2 cpbdur:2 q:36.51 aq:19.36 tex:6325 mv:999 misc:396 imb:102 pmb:39 smb:4179 d:s ref:0 ;
in:5188 out:5188 type:B dur:2 cpbdur:2 q:36.53 aq:25.61 tex:376 mv:339 misc:381 imb:11 pmb:45 smb:4264 d:s ref:0 ;
in:5187 out:5189 type:b dur:2 cpbdur:2 q:36.54 aq:38.74 tex:260 mv:151 misc:285 imb:0 pmb:11 smb:4309 d:s ref:0 ;
in:5189 out:5190 type:b dur:2 cpbdur:2 q:36.52 aq:38.27 tex:197 mv:199 misc:340 imb:2 pmb:42 smb:4276 d:- ref:0 ;
in:5194 out:5191 type:P dur:2 cpbdur:2 q:36.48 aq:27.63 tex:1681 mv:249 misc:390 imb:7 pmb:24 smb:4289 d:s ref:0 ;
in:5192 out:5192 type:B dur:2 cpbdur:2 q:36.50 aq:37.68 tex:197 mv:142 misc:293 imb:0 pmb:10 smb:4310 d:s ref:0 ;
in:5191 out:5193 type:b dur:2 cpbdur:2 q:36.50 aq:38.59 tex:152 mv:89 misc:287 imb:0 pmb:10 smb:4310 d:s ref:0 ;
in:5193 out:5194 type:b dur:2 cpbdur:2 q:36.49 aq:36.20 tex:26 mv:92 misc:274 imb:0 pmb:9 smb:4311 d:- ref:0 ;
in:5198 out:5195 type:P dur:2 cpbdur:2 q:36.43 aq:23.77 tex:1087 mv:170 misc:407 imb:3 pmb:29 smb:4288 d:s ref:0 ;
in:5196 out:5196 type:B dur:2 cpbdur:2 q:36.46 aq:33.00 tex:1 mv:63 misc:288 imb:0 pmb:7 smb:4313 d:s ref:0 ;
in:5195 out:5197 type:b dur:2 cpbdur:2 q:36.47 aq:35.00 tex:1 mv:9 misc:262 imb:0 pmb:1 smb:4319 d:s ref:0 ;
in:5197 out:5198 type:b dur:2 cpbdur:2 q:36.44 aq:35.00 tex:0 mv:0 misc:256 imb:0 pmb:0 smb:4320 d:- ref:0 ;
in:5202 out:5199 type:P dur:2 cpbdur:2 q:36.38 aq:19.56 tex:609 mv:71 misc:376 imb:1 pmb:18 smb:4301 d:s ref:0 ;
in:5200 out:5200 type:B dur:2 cpbdur:2 q:36.41 aq:33.00 tex:0 mv:0 misc:264 imb:0 pmb:0 smb:4320 d:s ref:0 ;
in:5199 out:5201 type:b dur:2 cpbdur:2 q:36.42 aq:35.00 tex:0 mv:0 misc:256 imb:0 pmb:0 smb:4320 d:s ref:0 ;
in:5201 out:5202 type:b dur:2 cpbdur:2 q:36.40 aq:35.00 tex:0 mv:0 misc:256 imb:0 pmb:0 smb:4320 d:- ref:0 ;
in:5204 out:5203 type:P dur:2 cpbdur:2 q:36.33 aq:25.03 tex:3247 mv:219 misc:718 imb:2 pmb:97 smb:4221 d:s ref:0 ;
in:5203 out:5204 type:b dur:2 cpbdur:2 q:36.36 aq:35.00 tex:2 mv:86 misc:264 imb:0 pmb:4 smb:4316 d:t ref:0 ;
in:5208 out:5205 type:P dur:2 cpbdur:2 q:36.31 aq:33.05 tex:1220 mv:164 misc:408 imb:3 pmb:25 smb:4292 d:s ref:0 ;
in:5206 out:5206 type:B dur:2 cpbdur:2 q:36.32 aq:33.00 tex:1 mv:23 misc:304 imb:0 pmb:10 smb:4310 d:t ref:0 ;
in:5205 out:5207 type:b dur:2 cpbdur:2 q:36.33 aq:35.00 tex:1 mv:26 misc:277 imb:0 pmb:7 smb:4313 d:s ref:0 ;
in:5207 out:5208 type:b dur:2 cpbdur:2 q:36.32 aq:35.00 tex:0 mv:0 misc:256 imb:0 pmb:0 smb:4320 d:- ref:0 ;
in:5212 out:5209 type:P dur:2 cpbdur:2 q:36.27 aq:27.80 tex:2164 mv:185 misc:523 imb:1 pmb:51 smb:4268 d:s ref:0 ;
in:5210 out:5210 type:B dur:2 cpbdur:2 q:36.29 aq:38.43 tex:44 mv:110 misc:286 imb:0 pmb:7 smb:4313 d:s ref:0 ;
in:5209 out:5211 type:b dur:2 cpbdur:2 q:36.30 aq:35.00 tex:0 mv:23 misc:273 imb:0 pmb:5 smb:4315 d:s ref:0 ;
in:5211 out:5212 type:b dur:2 cpbdur:2 q:36.28 aq:34.00 tex:0 mv:59 misc:269 imb:0 pmb:3 smb:4317 d:- ref:0 ;
in:5216 out:5213 type:P dur:2 cpbdur:2 q:36.23 aq:30.04 tex:973 mv:156 misc:399 imb:2 pmb:27 smb:4291 d:s ref:0 ;
in:5214 out:5214 type:B dur:2 cpbdur:2 q:36.25 aq:34.35 tex:71 mv:134 misc:283 imb:0 pmb:8 smb:4312 d:s ref:0 ;
in:5213 out:5215 type:b dur:2 cpbdur:2 q:36.26 aq:34.00 tex:1 mv:48 misc:279 imb:0 pmb:6 smb:4314 d:s ref:0 ;
in:5215 out:5216 type:b dur:2 cpbdur:2 q:36.24 aq:39.05 tex:69 mv:92 misc:279 imb:0 pmb:8 smb:4312 d:- ref:0 ;
in:5217 out:5217 type:P dur:2 cpbdur:2 q:36.18 aq:26.05 tex:2030 mv:217 misc:633 imb:0 pmb:69 smb:4251 d:s ref:0 ;
in:5218 out:5218 type:P dur:2 cpbdur:2 q:36.17 aq:21.05 tex:658 mv:218 misc:348 imb:10 pmb:11 smb:4299 d:s ref:0 ;
in:5219 out:5219 type:P dur:2 cpbdur:2 q:36.16 aq:21.47 tex:1088 mv:193 misc:391 imb:12 pmb:14 smb:4294 d:s ref:0 ;
in:5223 out:5220 type:P dur:2 cpbdur:2 q:36.15 aq:21.35 tex:6989 mv:1065 misc:498 imb:135 pmb:40 smb:4145 d:s ref:0 ;
in:5221 out:5221 type:B dur:2 cpbdur:2 q:36.15 aq:35.25 tex:561 mv:312 misc:375 imb:2 pmb:49 smb:4269 d:s ref:0 ;
in:5220 out:5222 type:b dur:2 cpbdur:2 q:36.16 aq:37.75 tex:178 mv:239 misc:351 imb:1 pmb:41 smb:4278 d:s ref:0 ;
in:5222 out:5223 type:b dur:2 cpbdur:2 q:36.15 aq:38.14 tex:77 mv:138 misc:273 imb:1 pmb:10 smb:4309 d:- ref:0 ;
in:5227 out:5224 type:P dur:2 cpbdur:2 q:36.11 aq:26.67 tex:1086 mv:254 misc:388 imb:14 pmb:16 smb:4290 d:s ref:0 ;
in:5225 out:5225 type:B dur:2 cpbdur:2 q:36.13 aq:36.32 tex:281 mv:122 misc:293 imb:0 pmb:12 smb:4308 d:s ref:0 ;
in:5224 out:5226 type:b dur:2 cpbdur:2 q:36.14 aq:38.32 tex:184 mv:132 misc:284 imb:0 pmb:12 smb:4308 d:s ref:0 ;
in:5226 out:5227 type:b dur:2 cpbdur:2 q:36.12 aq:38.32 tex:45 mv:15 misc:268 imb:0 pmb:2 smb:4318 d:- ref:0 ;
in:5231 out:5228 type:P dur:2 cpbdur:2 q:36.06 aq:27.16 tex:1328 mv:192 misc:360 imb:5 pmb:19 smb:4296 d:s ref:0 ;
in:5229 out:5229 type:B dur:2 cpbdur:2 q:36.09 aq:37.48 tex:158 mv:57 misc:281 imb:0 pmb:9 smb:4311 d:s ref:0 ;
in:5228 out:5230 type:b dur:2 cpbdur:2 q:36.10 aq:34.00 tex:0 mv:0 misc:256 imb:0 pmb:0 smb:4320 d:s ref:0 ;
in:5230 out:5231 type:b dur:2 cpbdur:2 q:36.07 aq:38.88 tex:289 mv:132 misc:275 imb:0 pmb:10 smb:4310 d:- ref:0 ;
in:5235 out:5232 type:P dur:2 cpbdur:2 q:36.01 aq:33.31 tex:1055 mv:95 misc:314 imb:3 pmb:8 smb:4309 d:s ref:0 ;
in:5233 out:5233 type:B dur:2 cpbdur:2 q:36.04 aq:36.06 tex:33 mv:27 misc:284 imb:0 pmb:7 smb:4313 d:s ref:0 ;
in:5232 out:5234 type:b dur:2 cpbdur:2 q:36.05 aq:34.00 tex:1 mv:32 misc:271 imb:0 pmb:5 smb:4315 d:s ref:0 ;
in:5234 out:5235 type:b dur:2 cpbdur:2 q:36.03 aq:34.00 tex:0 mv:10 misc:262 imb:0 pmb:2 smb:4318 d:- ref:0 ;
in:5239 out:5236 type:P dur:2 cpbdur:2 q:35.97 aq:35.90 tex:1567 mv:160 misc:297 imb:6 pmb:12 smb:4302 d:s ref:0 ;
in:5237 out:5237 type:B dur:2 cpbdur:2 q:35.99 aq:37.22 tex:227 mv:156 misc:297 imb:1 pmb:14 smb:4305 d:s ref:0 ;
in:5236 out:5238 type:b dur:2 cpbdur:2 q:36.00 aq:38.06 tex:42 mv:34 misc:268 imb:0 pmb:5 smb:4315 d:t ref:0 ;
in:5238 out:5239 type:b dur:2 cpbdur:2 q:35.98 aq:37.74 tex:484 mv:164 misc:280 imb:1 pmb:15 smb:4304 d:- ref:0 ;
in:5240 out:5240 type:P dur:2 cpbdur:2 q:35.93 aq:29.96 tex:5888 mv:937 misc:351 imb:110 pmb:31 smb:4179 d:s ref:0 ;
in:5241 out:5241 type:P dur:2 cpbdur:2 q:35.92 aq:26.03 tex:6786 mv:1117 misc:441 imb:137 pmb:34 smb:4149 d:s ref:0 ;
in:5245 out:5242 type:P dur:2 cpbdur:2 q:35.91 aq:22.40 tex:7138 mv:967 misc:391 imb:130 pmb:39 smb:4151 d:s ref:0 ;
in:5243 out:5243 type:B dur:2 cpbdur:2 q:35.91 aq:37.14 tex:2163 mv:1036 misc:441 imb:67 pmb:99 smb:4154 d:s ref:0 ;
in:5242 out:5244 type:b dur:2 cpbdur:2 q:35.92 aq:37.34 tex:304 mv:432 misc:360 imb:18 pmb:30 smb:4272 d:s ref:0 ;
in:5244 out:5245 type:b dur:2 cpbdur:2 q:35.91 aq:37.77 tex:1584 mv:1173 misc:467 imb:82 pmb:91 smb:4147 d:- ref:0 ;
in:5247 out:5246 type:P dur:2 cpbdur:2 q:35.87 aq:30.78 tex:1860 mv:195 misc:329 imb:16 pmb:11 smb:4293 d:s ref:0 ;
in:5246 out:5247 type:b dur:2 cpbdur:2 q:35.89 aq:38.46 tex:148 mv:283 misc:297 imb:1 pmb:14 smb:4305 d:s ref:0 ;
in:5249 out:5248 type:P dur:2 cpbdur:2 q:35.85 aq:20.05 tex:1719 mv:237 misc:356 imb:14 pmb:10 smb:4296 d:s ref:0 ;
in:5248 out:5249 type:b dur:2 cpbdur:2 q:35.86 aq:39.39 tex:172 mv:198 misc:286 imb:0 pmb:15 smb:4305 d:s ref:0 ;
in:5250 out:5250 type:P dur:2 cpbdur:2 q:35.83 aq:30.54 tex:1003 mv:197 misc:336 imb:4 pmb:15 smb:4301 d:s ref:0 ;
in:5251 out:5251 type:P dur:2 cpbdur:2 q:35.82 aq:26.24 tex:1048 mv:272 misc:376 imb:10 pmb:18 smb:4292 d:s ref:0 ;
in:5255 out:5252 type:P dur:2 cpbdur:2 q:35.80 aq:23.63 tex:1383 mv:298 misc:375 imb:10 pmb:19 smb:4291 d:s ref:0 ;
in:5253 out:5253 type:B dur:2 cpbdur:2 q:35.81 aq:38.31 tex:269 mv:166 misc:285 imb:1 pmb:13 smb:4306 d:s ref:0 ;
in:5252 out:5254 type:b dur:2 cpbdur:2 q:35.81 aq:38.26 tex:212 mv:205 misc:279 imb:1 pmb:12 smb:4307 d:t ref:0 ;
in:5254 out:5255 type:b dur:2 cpbdur:2 q:35.81 aq:34.19 tex:184 mv:149 misc:275 imb:0 pmb:13 smb:4307 d:- ref:0 ;
in:5259 out:5256 type:P dur:2 cpbdur:2 q:35.76 aq:18.79 tex:41270 mv:3008 misc:594 imb:511 pmb:67 smb:3742 d:s ref:0 ;
in:5257 out:5257 type:B dur:2 cpbdur:2 q:35.78 aq:24.10 tex:381 mv:570 misc:489 imb:27 pmb:69 smb:4224 d:s ref:0 ;
in:5256 out:5258 type:b dur:2 cpbdur:2 q:35.79 aq:34.15 tex:46 mv:111 misc:267 imb:1 pmb:6 smb:4313 d:s ref:0 ;
in:5258 out:5259 type:b dur:2 cpbdur:2 q:35.77 aq:23.24 tex:51 mv:169 misc:452 imb:5 pmb:78 smb:4237 d:- ref:0 ;
in:5263 out:5260 type:P dur:2 cpbdur:2 q:35.78 aq:26.49 tex:2463 mv:1263 misc:698 imb:74 pmb:93 smb:4153 d:s ref:0 ;
in:5261 out:5261 type:B dur:2 cpbdur:2 q:35.77 aq:21.36 tex:154 mv:352 misc:518 imb:4 pmb:89 smb:4227 d:s ref:0 ;
in:5260 out:5262 type:b dur:2 cpbdur:2 q:35.76 aq:35.98 tex:59 mv:122 misc:491 imb:1 pmb:75 smb:4244 d:s ref:0 ;
in:5262 out:5263 type:b dur:2 cpbdur:2 q:35.77 aq:26.72 tex:206 mv:170 misc:280 imb:2 pmb:11 smb:4307 d:- ref:0 ;
in:5264 out:5264 type:P dur:2 cpbdur:2 q:35.74 aq:33.15 tex:1687 mv:123 misc:310 imb:16 pmb:5 smb:4299 d:s ref:0 ;
in:5265 out:5265 type:P dur:2 cpbdur:2 q:35.74 aq:31.71 tex:517 mv:244 misc:319 imb:16 pmb:10 smb:4294 d:s ref:0 ;
in:5267 out:5266 type:P dur:2 cpbdur:2 q:35.73 aq:33.27 tex:1199 mv:128 misc:321 imb:24 pmb:1 smb:4295 d:s ref:0 ;
in:5266 out:5267 type:b dur:2 cpbdur:2 q:35.73 aq:38.06 tex:73 mv:215 misc:304 imb:0 pmb:26 smb:4294 d:s ref:0 ;
in:5268 out:5268 type:P dur:2 cpbdur:2 q:35.70 aq:35.57 tex:211 mv:223 misc:310 imb:8 pmb:10 smb:4302 d:s ref:0 ;
in:5269 out:5269 type:P dur:2 cpbdur:2 q:35.69 aq:33.26 tex:985 mv:198 misc:297 imb:18 pmb:7 smb:4295 d:s ref:0 ;
in:5270 out:5270 type:P dur:2 cpbdur:2 q:35.68 aq:32.98 tex:441 mv:288 misc:319 imb:20 pmb:10 smb:4290 d:s ref:0 ;
in:5271 out:5271 type:P dur:2 cpbdur:2 q:35.67 aq:33.05 tex:1093 mv:163 misc:296 imb:21 pmb:4 smb:4295 d:s ref:0 ;
in:5272 out:5272 type:P dur:2 cpbdur:2 q:35.66 aq:32.28 tex:903 mv:267 misc:310 imb:20 pmb:9 smb:4291 d:s ref:0 ;
in:5273 out:5273 type:I dur:2 cpbdur:2 q:32.93 aq:23.27 tex:50196 mv:30177 misc:539 imb:4320 pmb:0 smb:0 d:s ref:;
in:5274 out:5274 type:P dur:2 cpbdur:2 q:35.76 aq:29.45 tex:32558 mv:9120 misc:1618 imb:1754 pmb:239 smb:2327 d:s ref:0 ;
in:5275 out:5275 type:P dur:2 cpbdur:2 q:35.78 aq:27.33 tex:36472 mv:11023 misc:1313 imb:2549 pmb:230 smb:1541 d:s ref:0 ;
in:5276 out:5276 type:P dur:2 cpbdur:2 q:35.80 aq:26.27 tex:38179 mv:11231 misc:1142 imb:2854 pmb:198 smb:1268 d:s ref:0 ;
in:5277 out:5277 type:P dur:2 cpbdur:2 q:35.80 aq:26.98 tex:37222 mv:11109 misc:1397 imb:2482 pmb:300 smb:1538 d:s ref:0 ;
in:5278 out:5278 type:P dur:2 cpbdur:2 q:35.82 aq:26.06 tex:36136 mv:10983 misc:1257 imb:2551 pmb:260 smb:1509 d:s ref:0 ;
in:5279 out:5279 type:P dur:2 cpbdur:2 q:35.83 aq:24.40 tex:33951 mv:9658 misc:1447 imb:1645 pmb:300 smb:2375 d:s ref:0 ;
in:5280 out:5280 type:P dur:2 cpbdur:2 q:35.84 aq:28.39 tex:16193 mv:5735 misc:1528 imb:595 pmb:505 smb:3220 d:s ref:0 ;
in:5281 out:5281 type:P dur:2 cpbdur:2 q:35.85 aq:28.31 tex:20845 mv:6854 misc:1413 imb:477 pmb:617 smb:3226 d:s ref:0 ;
in:5282 out:5282 type:P dur:2 cpbdur:2 q:35.86 aq:30.40 tex:18965 mv:5317 misc:1398 imb:262 pmb:600 smb:3458 d:s ref:0 ;
in:5283 out:5283 type:P dur:2 cpbdur:2 q:35.87 aq:26.96 tex:22549 mv:6545 misc:1338 imb:620 pmb:619 smb:3081 d:s ref:0 ;
in:5284 out:5284 type:P dur:2 cpbdur:2 q:35.88 aq:26.22 tex:25103 mv:5602 misc:1359 imb:465 pmb:618 smb:3237 d:s ref:0 ;
in:5285 out:5285 type:P dur:2 cpbdur:2 q:35.88 aq:23.39 tex:23267 mv:5702 misc:1295 imb:608 pmb:568 smb:3144 d:s ref:0 ;
in:5286 out:5286 type:P dur:2 cpbdur:2 q:35.89 aq:22.77 tex:23511 mv:4131 misc:1310 imb:335 pmb:559 smb:3426 d:s ref:0 ;
in:5287 out:5287 type:P dur:2 cpbdur:2 q:35.89 aq:28.27 tex:20854 mv:4420 misc:1414 imb:313 pmb:525 smb:3482 d:s ref:0 ;
in:5288 out:5288 type:P dur:2 cpbdur:2 q:35.89 aq:25.86 tex:17605 mv:4031 misc:1460 imb:357 pmb:495 smb:3468 d:s ref:0 ;
in:5289 out:5289 type:P dur:2 cpbdur:2 q:35.89 aq:27.23 tex:9629 mv:3328 misc:1467 imb:236 pmb:427 smb:3657 d:s ref:0 ;
in:5292 out:5290 type:P dur:2 cpbdur:2 q:35.89 aq:26.38 tex:26270 mv:4777 misc:1289 imb:819 pmb:168 smb:3333 d:s ref:0 ;
in:5290 out:5291 type:B dur:2 cpbdur:2 q:35.89 aq:31.80 tex:1653 mv:2387 misc:1304 imb:73 pmb:353 smb:3894 d:s ref:0 ;
in:5291 out:5292 type:b dur:2 cpbdur:2 q:35.89 aq:34.14 tex:2298 mv:2697 misc:1501 imb:102 pmb:455 smb:3763 d:- ref:0 ;
in:5293 out:5293 type:i dur:2 cpbdur:2 q:32.94 aq:20.01 tex:22232 mv:18859 misc:157 imb:4320 pmb:0 smb:0 d:s ref:;
in:5294 out:5294 type:P dur:2 cpbdur:2 q:36.03 aq:25.84 tex:28158 mv:7000 misc:1258 imb:2182 pmb:119 smb:2019 d:s ref:0 ;
in:5295 out:5295 type:P dur:2 cpbdur:2 q:36.10 aq:27.45 tex:32336 mv:9016 misc:1128 imb:2154 pmb:195 smb:1971 d:s ref:0 ;
in:5296 out:5296 type:P dur:2 cpbdur:2 q:36.17 aq:25.96 tex:38397 mv:9958 misc:1021 imb:2282 pmb:219 smb:1819 d:s ref:0 ;
in:5297 out:5297 type:P dur:2 cpbdur:2 q:36.24 aq:27.30 tex:41844 mv:9876 misc:1200 imb:1828 pmb:240 smb:2252 d:s ref:0 ;
in:5298 out:5298 type:P dur:2 cpbdur:2 q:36.27 aq:26.73 tex:43661 mv:10752 misc:1107 imb:2281 pmb:250 smb:1789 d:s ref:0 ;
in:5299 out:5299 type:P dur:2 cpbdur:2 q:36.31 aq:25.19 tex:48514 mv:11012 misc:1074 imb:2472 pmb:240 smb:1608 d:s ref:0 ;
in:5300 out:5300 type:P dur:2 cpbdur:2 q:36.34 aq:26.21 tex:51824 mv:10684 misc:1060 imb:1794 pmb:294 smb:2232 d:s ref:0 ;
in:5301 out:5301 type:P dur:2 cpbdur:2 q:36.37 aq:27.82 tex:45384 mv:10166 misc:1170 imb:1325 pmb:522 smb:2473 d:s ref:0 ;
in:5302 out:5302 type:P dur:2 cpbdur:2 q:36.41 aq:29.65 tex:16376 mv:6375 misc:1505 imb:589 pmb:665 smb:3066 d:s ref:0 ;
in:5303 out:5303 type:P dur:2 cpbdur:2 q:36.44 aq:26.34 tex:18652 mv:7015 misc:1701 imb:583 pmb:622 smb:3115 d:s ref:0 ;
in:5304 out:5304 type:P dur:2 cpbdur:2 q:36.48 aq:29.75 tex:17016 mv:6730 misc:1590 imb:624 pmb:651 smb:3045 d:s ref:0 ;
in:5306 out:5305 type:P dur:2 cpbdur:2 q:36.51 aq:25.63 tex:28699 mv:6599 misc:1470 imb:936 pmb:672 smb:2712 d:s ref:0 ;
in:5305 out:5306 type:b dur:2 cpbdur:2 q:36.49 aq:30.31 tex:1302 mv:4088 misc:1266 imb:206 pmb:414 smb:3700 d:s ref:0 ;
in:5308 out:5307 type:P dur:2 cpbdur:2 q:36.55 aq:24.73 tex:21631 mv:5874 misc:1671 imb:765 pmb:633 smb:2922 d:s ref:0 ;
in:5307 out:5308 type:b dur:2 cpbdur:2 q:36.53 aq:32.64 tex:1115 mv:1998 misc:911 imb:121 pmb:146 smb:4053 d:s ref:0 ;
in:5310 out:5309 type:P dur:2 cpbdur:2 q:36.57 aq:26.62 tex:9848 mv:3870 misc:1882 imb:524 pmb:426 smb:3370 d:s ref:0 ;
in:5309 out:5310 type:b dur:2 cpbdur:2 q:36.56 aq:31.45 tex:928 mv:2168 misc:1040 imb:75 pmb:208 smb:4037 d:t ref:0 ;
in:5314 out:5311 type:P dur:2 cpbdur:2 q:36.57 aq:29.12 tex:4002 mv:3194 misc:1388 imb:454 pmb:240 smb:3626 d:s ref:0 ;
in:5312 out:5312 type:B dur:2 cpbdur:2 q:36.57 aq:33.29 tex:1107 mv:2557 misc:1296 imb:76 pmb:332 smb:3912 d:s ref:0 ;
in:5311 out:5313 type:b dur:2 cpbdur:2 q:36.57 aq:29.65 tex:861 mv:2101 misc:974 imb:87 pmb:183 smb:4050 d:s ref:0 ;
in:5313 out:5314 type:b dur:2 cpbdur:2 q:36.57 aq:30.71 tex:388 mv:211 misc:337 imb:3 pmb:25 smb:4292 d:- ref:0 ;
in:5316 out:5315 type:P dur:2 cpbdur:2 q:36.60 aq:25.26 tex:1398 mv:1576 misc:1146 imb:126 pmb:161 smb:4033 d:s ref:0 ;
in:5315 out:5316 type:b dur:2 cpbdur:2 q:36.58 aq:22.80 tex:204 mv:62 misc:286 imb:3 pmb:8 smb:4309 d:s ref:0 ;
in:5319 out:5317 type:P dur:2 cpbdur:2 q:36.69 aq:25.88 tex:24531 mv:7098 misc:1443 imb:904 pmb:251 smb:3165 d:s ref:0 ;
in:5317 out:5318 type:B dur:2 cpbdur:2 q:36.63 aq:35.66 tex:1229 mv:2577 misc:1170 imb:58 pmb:292 smb:3970 d:s ref:0 ;
in:5318 out:5319 type:b dur:2 cpbdur:2 q:36.66 aq:35.68 tex:3126 mv:3485 misc:1405 imb:67 pmb:400 smb:3853 d:- ref:0 ;
in:5322 out:5320 type:P dur:2 cpbdur:2 q:36.84 aq:24.44 tex:3045 mv:1797 misc:1030 imb:233 pmb:159 smb:3928 d:s ref:0 ;
in:5320 out:5321 type:B dur:2 cpbdur:2 q:36.74 aq:26.71 tex:1045 mv:1383 misc:868 imb:57 pmb:119 smb:4144 d:s ref:0 ;
in:5321 out:5322 type:b dur:2 cpbdur:2 q:36.79 aq:23.72 tex:273 mv:1199 misc:784 imb:20 pmb:166 smb:4134 d:- ref:0 ;
in:5323 out:5323 type:P dur:2 cpbdur:2 q:36.85 aq:26.69 tex:5262 mv:2737 misc:1153 imb:260 pmb:275 smb:3785 d:s ref:0 ;
in:5324 out:5324 type:P dur:2 cpbdur:2 q:36.86 aq:25.14 tex:6474 mv:3490 misc:1180 imb:417 pmb:342 smb:3561 d:s ref:0 ;
in:5325 out:5325 type:P dur:2 cpbdur:2 q:36.88 aq:28.29 tex:7248 mv:3422 misc:1194 imb:287 pmb:370 smb:3663 d:s ref:0 ;
in:5328 out:5326 type:P dur:2 cpbdur:2 q:36.88 aq:28.85 tex:24834 mv:4678 misc:1152 imb:519 pmb:400 smb:3401 d:s ref:0 ;
in:5326 out:5327 type:B dur:2 cpbdur:2 q:36.88 aq:30.62 tex:654 mv:1561 misc:721 imb:38 pmb:133 smb:4149 d:s ref:0 ;
in:5327 out:5328 type:b dur:2 cpbdur:2 q:36.88 aq:34.52 tex:1483 mv:1706 misc:739 imb:50 pmb:208 smb:4062 d:- ref:0 ;
in:5329 out:5329 type:P dur:2 cpbdur:2 q:36.88 aq:30.64 tex:14251 mv:3621 misc:1192 imb:324 pmb:429 smb:3567 d:s ref:0 ;
in:5330 out:5330 type:P dur:2 cpbdur:2 q:36.89 aq:31.81 tex:15032 mv:3052 misc:1180 imb:161 pmb:342 smb:3817 d:s ref:0 ;
in:5331 out:5331 type:P dur:2 cpbdur:2 q:36.89 aq:31.14 tex:12057 mv:2869 misc:1258 imb:307 pmb:395 smb:3618 d:s ref:0 ;
in:5333 out:5332 type:P dur:2 cpbdur:2 q:36.89 aq:29.29 tex:13785 mv:3193 misc:1246 imb:370 pmb:383 smb:3567 d:s ref:0 ;
in:5332 out:5333 type:b dur:2 cpbdur:2 q:36.89 aq:36.19 tex:1087 mv:1401 misc:888 imb:26 pmb:160 smb:4134 d:t ref:0 ;
in:5337 out:5334 type:P dur:2 cpbdur:2 q:36.86 aq:32.10 tex:11144 mv:2405 misc:1027 imb:301 pmb:260 smb:3759 d:s ref:0 ;
in:5335 out:5335 type:B dur:2 cpbdur:2 q:36.87 aq:35.69 tex:1586 mv:1242 misc:852 imb:24 pmb:198 smb:4098 d:s ref:0 ;
in:5334 out:5336 type:b dur:2 cpbdur:2 q:36.88 aq:40.05 tex:977 mv:1259 misc:796 imb:11 pmb:161 smb:4148 d:s ref:0 ;
in:5336 out:5337 type:b dur:2 cpbdur:2 q:36.87 aq:35.62 tex:340 mv:547 misc:577 imb:2 pmb:93 smb:4225 d:- ref:0 ;
in:5340 out:5338 type:P dur:2 cpbdur:2 q:36.80 aq:33.57 tex:2362 mv:1308 misc:1034 imb:73 pmb:177 smb:4070 d:s ref:0 ;
in:5338 out:5339 type:B dur:2 cpbdur:2 q:36.84 aq:30.54 tex:332 mv:363 misc:393 imb:3 pmb:31 smb:4286 d:t ref:0 ;
in:5339 out:5340 type:b dur:2 cpbdur:2 q:36.82 aq:23.81 tex:112 mv:161 misc:287 imb:1 pmb:14 smb:4305 d:- ref:0 ;
in:5341 out:5341 type:P dur:2 cpbdur:2 q:36.77 aq:32.22 tex:3628 mv:2756 misc:1168 imb:544 pmb:218 smb:3558 d:s ref:0 ;
in:5342 out:5342 type:P dur:2 cpbdur:2 q:36.77 aq:28.95 tex:17090 mv:5170 misc:1484 imb:1012 pmb:252 smb:3056 d:s ref:0 ;
in:5343 out:5343 type:P dur:2 cpbdur:2 q:36.77 aq:28.09 tex:18862 mv:6951 misc:1435 imb:1183 pmb:324 smb:2813 d:s ref:0 w:6,65,0,4,15,8,16,0 ;
in:5344 out:5344 type:P dur:2 cpbdur:2 q:36.78 aq:28.97 tex:20498 mv:7895 misc:1719 imb:1592 pmb:372 smb:2356 d:s ref:0 ;
in:5345 out:5345 type:P dur:2 cpbdur:2 q:36.80 aq:27.65 tex:19821 mv:8051 misc:1840 imb:1183 pmb:450 smb:2687 d:s ref:0 ;
in:5347 out:5346 type:P dur:2 cpbdur:2 q:36.82 aq:28.83 tex:37775 mv:10819 misc:1814 imb:1694 pmb:540 smb:2086 d:s ref:0 w:5,33,-1,7,113,15,112,16 ;
in:5346 out:5347 type:b dur:2 cpbdur:2 q:36.81 aq:32.96 tex:11777 mv:8502 misc:2129 imb:347 pmb:603 smb:3370 d:s ref:0 ;
in:5348 out:5348 type:P dur:2 cpbdur:2 q:36.87 aq:28.48 tex:26344 mv:9409 misc:1735 imb:1383 pmb:646 smb:2291 d:s ref:0 ;
in:5349 out:5349 type:P dur:2 cpbdur:2 q:36.91 aq:28.80 tex:34609 mv:10314 misc:1733 imb:1521 pmb:638 smb:2161 d:s ref:0 ;
in:5350 out:5350 type:P dur:2 cpbdur:2 q:36.94 aq:29.61 tex:32974 mv:10758 misc:2036 imb:855 pmb:781 smb:2684 d:s ref:0 ;
in:5351 out:5351 type:P dur:2 cpbdur:2 q:36.96 aq:29.17 tex:41207 mv:11807 misc:2098 imb:933 pmb:833 smb:2554 d:s ref:0 ;
in:5352 out:5352 type:P dur:2 cpbdur:2 q:36.99 aq:29.00 tex:42611 mv:12542 misc:2143 imb:867 pmb:962 smb:2491 d:s ref:0 ;
in:5353 out:5353 type:P dur:2 cpbdur:2 q:37.01 aq:29.51 tex:39939 mv:10676 misc:2233 imb:565 pmb:1016 smb:2739 d:s ref:0 ;
in:5354 out:5354 type:P dur:2 cpbdur:2 q:37.03 aq:27.98 tex:40114 mv:10854 misc:2280 imb:964 pmb:1034 smb:2322 d:s ref:0 ;
in:5355 out:5355 type:P dur:2 cpbdur:2 q:37.05 aq:28.85 tex:47553 mv:10259 misc:2332 imb:757 pmb:1089 smb:2474 d:s ref:0 ;
in:5356 out:5356 type:P dur:2 cpbdur:2 q:37.07 aq:26.39 tex:45766 mv:10469 misc:2349 imb:917 pmb:1037 smb:2366 d:s ref:0 ;
in:5360 out:5357 type:P dur:2 cpbdur:2 q:37.08 aq:26.80 tex:98599 mv:13346 misc:2135 imb:929 pmb:1203 smb:2188 d:s ref:0 ;
in:5358 out:5358 type:B dur:2 cpbdur:2 q:37.08 aq:33.05 tex:3057 mv:6862 misc:2369 imb:114 pmb:640 smb:3566 d:s ref:0 ;
in:5357 out:5359 type:b dur:2 cpbdur:2 q:37.07 aq:29.50 tex:1187 mv:5181 misc:1920 imb:117 pmb:419 smb:3784 d:s ref:0 ;
in:5359 out:5360 type:b dur:2 cpbdur:2 q:37.08 aq:37.88 tex:1238 mv:4082 misc:1616 imb:93 pmb:395 smb:3832 d:- ref:0 ;
in:5364 out:5361 type:P dur:2 cpbdur:2 q:37.16 aq:27.39 tex:76453 mv:9403 misc:2544 imb:651 pmb:1050 smb:2619 d:s ref:0 ;
in:5362 out:5362 type:B dur:2 cpbdur:2 q:37.12 aq:34.98 tex:2873 mv:4337 misc:1758 imb:85 pmb:440 smb:3795 d:s ref:0 ;
in:5361 out:5363 type:b dur:2 cpbdur:2 q:37.10 aq:34.62 tex:1881 mv:3216 misc:1447 imb:153 pmb:274 smb:3893 d:s ref:0 ;
in:5363 out:5364 type:b dur:2 cpbdur:2 q:37.14 aq:36.54 tex:3424 mv:1844 misc:1116 imb:49 pmb:195 smb:4076 d:- ref:0 ;
in:5368 out:5365 type:P dur:2 cpbdur:2 q:37.25 aq:28.49 tex:86506 mv:7254 misc:2408 imb:505 pmb:998 smb:2817 d:s ref:0 ;
in:5366 out:5366 type:B dur:2 cpbdur:2 q:37.21 aq:38.88 tex:190 mv:281 misc:633 imb:3 pmb:72 smb:4245 d:s ref:0 ;
in:5365 out:5367 type:b dur:2 cpbdur:2 q:37.18 aq:40.56 tex:583 mv:241 misc:480 imb:11 pmb:42 smb:4267 d:s ref:0 ;
in:5367 out:5368 type:b dur:2 cpbdur:2 q:37.23 aq:35.00 tex:0 mv:0 misc:256 imb:0 pmb:0 smb:4320 d:- ref:0 ;
in:5372 out:5369 type:P dur:2 cpbdur:2 q:37.40 aq:28.32 tex:5055 mv:717 misc:1300 imb:38 pmb:194 smb:4088 d:s ref:0 ;
in:5370 out:5370 type:B dur:2 cpbdur:2 q:37.33 aq:33.57 tex:38 mv:18 misc:280 imb:0 pmb:2 smb:4318 d:s ref:0 ;
in:5369 out:5371 type:b dur:2 cpbdur:2 q:37.29 aq:35.00 tex:0 mv:0 misc:256 imb:0 pmb:0 smb:4320 d:s ref:0 ;
in:5371 out:5372 type:b dur:2 cpbdur:2 q:37.37 aq:35.00 tex:0 mv:0 misc:256 imb:0 pmb:0 smb:4320 d:- ref:0 ;
in:5376 out:5373 type:P dur:2 cpbdur:2 q:37.52 aq:30.52 tex:1674 mv:263 misc:663 imb:9 pmb:61 smb:4250 d:s ref:0 ;
in:5374 out:5374 type:B dur:2 cpbdur:2 q:37.46 aq:33.00 tex:0 mv:3 misc:269 imb:0 pmb:1 smb:4319 d:s ref:0 ;
in:5373 out:5375 type:b dur:2 cpbdur:2 q:37.43 aq:35.00 tex:0 mv:0 misc:256 imb:0 pmb:0 smb:4320 d:s ref:0 ;
in:5375 out:5376 type:b dur:2 cpbdur:2 q:37.49 aq:35.52 tex:42 mv:5 misc:265 imb:0 pmb:1 smb:4319 d:- ref:0 ;
in:5380 out:5377 type:P dur:2 cpbdur:2 q:37.62 aq:29.42 tex:2455 mv:246 misc:723 imb:7 pmb:75 smb:4238 d:s ref:0 ;
in:5378 out:5378 type:B dur:2 cpbdur:2 q:37.57 aq:35.19 tex:31 mv:41 misc:296 imb:0 pmb:6 smb:4314 d:s ref:0 ;
in:5377 out:5379 type:b dur:2 cpbdur:2 q:37.55 aq:35.00 tex:0 mv:0 misc:256 imb:0 pmb:0 smb:4320 d:s ref:0 ;
in:5379 out:5380 type:b dur:2 cpbdur:2 q:37.60 aq:35.00 tex:1 mv:32 misc:263 imb:0 pmb:2 smb:4318 d:- ref:0 ;
in:5381 out:5381 type:P dur:2 cpbdur:2 q:37.62 aq:29.81 tex:2254 mv:331 misc:655 imb:13 pmb:68 smb:4239 d:s ref:0 ;
in:5382 out:5382 type:P dur:2 cpbdur:2 q:37.61 aq:29.00 tex:1318 mv:194 misc:480 imb:4 pmb:35 smb:4281 d:s ref:0 ;
in:5383 out:5383 type:P dur:2 cpbdur:2 q:37.65 aq:30.02 tex:753 mv:194 misc:445 imb:4 pmb:28 smb:4288 d:s ref:0 ;
in:5387 out:5384 type:P dur:2 cpbdur:2 q:37.63 aq:23.44 tex:741 mv:160 misc:347 imb:3 pmb:17 smb:4300 d:s ref:0 ;
in:5385 out:5385 type:B dur:2 cpbdur:2 q:37.64 aq:34.32 tex:151 mv:82 misc:295 imb:0 pmb:7 smb:4313 d:s ref:0 ;
in:5384 out:5386 type:b dur:2 cpbdur:2 q:37.65 aq:35.23 tex:35 mv:46 misc:279 imb:0 pmb:5 smb:4315 d:s ref:0 ;
in:5386 out:5387 type:b dur:2 cpbdur:2 q:37.63 aq:35.23 tex:40 mv:45 misc:275 imb:0 pmb:5 smb:4315 d:- ref:0 ;
in:5391 out:5388 type:P dur:2 cpbdur:2 q:37.56 aq:26.88 tex:1911 mv:262 misc:499 imb:6 pmb:39 smb:4275 d:s ref:0 ;
in:5389 out:5389 type:B dur:2 cpbdur:2 q:37.59 aq:33.53 tex:132 mv:154 misc:290 imb:0 pmb:12 smb:4308 d:t ref:0 ;
in:5388 out:5390 type:b dur:2 cpbdur:2 q:37.61 aq:35.19 tex:70 mv:76 misc:278 imb:0 pmb:9 smb:4311 d:t ref:0 ;
in:5390 out:5391 type:b dur:2 cpbdur:2 q:37.58 aq:35.27 tex:75 mv:81 misc:276 imb:0 pmb:10 smb:4310 d:- ref:0 ;
in:5395 out:5392 type:P dur:2 cpbdur:2 q:37.51 aq:26.36 tex:1894 mv:360 misc:578 imb:12 pmb:46 smb:4262 d:s ref:0 ;
in:5393 out:5393 type:B dur:2 cpbdur:2 q:37.54 aq:33.57 tex:164 mv:111 misc:285 imb:0 pmb:8 smb:4312 d:t ref:0 ;
in:5392 out:5394 type:b dur:2 cpbdur:2 q:37.55 aq:35.57 tex:130 mv:83 misc:275 imb:0 pmb:5 smb:4315 d:s ref:0 ;
in:5394 out:5395 type:b dur:2 cpbdur:2 q:37.52 aq:35.27 tex:40 mv:62 misc:266 imb:0 pmb:4 smb:4316 d:- ref:0 ;
in:5399 out:5396 type:P dur:2 cpbdur:2 q:37.46 aq:27.11 tex:1662 mv:228 misc:470 imb:13 pmb:27 smb:4280 d:s ref:0 ;
in:5397 out:5397 type:B dur:2 cpbdur:2 q:37.49 aq:33.53 tex:33 mv:68 misc:283 imb:0 pmb:5 smb:4315 d:t ref:0 ;
in:5396 out:5398 type:b dur:2 cpbdur:2 q:37.50 aq:35.52 tex:48 mv:31 misc:265 imb:0 pmb:2 smb:4318 d:s ref:0 ;
in:5398 out:5399 type:b dur:2 cpbdur:2 q:37.47 aq:35.00 tex:0 mv:0 misc:256 imb:0 pmb:0 smb:4320 d:- ref:0 ;
in:5403 out:5400 type:P dur:2 cpbdur:2 q:37.42 aq:27.98 tex:2699 mv:316 misc:825 imb:13 pmb:88 smb:4219 d:s ref:0 ;
in:5401 out:5401 type:B dur:2 cpbdur:2 q:37.44 aq:33.00 tex:0 mv:0 misc:264 imb:0 pmb:0 smb:4320 d:s ref:0 ;
in:5400 out:5402 type:b dur:2 cpbdur:2 q:37.45 aq:35.00 tex:0 mv:0 misc:256 imb:0 pmb:0 smb:4320 d:s ref:0 ;
in:5402 out:5403 type:b dur:2 cpbdur:2 q:37.43 aq:35.00 tex:0 mv:0 misc:256 imb:0 pmb:0 smb:4320 d:- ref:0 ;
in:5407 out:5404 type:P dur:2 cpbdur:2 q:37.37 aq:27.62 tex:1005 mv:148 misc:535 imb:6 pmb:36 smb:4278 d:s ref:0 ;
in:5405 out:5405 type:B dur:2 cpbdur:2 q:37.39 aq:33.00 tex:0 mv:0 misc:264 imb:0 pmb:0 smb:4320 d:s ref:0 ;
in:5404 out:5406 type:b dur:2 cpbdur:2 q:37.41 aq:35.00 tex:0 mv:0 misc:256 imb:0 pmb:0 smb:4320 d:s ref:0 ;
in:5406 out:5407 type:b dur:2 cpbdur:2 q:37.38 aq:35.00 tex:0 mv:0 misc:256 imb:0 pmb:0 smb:4320 d:- ref:0 ;
in:5411 out:5408 type:P dur:2 cpbdur:2 q:37.34 aq:26.30 tex:484 mv:114 misc:434 imb:6 pmb:18 smb:4296 d:s ref:0 ;
in:5409 out:5409 type:B dur:2 cpbdur:2 q:37.35 aq:33.00 tex:0 mv:0 misc:264 imb:0 pmb:0 smb:4320 d:s ref:0 ;
in:5408 out:5410 type:b dur:2 cpbdur:2 q:37.36 aq:35.00 tex:0 mv:0 misc:256 imb:0 pmb:0 smb:4320 d:s ref:0 ;
in:5410 out:5411 type:b dur:2 cpbdur:2 q:37.35 aq:35.00 tex:0 mv:0 misc:256 imb:0 pmb:0 smb:4320 d:- ref:0 ;
in:5415 out:5412 type:P dur:2 cpbdur:2 q:37.30 aq:27.84 tex:782 mv:103 misc:451 imb:5 pmb:22 smb:4293 d:s ref:0 ;
in:5413 out:5413 type:B dur:2 cpbdur:2 q:37.32 aq:33.00 tex:0 mv:0 misc:264 imb:0 pmb:0 smb:4320 d:s ref:0 ;
in:5412 out:5414 type:b dur:2 cpbdur:2 q:37.33 aq:35.00 tex:0 mv:0 misc:256 imb:0 pmb:0 smb:4320 d:s ref:0 ;
in:5414 out:5415 type:b dur:2 cpbdur:2 q:37.31 aq:35.00 tex:0 mv:0 misc:256 imb:0 pmb:0 smb:4320 d:- ref:0 ;
in:5419 out:5416 type:P dur:2 cpbdur:2 q:37.27 aq:27.98 tex:1202 mv:154 misc:476 imb:5 pmb:29 smb:4286 d:s ref:0 ;
in:5417 out:5417 type:B dur:2 cpbdur:2 q:37.29 aq:33.00 tex:1 mv:2 misc:269 imb:0 pmb:1 smb:4319 d:s ref:0 ;
in:5416 out:5418 type:b dur:2 cpbdur:2 q:37.29 aq:35.00 tex:0 mv:0 misc:256 imb:0 pmb:0 smb:4320 d:s ref:0 ;
in:5418 out:5419 type:b dur:2 cpbdur:2 q:37.28 aq:35.00 tex:0 mv:0 misc:256 imb:0 pmb:0 smb:4320 d:- ref:0 ;
in:5423 out:5420 type:P dur:2 cpbdur:2 q:37.22 aq:28.30 tex:1318 mv:111 misc:539 imb:4 pmb:39 smb:4277 d:s ref:0 ;
in:5421 out:5421 type:B dur:2 cpbdur:2 q:37.25 aq:33.00 tex:0 mv:0 misc:264 imb:0 pmb:0 smb:4320 d:s ref:0 ;
in:5420 out:5422 type:b dur:2 cpbdur:2 q:37.26 aq:35.00 tex:0 mv:0 misc:256 imb:0 pmb:0 smb:4320 d:s ref:0 ;
in:5422 out:5423 type:b dur:2 cpbdur:2 q:37.24 aq:35.00 tex:0 mv:0 misc:256 imb:0 pmb:0 smb:4320 d:- ref:0 ;
in:5427 out:5424 type:P dur:2 cpbdur:2 q:37.16 aq:28.45 tex:2604 mv:183 misc:733 imb:10 pmb:73 smb:4237 d:s ref:0 ;
in:5425 out:5425 type:B dur:2 cpbdur:2 q:37.19 aq:33.00 tex:0 mv:0 misc:264 imb:0 pmb:0 smb:4320 d:s ref:0 ;
in:5424 out:5426 type:b dur:2 cpbdur:2 q:37.21 aq:35.00 tex:0 mv:0 misc:256 imb:0 pmb:0 smb:4320 d:s ref:0 ;
in:5426 out:5427 type:b dur:2 cpbdur:2 q:37.17 aq:35.00 tex:0 mv:0 misc:256 imb:0 pmb:0 smb:4320 d:- ref:0 ;
in:5431 out:5428 type:P dur:2 cpbdur:2 q:37.11 aq:28.81 tex:2307 mv:180 misc:713 imb:12 pmb:66 smb:4242 d:s ref:0 ;
in:5429 out:5429 type:B dur:2 cpbdur:2 q:37.13 aq:33.00 tex:0 mv:0 misc:264 imb:0 pmb:0 smb:4320 d:s ref:0 ;
in:5428 out:5430 type:b dur:2 cpbdur:2 q:37.14 aq:35.00 tex:0 mv:0 misc:256 imb:0 pmb:0 smb:4320 d:s ref:0 ;
in:5430 out:5431 type:b dur:2 cpbdur:2 q:37.12 aq:35.00 tex:0 mv:0 misc:256 imb:0 pmb:0 smb:4320 d:- ref:0 ;
in:5435 out:5432 type:P dur:2 cpbdur:2 q:37.05 aq:29.17 tex:1132 mv:102 misc:446 imb:4 pmb:24 smb:4292 d:s ref:0 ;
in:5433 out:5433 type:B dur:2 cpbdur:2 q:37.08 aq:33.00 tex:0 mv:0 misc:264 imb:0 pmb:0 smb:4320 d:s ref:0 ;
in:5432 out:5434 type:b dur:2 cpbdur:2 q:37.09 aq:35.00 tex:0 mv:0 misc:256 imb:0 pmb:0 smb:4320 d:s ref:0 ;
in:5434 out:5435 type:b dur:2 cpbdur:2 q:37.07 aq:35.00 tex:0 mv:0 misc:256 imb:0 pmb:0 smb:4320 d:- ref:0 ;
in:5439 out:5436 type:P dur:2 cpbdur:2 q:37.02 aq:28.43 tex:1697 mv:161 misc:622 imb:8 pmb:57 smb:4255 d:s ref:0 ;
in:5437 out:5437 type:B dur:2 cpbdur:2 q:37.04 aq:33.00 tex:0 mv:0 misc:264 imb:0 pmb:0 smb:4320 d:s ref:0 ;
in:5436 out:5438 type:b dur:2 cpbdur:2 q:37.04 aq:35.00 tex:0 mv:0 misc:256 imb:0 pmb:0 smb:4320 d:s ref:0 ;
in:5438 out:5439 type:b dur:2 cpbdur:2 q:37.03 aq:35.00 tex:0 mv:0 misc:256 imb:0 pmb:0 smb:4320 d:- ref:0 ;
in:5443 out:5440 type:P dur:2 cpbdur:2 q:36.99 aq:26.61 tex:363 mv:288 misc:389 imb:38 pmb:34 smb:4248 d:s ref:0 ;
in:5441 out:5441 type:B dur:2 cpbdur:2 q:37.00 aq:33.00 tex:0 mv:0 misc:264 imb:0 pmb:0 smb:4320 d:s ref:0 ;
in:5440 out:5442 type:b dur:2 cpbdur:2 q:37.01 aq:35.00 tex:0 mv:0 misc:256 imb:0 pmb:0 smb:4320 d:s ref:0 ;
in:5442 out:5443 type:b dur:2 cpbdur:2 q:37.00 aq:35.00 tex:0 mv:0 misc:256 imb:0 pmb:0 smb:4320 d:- ref:0 ;
in:5447 out:5444 type:P dur:2 cpbdur:2 q:36.94 aq:19.21 tex:486 mv:276 misc:750 imb:97 pmb:14 smb:4209 d:s ref:0 ;
in:5445 out:5445 type:B dur:2 cpbdur:2 q:36.96 aq:33.00 tex:0 mv:0 misc:264 imb:0 pmb:0 smb:4320 d:s ref:0 ;
in:5444 out:5446 type:b dur:2 cpbdur:2 q:36.98 aq:35.00 tex:0 mv:0 misc:256 imb:0 pmb:0 smb:4320 d:s ref:0 ;
in:5446 out:5447 type:b dur:2 cpbdur:2 q:36.95 aq:35.00 tex:0 mv:0 misc:256 imb:0 pmb:0 smb:4320 d:- ref:0 ;
in:5451 out:5448 type:P dur:2 cpbdur:2 q:36.91 aq:29.46 tex:861 mv:125 misc:478 imb:4 pmb:27 smb:4289 d:s ref:0 ;
in:5449 out:5449 type:B dur:2 cpbdur:2 q:36.93 aq:33.00 tex:0 mv:0 misc:264 imb:0 pmb:0 smb:4320 d:s ref:0 ;
in:5448 out:5450 type:b dur:2 cpbdur:2 q:36.93 aq:35.00 tex:0 mv:0 misc:256 imb:0 pmb:0 smb:4320 d:s ref:0 ;
in:5450 out:5451 type:b dur:2 cpbdur:2 q:36.92 aq:35.00 tex:0 mv:0 misc:256 imb:0 pmb:0 smb:4320 d:- ref:0 ;
in:5455 out:5452 type:P dur:2 cpbdur:2 q:36.88 aq:28.05 tex:1839 mv:118 misc:539 imb:4 pmb:39 smb:4277 d:s ref:0 ;
in:5453 out:5453 type:B dur:2 cpbdur:2 q:36.89 aq:33.00 tex:1 mv:2 misc:269 imb:0 pmb:1 smb:4319 d:t ref:0 ;
in:5452 out:5454 type:b dur:2 cpbdur:2 q:36.90 aq:35.00 tex:0 mv:0 misc:256 imb:0 pmb:0 smb:4320 d:s ref:0 ;
in:5454 out:5455 type:b dur:2 cpbdur:2 q:36.89 aq:35.00 tex:0 mv:0 misc:256 imb:0 pmb:0 smb:4320 d:- ref:0 ;
in:5459 out:5456 type:P dur:2 cpbdur:2 q:36.84 aq:26.26 tex:395 mv:56 misc:389 imb:2 pmb:12 smb:4306 d:s ref:0 ;
in:5457 out:5457 type:B dur:2 cpbdur:2 q:36.86 aq:33.00 tex:0 mv:0 misc:264 imb:0 pmb:0 smb:4320 d:s ref:0 ;
in:5456 out:5458 type:b dur:2 cpbdur:2 q:36.87 aq:35.00 tex:0 mv:0 misc:256 imb:0 pmb:0 smb:4320 d:s ref:0 ;
in:5458 out:5459 type:b dur:2 cpbdur:2 q:36.85 aq:35.00 tex:0 mv:0 misc:256 imb:0 pmb:0 smb:4320 d:- ref:0 ;
in:5463 out:5460 type:P dur:2 cpbdur:2 q:36.80 aq:24.81 tex:141 mv:46 misc:333 imb:3 pmb:3 smb:4314 d:s ref:0 ;
in:5461 out:5461 type:B dur:2 cpbdur:2 q:36.82 aq:33.00 tex:0 mv:0 misc:264 imb:0 pmb:0 smb:4320 d:s ref:0 ;
in:5460 out:5462 type:b dur:2 cpbdur:2 q:36.83 aq:35.00 tex:0 mv:0 misc:256 imb:0 pmb:0 smb:4320 d:s ref:0 ;
in:5462 out:5463 type:b dur:2 cpbdur:2 q:36.81 aq:35.00 tex:0 mv:0 misc:256 imb:0 pmb:0 smb:4320 d:- ref:0 ;
in:5467 out:5464 type:P dur:2 cpbdur:2 q:36.74 aq:24.23 tex:809 mv:69 misc:442 imb:2 pmb:24 smb:4294 d:s ref:0 ;
in:5465 out:5465 type:B dur:2 cpbdur:2 q:36.77 aq:33.00 tex:0 mv:0 misc:264 imb:0 pmb:0 smb:4320 d:s ref:0 ;
in:5464 out:5466 type:b dur:2 cpbdur:2 q:36.79 aq:35.00 tex:0 mv:0 misc:256 imb:0 pmb:0 smb:4320 d:s ref:0 ;
in:5466 out:5467 type:b dur:2 cpbdur:2 q:36.75 aq:35.00 tex:0 mv:0 misc:256 imb:0 pmb:0 smb:4320 d:- ref:0 ;
in:5471 out:5468 type:P dur:2 cpbdur:2 q:36.68 aq:29.28 tex:745 mv:108 misc:459 imb:6 pmb:21 smb:4293 d:s ref:0 ;
in:5469 out:5469 type:B dur:2 cpbdur:2 q:36.71 aq:33.00 tex:0 mv:0 misc:264 imb:0 pmb:0 smb:4320 d:s ref:0 ;
in:5468 out:5470 type:b dur:2 cpbdur:2 q:36.72 aq:35.00 tex:0 mv:0 misc:256 imb:0 pmb:0 smb:4320 d:s ref:0 ;
in:5470 out:5471 type:b dur:2 cpbdur:2 q:36.69 aq:35.00 tex:0 mv:0 misc:256 imb:0 pmb:0 smb:4320 d:- ref:0 ;
in:5475 out:5472 type:P dur:2 cpbdur:2 q:36.63 aq:27.54 tex:1456 mv:138 misc:518 imb:4 pmb:33 smb:4283 d:s ref:0 ;
in:5473 out:5473 type:B dur:2 cpbdur:2 q:36.65 aq:33.00 tex:1 mv:6 misc:281 imb:0 pmb:3 smb:4317 d:s ref:0 ;
in:5472 out:5474 type:b dur:2 cpbdur:2 q:36.67 aq:34.00 tex:1 mv:4 misc:267 imb:0 pmb:2 smb:4318 d:s ref:0 ;
in:5474 out:5475 type:b dur:2 cpbdur:2 q:36.64 aq:34.00 tex:0 mv:0 misc:256 imb:0 pmb:0 smb:4320 d:- ref:0 ;
in:5479 out:5476 type:P dur:2 cpbdur:2 q:36.59 aq:23.48 tex:363 mv:68 misc:377 imb:4 pmb:8 smb:4308 d:s ref:0 ;
in:5477 out:5477 type:B dur:2 cpbdur:2 q:36.61 aq:33.00 tex:0 mv:0 misc:264 imb:0 pmb:0 smb:4320 d:s ref:0 ;
in:5476 out:5478 type:b dur:2 cpbdur:2 q:36.62 aq:34.00 tex:0 mv:0 misc:256 imb:0 pmb:0 smb:4320 d:s ref:0 ;
in:5478 out:5479 type:b dur:2 cpbdur:2 q:36.60 aq:34.00 tex:0 mv:0 misc:256 imb:0 pmb:0 smb:4320 d:- ref:0 ;
in:5483 out:5480 type:P dur:2 cpbdur:2 q:36.56 aq:25.01 tex:947 mv:87 misc:454 imb:4 pmb:24 smb:4292 d:s ref:0 ;
in:5481 out:5481 type:B dur:2 cpbdur:2 q:36.58 aq:32.00 tex:0 mv:0 misc:264 imb:0 pmb:0 smb:4320 d:s ref:0 ;
in:5480 out:5482 type:b dur:2 cpbdur:2 q:36.59 aq:34.00 tex:0 mv:0 misc:256 imb:0 pmb:0 smb:4320 d:s ref:0 ;
in:5482 out:5483 type:b dur:2 cpbdur:2 q:36.57 aq:34.00 tex:0 mv:0 misc:256 imb:0 pmb:0 smb:4320 d:- ref:0 ;
in:5487 out:5484 type:P dur:2 cpbdur:2 q:36.51 aq:22.77 tex:588 mv:124 misc:456 imb:10 pmb:15 smb:4295 d:s ref:0 ;
in:5485 out:5485 type:B dur:2 cpbdur:2 q:36.53 aq:32.00 tex:0 mv:0 misc:264 imb:0 pmb:0 smb:4320 d:s ref:0 ;
in:5484 out:5486 type:b dur:2 cpbdur:2 q:36.55 aq:34.00 tex:0 mv:0 misc:256 imb:0 pmb:0 smb:4320 d:s ref:0 ;
in:5486 out:5487 type:b dur:2 cpbdur:2 q:36.52 aq:34.00 tex:0 mv:0 misc:256 imb:0 pmb:0 smb:4320 d:- ref:0 ;
in:5491 out:5488 type:P dur:2 cpbdur:2 q:36.48 aq:26.51 tex:1086 mv:156 misc:574 imb:9 pmb:35 smb:4276 d:s ref:0 ;
in:5489 out:5489 type:B dur:2 cpbdur:2 q:36.49 aq:32.00 tex:0 mv:0 misc:264 imb:0 pmb:0 smb:4320 d:s ref:0 ;
in:5488 out:5490 type:b dur:2 cpbdur:2 q:36.50 aq:34.00 tex:0 mv:0 misc:256 imb:0 pmb:0 smb:4320 d:s ref:0 ;
in:5490 out:5491 type:b dur:2 cpbdur:2 q:36.49 aq:34.00 tex:0 mv:0 misc:256 imb:0 pmb:0 smb:4320 d:- ref:0 ;
in:5495 out:5492 type:P dur:2 cpbdur:2 q:36.44 aq:27.13 tex:901 mv:68 misc:391 imb:3 pmb:13 smb:4304 d:s ref:0 ;
in:5493 out:5493 type:B dur:2 cpbdur:2 q:36.46 aq:32.00 tex:1 mv:5 misc:274 imb:0 pmb:2 smb:4318 d:s ref:0 ;
in:5492 out:5494 type:b dur:2 cpbdur:2 q:36.47 aq:34.00 tex:0 mv:3 misc:261 imb:0 pmb:1 smb:4319 d:s ref:0 ;
in:5494 out:5495 type:b dur:2 cpbdur:2 q:36.45 aq:34.00 tex:0 mv:0 misc:256 imb:0 pmb:0 smb:4320 d:- ref:0 ;
in:5499 out:5496 type:P dur:2 cpbdur:2 q:36.41 aq:25.63 tex:1465 mv:135 misc:584 imb:6 pmb:44 smb:4270 d:s ref:0 ;
in:5497 out:5497 type:B dur:2 cpbdur:2 q:36.42 aq:32.00 tex:0 mv:0 misc:264 imb:0 pmb:0 smb:4320 d:s ref:0 ;
in:5496 out:5498 type:b dur:2 cpbdur:2 q:36.43 aq:34.00 tex:0 mv:0 misc:256 imb:0 pmb:0 smb:4320 d:s ref:0 ;
in:5498 out:5499 type:b dur:2 cpbdur:2 q:36.41 aq:34.00 tex:0 mv:0 misc:256 imb:0 pmb:0 smb:4320 d:- ref:0 ;
in:5503 out:5500 type:P dur:2 cpbdur:2 q:36.36 aq:27.26 tex:1023 mv:106 misc:487 imb:4 pmb:32 smb:4284 d:s ref:0 ;
in:5501 out:5501 type:B dur:2 cpbdur:2 q:36.38 aq:32.00 tex:0 mv:0 misc:264 imb:0 pmb:0 smb:4320 d:s ref:0 ;
in:5500 out:5502 type:b dur:2 cpbdur:2 q:36.39 aq:34.00 tex:0 mv:0 misc:256 imb:0 pmb:0 smb:4320 d:s ref:0 ;
in:5502 out:5503 type:b dur:2 cpbdur:2 q:36.37 aq:34.00 tex:0 mv:0 misc:256 imb:0 pmb:0 smb:4320 d:- ref:0 ;
in:5507 out:5504 type:P dur:2 cpbdur:2 q:36.29 aq:29.07 tex:3901 mv:165 misc:814 imb:9 pmb:86 smb:4225 d:s ref:0 ;
in:5505 out:5505 type:B dur:2 cpbdur:2 q:36.33 aq:32.00 tex:0 mv:0 misc:264 imb:0 pmb:0 smb:4320 d:s ref:0 ;
in:5504 out:5506 type:b dur:2 cpbdur:2 q:36.34 aq:34.00 tex:0 mv:0 misc:256 imb:0 pmb:0 smb:4320 d:s ref:0 ;
in:5506 out:5507 type:b dur:2 cpbdur:2 q:36.31 aq:34.00 tex:0 mv:0 misc:256 imb:0 pmb:0 smb:4320 d:- ref:0 ;
in:5511 out:5508 type:P dur:2 cpbdur:2 q:36.24 aq:26.38 tex:3181 mv:184 misc:707 imb:4 pmb:77 smb:4239 d:s ref:0 ;
in:5509 out:5509 type:B dur:2 cpbdur:2 q:36.26 aq:32.00 tex:0 mv:3 misc:269 imb:0 pmb:1 smb:4319 d:s ref:0 ;
in:5508 out:5510 type:b dur:2 cpbdur:2 q:36.28 aq:34.00 tex:0 mv:0 misc:256 imb:0 pmb:0 smb:4320 d:s ref:0 ;
in:5510 out:5511 type:b dur:2 cpbdur:2 q:36.25 aq:34.00 tex:1 mv:2 misc:261 imb:0 pmb:1 smb:4319 d:- ref:0 ;
in:5515 out:5512 type:P dur:2 cpbdur:2 q:36.18 aq:27.20 tex:3877 mv:273 misc:682 imb:21 pmb:77 smb:4222 d:s ref:0 ;
in:5513 out:5513 type:B dur:2 cpbdur:2 q:36.21 aq:32.00 tex:0 mv:0 misc:264 imb:0 pmb:0 smb:4320 d:s ref:0 ;
in:5512 out:5514 type:b dur:2 cpbdur:2 q:36.22 aq:34.00 tex:0 mv:0 misc:256 imb:0 pmb:0 smb:4320 d:s ref:0 ;
in:5514 out:5515 type:b dur:2 cpbdur:2 q:36.19 aq:34.00 tex:0 mv:0 misc:256 imb:0 pmb:0 smb:4320 d:- ref:0 ;
in:5519 out:5516 type:P dur:2 cpbdur:2 q:36.14 aq:26.31 tex:642 mv:63 misc:407 imb:2 pmb:17 smb:4301 d:s ref:0 ;
in:5517 out:5517 type:B dur:2 cpbdur:2 q:36.16 aq:32.00 tex:0 mv:0 misc:264 imb:0 pmb:0 smb:4320 d:s ref:0 ;
in:5516 out:5518 type:b dur:2 cpbdur:2 q:36.17 aq:34.00 tex:0 mv:0 misc:256 imb:0 pmb:0 smb:4320 d:s ref:0 ;
in:5518 out:5519 type:b dur:2 cpbdur:2 q:36.15 aq:34.00 tex:0 mv:0 misc:256 imb:0 pmb:0 smb:4320 d:- ref:0 ;
in:5522 out:5520 type:P dur:2 cpbdur:2 q:36.11 aq:34.00 tex:0 mv:0 misc:264 imb:0 pmb:0 smb:4320 d:s ref:0 ;
in:5520 out:5521 type:B dur:2 cpbdur:2 q:36.13 aq:34.00 tex:0 mv:0 misc:272 imb:0 pmb:0 smb:4320 d:s ref:0 ;
in:5521 out:5522 type:b dur:2 cpbdur:2 q:36.12 aq:34.00 tex:0 mv:0 misc:256 imb:0 pmb:0 smb:4320 d:- ref:0 ;
in:5523 out:5523 type:I dur:2 cpbdur:2 q:33.42 aq:19.34 tex:304528 mv:46675 misc:525 imb:4320 pmb:0 smb:0 d:s ref:;
in:5527 out:5524 type:P dur:2 cpbdur:2 q:36.48 aq:27.75 tex:176 mv:25 misc:311 imb:1 pmb:5 smb:4314 d:- ref:0 ;
in:5525 out:5525 type:B dur:2 cpbdur:2 q:36.48 aq:32.00 tex:0 mv:0 misc:256 imb:0 pmb:0 smb:4320 d:s ref:0 ;
in:5524 out:5526 type:b dur:2 cpbdur:2 q:36.48 aq:34.00 tex:0 mv:0 misc:256 imb:0 pmb:0 smb:4320 d:s ref:0 ;
in:5526 out:5527 type:b dur:2 cpbdur:2 q:36.48 aq:34.00 tex:0 mv:0 misc:256 imb:0 pmb:0 smb:4320 d:- ref:0 ;
in:5531 out:5528 type:P dur:2 cpbdur:2 q:36.45 aq:24.39 tex:369 mv:24 misc:311 imb:1 pmb:5 smb:4314 d:s ref:0 ;
in:5529 out:5529 type:B dur:2 cpbdur:2 q:36.47 aq:32.00 tex:0 mv:3 misc:269 imb:0 pmb:1 smb:4319 d:s ref:0 ;
in:5528 out:5530 type:b dur:2 cpbdur:2 q:36.47 aq:34.00 tex:0 mv:0 misc:256 imb:0 pmb:0 smb:4320 d:s ref:0 ;
in:5530 out:5531 type:b dur:2 cpbdur:2 q:36.46 aq:34.00 tex:0 mv:0 misc:256 imb:0 pmb:0 smb:4320 d:- ref:0 ;
in:5535 out:5532 type:P dur:2 cpbdur:2 q:36.42 aq:24.46 tex:28 mv:14 misc:294 imb:1 pmb:1 smb:4318 d:s ref:0 ;
in:5533 out:5533 type:B dur:2 cpbdur:2 q:36.44 aq:32.00 tex:0 mv:0 misc:264 imb:0 pmb:0 smb:4320 d:s ref:0 ;
in:5532 out:5534 type:b dur:2 cpbdur:2 q:36.44 aq:34.00 tex:0 mv:0 misc:256 imb:0 pmb:0 smb:4320 d:s ref:0 ;
in:5534 out:5535 type:b dur:2 cpbdur:2 q:36.43 aq:34.00 tex:0 mv:0 misc:256 imb:0 pmb:0 smb:4320 d:- ref:0 ;
in:5539 out:5536 type:P dur:2 cpbdur:2 q:36.39 aq:24.00 tex:2 mv:11 misc:283 imb:1 pmb:0 smb:4319 d:s ref:0 ;
in:5537 out:5537 type:B dur:2 cpbdur:2 q:36.40 aq:32.00 tex:0 mv:0 misc:264 imb:0 pmb:0 smb:4320 d:s ref:0 ;
in:5536 out:5538 type:b dur:2 cpbdur:2 q:36.41 aq:34.00 tex:0 mv:0 misc:256 imb:0 pmb:0 smb:4320 d:- ref:0 ;
in:5538 out:5539 type:b dur:2 cpbdur:2 q:36.39 aq:34.00 tex:0 mv:0 misc:256 imb:0 pmb:0 smb:4320 d:- ref:0 ;
in:5543 out:5540 type:P dur:2 cpbdur:2 q:36.35 aq:24.00 tex:2 mv:11 misc:283 imb:1 pmb:0 smb:4319 d:- ref:0 ;
in:5541 out:5541 type:B dur:2 cpbdur:2 q:36.37 aq:32.00 tex:0 mv:0 misc:264 imb:0 pmb:0 smb:4320 d:- ref:0 ;
in:5540 out:5542 type:b dur:2 cpbdur:2 q:36.38 aq:34.00 tex:0 mv:0 misc:256 imb:0 pmb:0 smb:4320 d:- ref:0 ;
in:5542 out:5543 type:b dur:2 cpbdur:2 q:36.36 aq:34.00 tex:0 mv:0 misc:256 imb:0 pmb:0 smb:4320 d:- ref:0 ;
in:5547 out:5544 type:P dur:2 cpbdur:2 q:36.28 aq:24.00 tex:2 mv:11 misc:283 imb:1 pmb:0 smb:4319 d:- ref:0 ;
in:5545 out:5545 type:B dur:2 cpbdur:2 q:36.31 aq:32.00 tex:0 mv:0 misc:264 imb:0 pmb:0 smb:4320 d:- ref:0 ;
in:5544 out:5546 type:b dur:2 cpbdur:2 q:36.33 aq:34.00 tex:0 mv:0 misc:256 imb:0 pmb:0 smb:4320 d:- ref:0 ;
in:5546 out:5547 type:b dur:2 cpbdur:2 q:36.29 aq:34.00 tex:0 mv:0 misc:256 imb:0 pmb:0 smb:4320 d:- ref:0 ;
in:5551 out:5548 type:P dur:2 cpbdur:2 q:36.22 aq:24.39 tex:525 mv:25 misc:306 imb:1 pmb:5 smb:4314 d:s ref:0 ;
in:5549 out:5549 type:B dur:2 cpbdur:2 q:36.25 aq:32.00 tex:0 mv:3 misc:269 imb:0 pmb:1 smb:4319 d:s ref:0 ;
in:5548 out:5550 type:b dur:2 cpbdur:2 q:36.26 aq:34.00 tex:1 mv:2 misc:261 imb:0 pmb:1 smb:4319 d:- ref:0 ;
in:5550 out:5551 type:b dur:2 cpbdur:2 q:36.23 aq:34.00 tex:0 mv:0 misc:256 imb:0 pmb:0 smb:4320 d:- ref:0 ;
in:5555 out:5552 type:P dur:2 cpbdur:2 q:36.16 aq:24.00 tex:2 mv:11 misc:283 imb:1 pmb:0 smb:4319 d:- ref:0 ;
in:5553 out:5553 type:B dur:2 cpbdur:2 q:36.19 aq:32.00 tex:0 mv:0 misc:264 imb:0 pmb:0 smb:4320 d:- ref:0 ;
in:5552 out:5554 type:b dur:2 cpbdur:2 q:36.20 aq:34.00 tex:0 mv:0 misc:256 imb:0 pmb:0 smb:4320 d:- ref:0 ;
in:5554 out:5555 type:b dur:2 cpbdur:2 q:36.17 aq:34.00 tex:0 mv:0 misc:256 imb:0 pmb:0 smb:4320 d:- ref:0 ;
in:5559 out:5556 type:P dur:2 cpbdur:2 q:36.12 aq:25.91 tex:37 mv:24 misc:299 imb:2 pmb:1 smb:4317 d:- ref:0 ;
in:5557 out:5557 type:B dur:2 cpbdur:2 q:36.14 aq:32.00 tex:0 mv:0 misc:264 imb:0 pmb:0 smb:4320 d:- ref:0 ;
in:5556 out:5558 type:b dur:2 cpbdur:2 q:36.15 aq:34.00 tex:0 mv:0 misc:256 imb:0 pmb:0 smb:4320 d:- ref:0 ;
in:5558 out:5559 type:b dur:2 cpbdur:2 q:36.13 aq:34.00 tex:0 mv:0 misc:256 imb:0 pmb:0 smb:4320 d:- ref:0 ;
in:5563 out:5560 type:P dur:2 cpbdur:2 q:36.09 aq:24.00 tex:20 mv:14 misc:294 imb:1 pmb:1 smb:4318 d:- ref:0 ;
in:5561 out:5561 type:B dur:2 cpbdur:2 q:36.11 aq:32.00 tex:0 mv:0 misc:264 imb:0 pmb:0 smb:4320 d:- ref:0 ;
in:5560 out:5562 type:b dur:2 cpbdur:2 q:36.12 aq:34.00 tex:0 mv:0 misc:256 imb:0 pmb:0 smb:4320 d:- ref:0 ;
in:5562 out:5563 type:b dur:2 cpbdur:2 q:36.10 aq:34.00 tex:0 mv:0 misc:256 imb:0 pmb:0 smb:4320 d:- ref:0 ;
in:5567 out:5564 type:P dur:2 cpbdur:2 q:36.03 aq:28.10 tex:637 mv:32 misc:323 imb:1 pmb:6 smb:4313 d:- ref:0 ;
in:5565 out:5565 type:B dur:2 cpbdur:2 q:36.06 aq:32.00 tex:1 mv:9 misc:278 imb:0 pmb:3 smb:4317 d:- ref:0 ;
in:5564 out:5566 type:b dur:2 cpbdur:2 q:36.07 aq:34.00 tex:0 mv:0 misc:256 imb:0 pmb:0 smb:4320 d:- ref:0 ;
in:5566 out:5567 type:b dur:2 cpbdur:2 q:36.05 aq:34.00 tex:0 mv:0 misc:256 imb:0 pmb:0 smb:4320 d:- ref:0 ;
in:5571 out:5568 type:P dur:2 cpbdur:2 q:36.00 aq:24.19 tex:36 mv:16 misc:308 imb:1 pmb:2 smb:4317 d:- ref:0 ;
in:5569 out:5569 type:B dur:2 cpbdur:2 q:36.02 aq:32.00 tex:0 mv:0 misc:264 imb:0 pmb:0 smb:4320 d:- ref:0 ;
in:5568 out:5570 type:b dur:2 cpbdur:2 q:36.03 aq:34.00 tex:0 mv:0 misc:256 imb:0 pmb:0 smb:4320 d:- ref:0 ;
in:5570 out:5571 type:b dur:2 cpbdur:2 q:36.01 aq:34.00 tex:0 mv:0 misc:256 imb:0 pmb:0 smb:4320 d:- ref:0 ;
in:5575 out:5572 type:P dur:2 cpbdur:2 q:35.96 aq:23.00 tex:3 mv:10 misc:283 imb:1 pmb:0 smb:4319 d:- ref:0 ;
in:5573 out:5573 type:B dur:2 cpbdur:2 q:35.98 aq:32.00 tex:0 mv:0 misc:264 imb:0 pmb:0 smb:4320 d:- ref:0 ;
in:5572 out:5574 type:b dur:2 cpbdur:2 q:35.99 aq:34.00 tex:0 mv:0 misc:256 imb:0 pmb:0 smb:4320 d:- ref:0 ;
in:5574 out:5575 type:b dur:2 cpbdur:2 q:35.97 aq:34.00 tex:0 mv:0 misc:256 imb:0 pmb:0 smb:4320 d:- ref:0 ;
in:5579 out:5576 type:P dur:2 cpbdur:2 q:35.93 aq:23.00 tex:3 mv:10 misc:283 imb:1 pmb:0 smb:4319 d:- ref:0 ;
in:5577 out:5577 type:B dur:2 cpbdur:2 q:35.94 aq:32.00 tex:0 mv:0 misc:264 imb:0 pmb:0 smb:4320 d:- ref:0 ;
in:5576 out:5578 type:b dur:2 cpbdur:2 q:35.95 aq:34.00 tex:0 mv:0 misc:256 imb:0 pmb:0 smb:4320 d:- ref:0 ;
in:5578 out:5579 type:b dur:2 cpbdur:2 q:35.94 aq:34.00 tex:0 mv:0 misc:256 imb:0 pmb:0 smb:4320 d:- ref:0 ;
in:5583 out:5580 type:P dur:2 cpbdur:2 q:35.88 aq:23.29 tex:50 mv:16 misc:302 imb:1 pmb:2 smb:4317 d:- ref:0 ;
in:5581 out:5581 type:B dur:2 cpbdur:2 q:35.90 aq:32.00 tex:0 mv:0 misc:264 imb:0 pmb:0 smb:4320 d:- ref:0 ;
in:5580 out:5582 type:b dur:2 cpbdur:2 q:35.92 aq:34.00 tex:0 mv:0 misc:256 imb:0 pmb:0 smb:4320 d:- ref:0 ;
in:5582 out:5583 type:b dur:2 cpbdur:2 q:35.89 aq:34.00 tex:0 mv:0 misc:256 imb:0 pmb:0 smb:4320 d:- ref:0 ;
in:5587 out:5584 type:P dur:2 cpbdur:2 q:35.81 aq:23.00 tex:3 mv:10 misc:283 imb:1 pmb:0 smb:4319 d:- ref:0 ;
in:5585 out:5585 type:B dur:2 cpbdur:2 q:35.84 aq:32.00 tex:0 mv:0 misc:264 imb:0 pmb:0 smb:4320 d:- ref:0 ;
in:5584 out:5586 type:b dur:2 cpbdur:2 q:35.86 aq:34.00 tex:0 mv:0 misc:256 imb:0 pmb:0 smb:4320 d:- ref:0 ;
in:5586 out:5587 type:b dur:2 cpbdur:2 q:35.83 aq:34.00 tex:0 mv:0 misc:256 imb:0 pmb:0 smb:4320 d:- ref:0 ;
in:5591 out:5588 type:P dur:2 cpbdur:2 q:35.75 aq:23.58 tex:255 mv:23 misc:306 imb:1 pmb:3 smb:4316 d:- ref:0 ;
in:5589 out:5589 type:B dur:2 cpbdur:2 q:35.78 aq:32.00 tex:0 mv:3 misc:269 imb:0 pmb:1 smb:4319 d:- ref:0 ;
in:5588 out:5590 type:b dur:2 cpbdur:2 q:35.79 aq:34.00 tex:1 mv:2 misc:261 imb:0 pmb:1 smb:4319 d:- ref:0 ;
in:5590 out:5591 type:b dur:2 cpbdur:2 q:35.76 aq:34.00 tex:0 mv:0 misc:256 imb:0 pmb:0 smb:4320 d:- ref:0 ;
in:5595 out:5592 type:P dur:2 cpbdur:2 q:35.69 aq:23.00 tex:3 mv:10 misc:283 imb:1 pmb:0 smb:4319 d:- ref:0 ;
in:5593 out:5593 type:B dur:2 cpbdur:2 q:35.72 aq:32.00 tex:0 mv:0 misc:264 imb:0 pmb:0 smb:4320 d:- ref:0 ;
in:5592 out:5594 type:b dur:2 cpbdur:2 q:35.73 aq:34.00 tex:0 mv:0 misc:256 imb:0 pmb:0 smb:4320 d:- ref:0 ;
in:5594 out:5595 type:b dur:2 cpbdur:2 q:35.70 aq:34.00 tex:0 mv:0 misc:256 imb:0 pmb:0 smb:4320 d:- ref:0 ;
in:5599 out:5596 type:P dur:2 cpbdur:2 q:35.65 aq:23.00 tex:3 mv:10 misc:283 imb:1 pmb:0 smb:4319 d:- ref:0 ;
in:5597 out:5597 type:B dur:2 cpbdur:2 q:35.67 aq:32.00 tex:0 mv:0 misc:264 imb:0 pmb:0 smb:4320 d:- ref:0 ;
in:5596 out:5598 type:b dur:2 cpbdur:2 q:35.68 aq:34.00 tex:0 mv:0 misc:256 imb:0 pmb:0 smb:4320 d:- ref:0 ;
in:5598 out:5599 type:b dur:2 cpbdur:2 q:35.66 aq:33.00 tex:0 mv:0 misc:248 imb:0 pmb:0 smb:4320 d:- ref:0 ;
in:5603 out:5600 type:P dur:2 cpbdur:2 q:35.61 aq:23.00 tex:3 mv:10 misc:283 imb:1 pmb:0 smb:4319 d:- ref:0 ;
in:5601 out:5601 type:B dur:2 cpbdur:2 q:35.63 aq:32.00 tex:0 mv:0 misc:264 imb:0 pmb:0 smb:4320 d:- ref:0 ;
in:5600 out:5602 type:b dur:2 cpbdur:2 q:35.64 aq:33.00 tex:0 mv:0 misc:248 imb:0 pmb:0 smb:4320 d:- ref:0 ;
in:5602 out:5603 type:b dur:2 cpbdur:2 q:35.62 aq:33.00 tex:0 mv:0 misc:248 imb:0 pmb:0 smb:4320 d:- ref:0 ;
in:5607 out:5604 type:P dur:2 cpbdur:2 q:35.56 aq:23.56 tex:567 mv:24 misc:313 imb:1 pmb:4 smb:4315 d:- ref:0 ;
in:5605 out:5605 type:B dur:2 cpbdur:2 q:35.58 aq:31.00 tex:0 mv:3 misc:269 imb:0 pmb:1 smb:4319 d:- ref:0 ;
in:5604 out:5606 type:b dur:2 cpbdur:2 q:35.60 aq:33.00 tex:0 mv:3 misc:253 imb:0 pmb:1 smb:4319 d:- ref:0 ;
in:5606 out:5607 type:b dur:2 cpbdur:2 q:35.57 aq:33.00 tex:0 mv:0 misc:248 imb:0 pmb:0 smb:4320 d:- ref:0 ;
in:5611 out:5608 type:P dur:2 cpbdur:2 q:35.53 aq:23.46 tex:30 mv:13 misc:293 imb:1 pmb:1 smb:4318 d:- ref:0 ;
in:5609 out:5609 type:B dur:2 cpbdur:2 q:35.54 aq:31.00 tex:0 mv:0 misc:264 imb:0 pmb:0 smb:4320 d:- ref:0 ;
in:5608 out:5610 type:b dur:2 cpbdur:2 q:35.55 aq:33.00 tex:0 mv:0 misc:248 imb:0 pmb:0 smb:4320 d:- ref:0 ;
in:5610 out:5611 type:b dur:2 cpbdur:2 q:35.53 aq:33.00 tex:0 mv:0 misc:248 imb:0 pmb:0 smb:4320 d:- ref:0 ;
in:5615 out:5612 type:P dur:2 cpbdur:2 q:35.48 aq:23.00 tex:3 mv:10 misc:283 imb:1 pmb:0 smb:4319 d:- ref:0 ;
in:5613 out:5613 type:B dur:2 cpbdur:2 q:35.50 aq:31.00 tex:0 mv:0 misc:264 imb:0 pmb:0 smb:4320 d:- ref:0 ;
in:5612 out:5614 type:b dur:2 cpbdur:2 q:35.52 aq:33.00 tex:0 mv:0 misc:248 imb:0 pmb:0 smb:4320 d:- ref:0 ;
in:5614 out:5615 type:b dur:2 cpbdur:2 q:35.49 aq:33.00 tex:0 mv:0 misc:248 imb:0 pmb:0 smb:4320 d:- ref:0 ;
in:5619 out:5616 type:P dur:2 cpbdur:2 q:35.45 aq:23.00 tex:3 mv:10 misc:283 imb:1 pmb:0 smb:4319 d:- ref:0 ;
in:5617 out:5617 type:B dur:2 cpbdur:2 q:35.47 aq:31.00 tex:0 mv:0 misc:264 imb:0 pmb:0 smb:4320 d:- ref:0 ;
in:5616 out:5618 type:b dur:2 cpbdur:2 q:35.48 aq:33.00 tex:0 mv:0 misc:248 imb:0 pmb:0 smb:4320 d:- ref:0 ;
in:5618 out:5619 type:b dur:2 cpbdur:2 q:35.46 aq:33.00 tex:0 mv:0 misc:248 imb:0 pmb:0 smb:4320 d:- ref:0 ;
in:5623 out:5620 type:P dur:2 cpbdur:2 q:35.40 aq:23.00 tex:3 mv:10 misc:283 imb:1 pmb:0 smb:4319 d:- ref:0 ;
in:5621 out:5621 type:B dur:2 cpbdur:2 q:35.43 aq:31.00 tex:0 mv:0 misc:264 imb:0 pmb:0 smb:4320 d:- ref:0 ;
in:5620 out:5622 type:b dur:2 cpbdur:2 q:35.44 aq:33.00 tex:0 mv:0 misc:248 imb:0 pmb:0 smb:4320 d:- ref:0 ;
in:5622 out:5623 type:b dur:2 cpbdur:2 q:35.41 aq:33.00 tex:0 mv:0 misc:248 imb:0 pmb:0 smb:4320 d:- ref:0 ;
in:5627 out:5624 type:P dur:2 cpbdur:2 q:35.32 aq:25.77 tex:613 mv:48 misc:347 imb:2 pmb:8 smb:4310 d:- ref:0 ;
in:5625 out:5625 type:B dur:2 cpbdur:2 q:35.36 aq:31.00 tex:1 mv:5 misc:274 imb:0 pmb:2 smb:4318 d:- ref:0 ;
in:5624 out:5626 type:b dur:2 cpbdur:2 q:35.38 aq:33.00 tex:1 mv:5 misc:258 imb:0 pmb:2 smb:4318 d:s ref:0 ;
in:5626 out:5627 type:b dur:2 cpbdur:2 q:35.34 aq:33.00 tex:0 mv:0 misc:248 imb:0 pmb:0 smb:4320 d:- ref:0 ;
in:5631 out:5628 type:P dur:2 cpbdur:2 q:35.26 aq:23.46 tex:56 mv:16 misc:304 imb:1 pmb:2 smb:4317 d:- ref:0 ;
in:5629 out:5629 type:B dur:2 cpbdur:2 q:35.29 aq:31.00 tex:0 mv:0 misc:264 imb:0 pmb:0 smb:4320 d:- ref:0 ;
in:5628 out:5630 type:b dur:2 cpbdur:2 q:35.31 aq:33.00 tex:0 mv:0 misc:248 imb:0 pmb:0 smb:4320 d:- ref:0 ;
in:5630 out:5631 type:b dur:2 cpbdur:2 q:35.28 aq:33.00 tex:0 mv:0 misc:248 imb:0 pmb:0 smb:4320 d:- ref:0 ;
in:5635 out:5632 type:P dur:2 cpbdur:2 q:35.20 aq:26.51 tex:84 mv:21 misc:319 imb:1 pmb:3 smb:4316 d:s ref:0 ;
in:5633 out:5633 type:B dur:2 cpbdur:2 q:35.23 aq:31.00 tex:0 mv:0 misc:264 imb:0 pmb:0 smb:4320 d:- ref:0 ;
in:5632 out:5634 type:b dur:2 cpbdur:2 q:35.25 aq:33.00 tex:0 mv:0 misc:248 imb:0 pmb:0 smb:4320 d:- ref:0 ;
in:5634 out:5635 type:b dur:2 cpbdur:2 q:35.21 aq:33.00 tex:0 mv:0 misc:248 imb:0 pmb:0 smb:4320 d:- ref:0 ;
in:5639 out:5636 type:P dur:2 cpbdur:2 q:35.16 aq:23.00 tex:3 mv:10 misc:283 imb:1 pmb:0 smb:4319 d:- ref:0 ;
in:5637 out:5637 type:B dur:2 cpbdur:2 q:35.18 aq:31.00 tex:0 mv:0 misc:264 imb:0 pmb:0 smb:4320 d:- ref:0 ;
in:5636 out:5638 type:b dur:2 cpbdur:2 q:35.19 aq:33.00 tex:0 mv:0 misc:248 imb:0 pmb:0 smb:4320 d:- ref:0 ;
in:5638 out:5639 type:b dur:2 cpbdur:2 q:35.17 aq:33.00 tex:0 mv:0 misc:248 imb:0 pmb:0 smb:4320 d:- ref:0 ;
in:5643 out:5640 type:P dur:2 cpbdur:2 q:35.12 aq:23.93 tex:475 mv:35 misc:338 imb:1 pmb:8 smb:4311 d:- ref:0 ;
in:5641 out:5641 type:B dur:2 cpbdur:2 q:35.14 aq:31.00 tex:0 mv:7 misc:273 imb:0 pmb:2 smb:4318 d:- ref:0 ;
in:5640 out:5642 type:b dur:2 cpbdur:2 q:35.15 aq:33.00 tex:0 mv:0 misc:248 imb:0 pmb:0 smb:4320 d:- ref:0 ;
in:5642 out:5643 type:b dur:2 cpbdur:2 q:35.13 aq:33.00 tex:0 mv:3 misc:253 imb:0 pmb:1 smb:4319 d:- ref:0 ;
in:5647 out:5644 type:P dur:2 cpbdur:2 q:35.06 aq:23.00 tex:4 mv:15 misc:293 imb:1 pmb:1 smb:4318 d:s ref:0 ;
in:5645 out:5645 type:B dur:2 cpbdur:2 q:35.09 aq:31.00 tex:0 mv:0 misc:264 imb:0 pmb:0 smb:4320 d:s ref:0 ;
in:5644 out:5646 type:b dur:2 cpbdur:2 q:35.11 aq:33.00 tex:0 mv:0 misc:248 imb:0 pmb:0 smb:4320 d:s ref:0 ;
in:5646 out:5647 type:b dur:2 cpbdur:2 q:35.08 aq:33.00 tex:0 mv:0 misc:248 imb:0 pmb:0 smb:4320 d:- ref:0 ;
in:5651 out:5648 type:P dur:2 cpbdur:2 q:35.03 aq:22.29 tex:88 mv:25 misc:319 imb:1 pmb:3 smb:4316 d:s ref:0 ;
in:5649 out:5649 type:B dur:2 cpbdur:2 q:35.05 aq:31.00 tex:0 mv:0 misc:264 imb:0 pmb:0 smb:4320 d:s ref:0 ;
in:5648 out:5650 type:b dur:2 cpbdur:2 q:35.06 aq:33.00 tex:0 mv:0 misc:248 imb:0 pmb:0 smb:4320 d:- ref:0 ;
in:5650 out:5651 type:b dur:2 cpbdur:2 q:35.04 aq:33.00 tex:0 mv:0 misc:248 imb:0 pmb:0 smb:4320 d:- ref:0 ;
in:5655 out:5652 type:P dur:2 cpbdur:2 q:34.99 aq:22.00 tex:26 mv:14 misc:296 imb:1 pmb:1 smb:4318 d:- ref:0 ;
in:5653 out:5653 type:B dur:2 cpbdur:2 q:35.01 aq:31.00 tex:0 mv:0 misc:264 imb:0 pmb:0 smb:4320 d:- ref:0 ;
in:5652 out:5654 type:b dur:2 cpbdur:2 q:35.02 aq:33.00 tex:0 mv:0 misc:248 imb:0 pmb:0 smb:4320 d:- ref:0 ;
in:5654 out:5655 type:b dur:2 cpbdur:2 q:35.00 aq:33.00 tex:0 mv:0 misc:248 imb:0 pmb:0 smb:4320 d:- ref:0 ;
in:5659 out:5656 type:P dur:2 cpbdur:2 q:34.96 aq:22.00 tex:2 mv:11 misc:291 imb:1 pmb:0 smb:4319 d:- ref:0 ;
in:5657 out:5657 type:B dur:2 cpbdur:2 q:34.97 aq:31.00 tex:0 mv:0 misc:264 imb:0 pmb:0 smb:4320 d:- ref:0 ;
in:5656 out:5658 type:b dur:2 cpbdur:2 q:34.98 aq:33.00 tex:0 mv:0 misc:248 imb:0 pmb:0 smb:4320 d:- ref:0 ;
in:5658 out:5659 type:b dur:2 cpbdur:2 q:34.96 aq:33.00 tex:0 mv:0 misc:248 imb:0 pmb:0 smb:4320 d:- ref:0 ;
in:5663 out:5660 type:P dur:2 cpbdur:2 q:34.91 aq:22.56 tex:676 mv:35 misc:321 imb:1 pmb:5 smb:4314 d:- ref:0 ;
in:5661 out:5661 type:B dur:2 cpbdur:2 q:34.93 aq:31.00 tex:0 mv:3 misc:269 imb:0 pmb:1 smb:4319 d:- ref:0 ;
in:5660 out:5662 type:b dur:2 cpbdur:2 q:34.94 aq:33.00 tex:0 mv:0 misc:248 imb:0 pmb:0 smb:4320 d:- ref:0 ;
in:5662 out:5663 type:b dur:2 cpbdur:2 q:34.92 aq:33.00 tex:1 mv:2 misc:253 imb:0 pmb:1 smb:4319 d:- ref:0 ;
in:5667 out:5664 type:P dur:2 cpbdur:2 q:34.82 aq:22.00 tex:2 mv:11 misc:291 imb:1 pmb:0 smb:4319 d:- ref:0 ;
in:5665 out:5665 type:B dur:2 cpbdur:2 q:34.87 aq:31.00 tex:0 mv:0 misc:264 imb:0 pmb:0 smb:4320 d:- ref:0 ;
in:5664 out:5666 type:b dur:2 cpbdur:2 q:34.89 aq:33.00 tex:0 mv:0 misc:248 imb:0 pmb:0 smb:4320 d:- ref:0 ;
in:5666 out:5667 type:b dur:2 cpbdur:2 q:34.84 aq:33.00 tex:0 mv:0 misc:248 imb:0 pmb:0 smb:4320 d:- ref:0 ;
in:5671 out:5668 type:P dur:2 cpbdur:2 q:34.76 aq:22.00 tex:2 mv:11 misc:291 imb:1 pmb:0 smb:4319 d:- ref:0 ;
in:5669 out:5669 type:B dur:2 cpbdur:2 q:34.79 aq:31.00 tex:0 mv:0 misc:264 imb:0 pmb:0 smb:4320 d:- ref:0 ;
in:5668 out:5670 type:b dur:2 cpbdur:2 q:34.81 aq:33.00 tex:0 mv:0 misc:248 imb:0 pmb:0 smb:4320 d:- ref:0 ;
in:5670 out:5671 type:b dur:2 cpbdur:2 q:34.77 aq:33.00 tex:0 mv:0 misc:248 imb:0 pmb:0 smb:4320 d:- ref:0 ;
in:5675 out:5672 type:P dur:2 cpbdur:2 q:34.69 aq:22.00 tex:2 mv:11 misc:291 imb:1 pmb:0 smb:4319 d:- ref:0 ;
in:5673 out:5673 type:B dur:2 cpbdur:2 q:34.72 aq:31.00 tex:0 mv:0 misc:264 imb:0 pmb:0 smb:4320 d:- ref:0 ;
in:5672 out:5674 type:b dur:2 cpbdur:2 q:34.74 aq:33.00 tex:0 mv:0 misc:248 imb:0 pmb:0 smb:4320 d:- ref:0 ;
in:5674 out:5675 type:b dur:2 cpbdur:2 q:34.71 aq:33.00 tex:0 mv:0 misc:248 imb:0 pmb:0 smb:4320 d:- ref:0 ;
in:5679 out:5676 type:P dur:2 cpbdur:2 q:34.65 aq:22.00 tex:2 mv:11 misc:291 imb:1 pmb:0 smb:4319 d:- ref:0 ;
in:5677 out:5677 type:B dur:2 cpbdur:2 q:34.67 aq:31.00 tex:0 mv:0 misc:264 imb:0 pmb:0 smb:4320 d:- ref:0 ;
in:5676 out:5678 type:b dur:2 cpbdur:2 q:34.68 aq:33.00 tex:0 mv:0 misc:248 imb:0 pmb:0 smb:4320 d:- ref:0 ;
in:5678 out:5679 type:b dur:2 cpbdur:2 q:34.66 aq:32.00 tex:0 mv:0 misc:248 imb:0 pmb:0 smb:4320 d:- ref:0 ;
in:5683 out:5680 type:P dur:2 cpbdur:2 q:34.61 aq:22.53 tex:603 mv:35 misc:314 imb:1 pmb:5 smb:4314 d:- ref:0 ;
in:5681 out:5681 type:B dur:2 cpbdur:2 q:34.63 aq:31.00 tex:1 mv:10 misc:285 imb:0 pmb:4 smb:4316 d:- ref:0 ;
in:5680 out:5682 type:b dur:2 cpbdur:2 q:34.64 aq:32.00 tex:0 mv:13 misc:267 imb:0 pmb:4 smb:4316 d:s ref:0 ;
in:5682 out:5683 type:b dur:2 cpbdur:2 q:34.62 aq:32.00 tex:0 mv:0 misc:248 imb:0 pmb:0 smb:4320 d:- ref:0 ;
in:5687 out:5684 type:P dur:2 cpbdur:2 q:34.55 aq:21.89 tex:19 mv:15 misc:294 imb:1 pmb:1 smb:4318 d:- ref:0 ;
in:5685 out:5685 type:B dur:2 cpbdur:2 q:34.58 aq:30.00 tex:0 mv:0 misc:264 imb:0 pmb:0 smb:4320 d:- ref:0 ;
in:5684 out:5686 type:b dur:2 cpbdur:2 q:34.60 aq:32.00 tex:0 mv:0 misc:248 imb:0 pmb:0 smb:4320 d:s ref:0 ;
in:5686 out:5687 type:b dur:2 cpbdur:2 q:34.57 aq:32.00 tex:0 mv:0 misc:248 imb:0 pmb:0 smb:4320 d:- ref:0 ;
in:5691 out:5688 type:P dur:2 cpbdur:2 q:34.52 aq:21.70 tex:52 mv:24 misc:308 imb:2 pmb:1 smb:4317 d:- ref:0 ;
in:5689 out:5689 type:B dur:2 cpbdur:2 q:34.54 aq:30.00 tex:0 mv:0 misc:264 imb:0 pmb:0 smb:4320 d:- ref:0 ;
in:5688 out:5690 type:b dur:2 cpbdur:2 q:34.54 aq:32.00 tex:0 mv:0 misc:248 imb:0 pmb:0 smb:4320 d:- ref:0 ;
in:5690 out:5691 type:b dur:2 cpbdur:2 q:34.53 aq:32.00 tex:0 mv:0 misc:248 imb:0 pmb:0 smb:4320 d:- ref:0 ;
in:5695 out:5692 type:P dur:2 cpbdur:2 q:34.48 aq:21.55 tex:66 mv:15 misc:295 imb:1 pmb:1 smb:4318 d:- ref:0 ;
in:5693 out:5693 type:B dur:2 cpbdur:2 q:34.50 aq:30.00 tex:0 mv:0 misc:264 imb:0 pmb:0 smb:4320 d:- ref:0 ;
in:5692 out:5694 type:b dur:2 cpbdur:2 q:34.51 aq:32.00 tex:0 mv:0 misc:248 imb:0 pmb:0 smb:4320 d:- ref:0 ;
in:5694 out:5695 type:b dur:2 cpbdur:2 q:34.49 aq:32.00 tex:0 mv:0 misc:248 imb:0 pmb:0 smb:4320 d:- ref:0 ;
in:5699 out:5696 type:P dur:2 cpbdur:2 q:34.44 aq:22.00 tex:2 mv:11 misc:291 imb:1 pmb:0 smb:4319 d:- ref:0 ;
in:5697 out:5697 type:B dur:2 cpbdur:2 q:34.46 aq:30.00 tex:0 mv:0 misc:264 imb:0 pmb:0 smb:4320 d:- ref:0 ;
in:5696 out:5698 type:b dur:2 cpbdur:2 q:34.47 aq:32.00 tex:0 mv:0 misc:248 imb:0 pmb:0 smb:4320 d:- ref:0 ;
in:5698 out:5699 type:b dur:2 cpbdur:2 q:34.45 aq:32.00 tex:0 mv:0 misc:248 imb:0 pmb:0 smb:4320 d:- ref:0 ;
in:5703 out:5700 type:P dur:2 cpbdur:2 q:34.39 aq:24.22 tex:604 mv:51 misc:337 imb:2 pmb:8 smb:4310 d:s ref:0 ;
in:5701 out:5701 type:B dur:2 cpbdur:2 q:34.42 aq:30.00 tex:0 mv:6 misc:282 imb:0 pmb:2 smb:4318 d:s ref:0 ;
in:5700 out:5702 type:b dur:2 cpbdur:2 q:34.43 aq:32.00 tex:1 mv:5 misc:258 imb:0 pmb:2 smb:4318 d:s ref:0 ;
in:5702 out:5703 type:b dur:2 cpbdur:2 q:34.41 aq:32.00 tex:0 mv:0 misc:248 imb:0 pmb:0 smb:4320 d:- ref:0 ;
in:5707 out:5704 type:P dur:2 cpbdur:2 q:34.31 aq:23.48 tex:45 mv:21 misc:310 imb:1 pmb:2 smb:4317 d:s ref:0 ;
in:5705 out:5705 type:B dur:2 cpbdur:2 q:34.35 aq:30.00 tex:0 mv:0 misc:264 imb:0 pmb:0 smb:4320 d:s ref:0 ;
in:5704 out:5706 type:b dur:2 cpbdur:2 q:34.37 aq:32.00 tex:0 mv:0 misc:248 imb:0 pmb:0 smb:4320 d:s ref:0 ;
in:5706 out:5707 type:b dur:2 cpbdur:2 q:34.33 aq:32.00 tex:0 mv:0 misc:248 imb:0 pmb:0 smb:4320 d:- ref:0 ;
in:5711 out:5708 type:P dur:2 cpbdur:2 q:34.23 aq:22.00 tex:58 mv:17 misc:309 imb:1 pmb:2 smb:4317 d:s ref:0 ;
in:5709 out:5709 type:B dur:2 cpbdur:2 q:34.27 aq:30.00 tex:0 mv:0 misc:264 imb:0 pmb:0 smb:4320 d:s ref:0 ;
in:5708 out:5710 type:b dur:2 cpbdur:2 q:34.29 aq:32.00 tex:0 mv:0 misc:248 imb:0 pmb:0 smb:4320 d:s ref:0 ;
in:5710 out:5711 type:b dur:2 cpbdur:2 q:34.25 aq:32.00 tex:0 mv:0 misc:248 imb:0 pmb:0 smb:4320 d:- ref:0 ;
in:5715 out:5712 type:P dur:2 cpbdur:2 q:34.16 aq:22.00 tex:31 mv:22 misc:307 imb:1 pmb:2 smb:4317 d:s ref:0 ;
in:5713 out:5713 type:B dur:2 cpbdur:2 q:34.20 aq:30.00 tex:0 mv:0 misc:264 imb:0 pmb:0 smb:4320 d:s ref:0 ;
in:5712 out:5714 type:b dur:2 cpbdur:2 q:34.22 aq:32.00 tex:0 mv:0 misc:248 imb:0 pmb:0 smb:4320 d:- ref:0 ;
in:5714 out:5715 type:b dur:2 cpbdur:2 q:34.18 aq:32.00 tex:0 mv:0 misc:248 imb:0 pmb:0 smb:4320 d:- ref:0 ;
in:5719 out:5716 type:P dur:2 cpbdur:2 q:34.13 aq:26.33 tex:828 mv:95 misc:357 imb:6 pmb:8 smb:4306 d:- ref:0 ;
in:5717 out:5717 type:B dur:2 cpbdur:2 q:34.14 aq:30.00 tex:0 mv:10 misc:278 imb:0 pmb:3 smb:4317 d:t ref:0 ;
in:5716 out:5718 type:b dur:2 cpbdur:2 q:34.15 aq:32.00 tex:0 mv:0 misc:248 imb:0 pmb:0 smb:4320 d:- ref:0 ;
in:5718 out:5719 type:b dur:2 cpbdur:2 q:34.14 aq:32.00 tex:2 mv:8 misc:254 imb:0 pmb:3 smb:4317 d:- ref:0 ;
in:5723 out:5720 type:P dur:2 cpbdur:2 q:34.09 aq:25.36 tex:97 mv:45 misc:346 imb:3 pmb:5 smb:4312 d:s ref:0 ;
in:5721 out:5721 type:B dur:2 cpbdur:2 q:34.11 aq:30.00 tex:0 mv:0 misc:264 imb:0 pmb:0 smb:4320 d:s ref:0 ;
in:5720 out:5722 type:b dur:2 cpbdur:2 q:34.12 aq:32.00 tex:0 mv:0 misc:248 imb:0 pmb:0 smb:4320 d:t ref:0 ;
in:5722 out:5723 type:b dur:2 cpbdur:2 q:34.10 aq:32.00 tex:0 mv:0 misc:248 imb:0 pmb:0 smb:4320 d:- ref:0 ;
in:5727 out:5724 type:P dur:2 cpbdur:2 q:34.02 aq:23.08 tex:133 mv:51 misc:344 imb:3 pmb:6 smb:4311 d:s ref:0 ;
in:5725 out:5725 type:B dur:2 cpbdur:2 q:34.05 aq:30.00 tex:0 mv:0 misc:264 imb:0 pmb:0 smb:4320 d:s ref:0 ;
in:5724 out:5726 type:b dur:2 cpbdur:2 q:34.07 aq:32.00 tex:0 mv:0 misc:248 imb:0 pmb:0 smb:4320 d:s ref:0 ;
in:5726 out:5727 type:b dur:2 cpbdur:2 q:34.04 aq:32.00 tex:0 mv:0 misc:248 imb:0 pmb:0 smb:4320 d:- ref:0 ;
in:5731 out:5728 type:P dur:2 cpbdur:2 q:33.99 aq:21.00 tex:5 mv:20 misc:295 imb:2 pmb:0 smb:4318 d:- ref:0 ;
in:5729 out:5729 type:B dur:2 cpbdur:2 q:34.01 aq:30.00 tex:0 mv:0 misc:264 imb:0 pmb:0 smb:4320 d:- ref:0 ;
in:5728 out:5730 type:b dur:2 cpbdur:2 q:34.01 aq:32.00 tex:0 mv:0 misc:248 imb:0 pmb:0 smb:4320 d:- ref:0 ;
in:5730 out:5731 type:b dur:2 cpbdur:2 q:34.00 aq:32.00 tex:0 mv:0 misc:248 imb:0 pmb:0 smb:4320 d:- ref:0 ;
in:5735 out:5732 type:P dur:2 cpbdur:2 q:33.95 aq:21.00 tex:2 mv:11 misc:291 imb:1 pmb:0 smb:4319 d:- ref:0 ;
in:5733 out:5733 type:B dur:2 cpbdur:2 q:33.97 aq:30.00 tex:0 mv:0 misc:264 imb:0 pmb:0 smb:4320 d:- ref:0 ;
in:5732 out:5734 type:b dur:2 cpbdur:2 q:33.98 aq:32.00 tex:0 mv:0 misc:248 imb:0 pmb:0 smb:4320 d:t ref:0 ;
in:5734 out:5735 type:b dur:2 cpbdur:2 q:33.96 aq:32.00 tex:0 mv:0 misc:248 imb:0 pmb:0 smb:4320 d:- ref:0 ;
in:5739 out:5736 type:P dur:2 cpbdur:2 q:33.91 aq:22.45 tex:521 mv:58 misc:365 imb:1 pmb:11 smb:4308 d:t ref:0 ;
in:5737 out:5737 type:B dur:2 cpbdur:2 q:33.93 aq:30.00 tex:1 mv:10 misc:277 imb:0 pmb:3 smb:4317 d:t ref:0 ;
in:5736 out:5738 type:b dur:2 cpbdur:2 q:33.94 aq:32.00 tex:0 mv:0 misc:248 imb:0 pmb:0 smb:4320 d:t ref:0 ;
in:5738 out:5739 type:b dur:2 cpbdur:2 q:33.92 aq:32.00 tex:1 mv:5 misc:258 imb:0 pmb:2 smb:4318 d:- ref:0 ;
in:5743 out:5740 type:P dur:2 cpbdur:2 q:33.86 aq:21.00 tex:2 mv:11 misc:291 imb:1 pmb:0 smb:4319 d:- ref:0 ;
in:5741 out:5741 type:B dur:2 cpbdur:2 q:33.89 aq:30.00 tex:0 mv:0 misc:264 imb:0 pmb:0 smb:4320 d:t ref:0 ;
in:5740 out:5742 type:b dur:2 cpbdur:2 q:33.90 aq:32.00 tex:0 mv:0 misc:248 imb:0 pmb:0 smb:4320 d:- ref:0 ;
in:5742 out:5743 type:b dur:2 cpbdur:2 q:33.87 aq:32.00 tex:0 mv:0 misc:248 imb:0 pmb:0 smb:4320 d:- ref:0 ;
in:5747 out:5744 type:P dur:2 cpbdur:2 q:33.76 aq:21.00 tex:2 mv:11 misc:291 imb:1 pmb:0 smb:4319 d:- ref:0 ;
in:5745 out:5745 type:B dur:2 cpbdur:2 q:33.81 aq:30.00 tex:0 mv:0 misc:264 imb:0 pmb:0 smb:4320 d:- ref:0 ;
in:5744 out:5746 type:b dur:2 cpbdur:2 q:33.84 aq:32.00 tex:0 mv:0 misc:248 imb:0 pmb:0 smb:4320 d:- ref:0 ;
in:5746 out:5747 type:b dur:2 cpbdur:2 q:33.79 aq:32.00 tex:0 mv:0 misc:248 imb:0 pmb:0 smb:4320 d:- ref:0 ;
in:5751 out:5748 type:P dur:2 cpbdur:2 q:33.69 aq:21.01 tex:34 mv:17 misc:293 imb:1 pmb:1 smb:4318 d:- ref:0 ;
in:5749 out:5749 type:B dur:2 cpbdur:2 q:33.73 aq:30.00 tex:0 mv:0 misc:264 imb:0 pmb:0 smb:4320 d:- ref:0 ;
in:5748 out:5750 type:b dur:2 cpbdur:2 q:33.74 aq:32.00 tex:0 mv:0 misc:248 imb:0 pmb:0 smb:4320 d:- ref:0 ;
in:5750 out:5751 type:b dur:2 cpbdur:2 q:33.71 aq:32.00 tex:0 mv:0 misc:248 imb:0 pmb:0 smb:4320 d:- ref:0 ;
in:5755 out:5752 type:P dur:2 cpbdur:2 q:33.61 aq:22.30 tex:397 mv:51 misc:400 imb:1 pmb:14 smb:4305 d:- ref:0 ;
in:5753 out:5753 type:B dur:2 cpbdur:2 q:33.65 aq:30.00 tex:0 mv:0 misc:264 imb:0 pmb:0 smb:4320 d:- ref:0 ;
in:5752 out:5754 type:b dur:2 cpbdur:2 q:33.67 aq:31.00 tex:0 mv:0 misc:248 imb:0 pmb:0 smb:4320 d:- ref:0 ;
in:5754 out:5755 type:b dur:2 cpbdur:2 q:33.63 aq:31.00 tex:0 mv:0 misc:248 imb:0 pmb:0 smb:4320 d:- ref:0 ;
in:5759 out:5756 type:P dur:2 cpbdur:2 q:33.57 aq:21.49 tex:345 mv:42 misc:317 imb:1 pmb:5 smb:4314 d:- ref:0 ;
in:5757 out:5757 type:B dur:2 cpbdur:2 q:33.59 aq:29.00 tex:2 mv:8 misc:278 imb:0 pmb:3 smb:4317 d:- ref:0 ;
in:5756 out:5758 type:b dur:2 cpbdur:2 q:33.60 aq:31.00 tex:1 mv:10 misc:261 imb:0 pmb:3 smb:4317 d:- ref:0 ;
in:5758 out:5759 type:b dur:2 cpbdur:2 q:33.58 aq:31.00 tex:0 mv:0 misc:248 imb:0 pmb:0 smb:4320 d:- ref:0 ;
in:5763 out:5760 type:P dur:2 cpbdur:2 q:33.54 aq:21.00 tex:2 mv:11 misc:291 imb:1 pmb:0 smb:4319 d:- ref:0 ;
in:5761 out:5761 type:B dur:2 cpbdur:2 q:33.56 aq:29.00 tex:0 mv:0 misc:264 imb:0 pmb:0 smb:4320 d:- ref:0 ;
in:5760 out:5762 type:b dur:2 cpbdur:2 q:33.57 aq:31.00 tex:0 mv:0 misc:248 imb:0 pmb:0 smb:4320 d:- ref:0 ;
in:5762 out:5763 type:b dur:2 cpbdur:2 q:33.55 aq:31.00 tex:0 mv:0 misc:248 imb:0 pmb:0 smb:4320 d:- ref:0 ;
in:5767 out:5764 type:P dur:2 cpbdur:2 q:33.47 aq:20.72 tex:38 mv:34 misc:312 imb:3 pmb:1 smb:4316 d:- ref:0 ;
in:5765 out:5765 type:B dur:2 cpbdur:2 q:33.50 aq:29.00 tex:0 mv:0 misc:264 imb:0 pmb:0 smb:4320 d:- ref:0 ;
in:5764 out:5766 type:b dur:2 cpbdur:2 q:33.52 aq:31.00 tex:0 mv:0 misc:248 imb:0 pmb:0 smb:4320 d:- ref:0 ;
in:5766 out:5767 type:b dur:2 cpbdur:2 q:33.48 aq:31.00 tex:0 mv:0 misc:248 imb:0 pmb:0 smb:4320 d:- ref:0 ;
in:5771 out:5768 type:P dur:2 cpbdur:2 q:33.44 aq:21.00 tex:2 mv:11 misc:291 imb:1 pmb:0 smb:4319 d:- ref:0 ;
in:5769 out:5769 type:B dur:2 cpbdur:2 q:33.45 aq:29.00 tex:0 mv:0 misc:264 imb:0 pmb:0 smb:4320 d:- ref:0 ;
in:5768 out:5770 type:b dur:2 cpbdur:2 q:33.46 aq:31.00 tex:0 mv:0 misc:248 imb:0 pmb:0 smb:4320 d:- ref:0 ;
in:5770 out:5771 type:b dur:2 cpbdur:2 q:33.44 aq:31.00 tex:0 mv:0 misc:248 imb:0 pmb:0 smb:4320 d:- ref:0 ;
in:5772 out:5772 type:P dur:2 cpbdur:2 q:33.39 aq:31.00 tex:0 mv:0 misc:264 imb:0 pmb:0 smb:4320 d:- ref:0 ;
in:5773 out:5773 type:I dur:2 cpbdur:2 q:30.76 aq:16.58 tex:374748 mv:47721 misc:547 imb:4320 pmb:0 smb:0 d:- ref:;
in:5777 out:5774 type:P dur:2 cpbdur:2 q:34.05 aq:25.54 tex:406 mv:87 misc:347 imb:5 pmb:10 smb:4305 d:- ref:0 ;
in:5775 out:5775 type:B dur:2 cpbdur:2 q:34.05 aq:30.00 tex:0 mv:7 misc:265 imb:0 pmb:2 smb:4318 d:- ref:0 ;
in:5774 out:5776 type:b dur:2 cpbdur:2 q:34.05 aq:32.00 tex:0 mv:0 misc:248 imb:0 pmb:0 smb:4320 d:- ref:0 ;
in:5776 out:5777 type:b dur:2 cpbdur:2 q:34.05 aq:32.00 tex:1 mv:5 misc:258 imb:0 pmb:2 smb:4318 d:- ref:0 ;
in:5781 out:5778 type:P dur:2 cpbdur:2 q:34.00 aq:21.29 tex:63 mv:39 misc:314 imb:4 pmb:1 smb:4315 d:- ref:0 ;
in:5779 out:5779 type:B dur:2 cpbdur:2 q:34.02 aq:30.00 tex:0 mv:0 misc:264 imb:0 pmb:0 smb:4320 d:- ref:0 ;
in:5778 out:5780 type:b dur:2 cpbdur:2 q:34.04 aq:32.00 tex:0 mv:0 misc:248 imb:0 pmb:0 smb:4320 d:- ref:0 ;
in:5780 out:5781 type:b dur:2 cpbdur:2 q:34.01 aq:32.00 tex:0 mv:0 misc:248 imb:0 pmb:0 smb:4320 d:- ref:0 ;
in:5785 out:5782 type:P dur:2 cpbdur:2 q:33.96 aq:21.00 tex:0 mv:0 misc:272 imb:0 pmb:0 smb:4320 d:- ref:0 ;
in:5783 out:5783 type:B dur:2 cpbdur:2 q:33.98 aq:30.00 tex:0 mv:0 misc:264 imb:0 pmb:0 smb:4320 d:- ref:0 ;
in:5782 out:5784 type:b dur:2 cpbdur:2 q:33.99 aq:32.00 tex:0 mv:0 misc:248 imb:0 pmb:0 smb:4320 d:- ref:0 ;
in:5784 out:5785 type:b dur:2 cpbdur:2 q:33.97 aq:32.00 tex:0 mv:0 misc:248 imb:0 pmb:0 smb:4320 d:- ref:0 ;
in:5789 out:5786 type:P dur:2 cpbdur:2 q:33.86 aq:21.00 tex:0 mv:0 misc:272 imb:0 pmb:0 smb:4320 d:- ref:0 ;
in:5787 out:5787 type:B dur:2 cpbdur:2 q:33.91 aq:30.00 tex:0 mv:0 misc:264 imb:0 pmb:0 smb:4320 d:- ref:0 ;
in:5786 out:5788 type:b dur:2 cpbdur:2 q:33.94 aq:32.00 tex:0 mv:0 misc:248 imb:0 pmb:0 smb:4320 d:- ref:0 ;
in:5788 out:5789 type:b dur:2 cpbdur:2 q:33.89 aq:32.00 tex:0 mv:0 misc:248 imb:0 pmb:0 smb:4320 d:- ref:0 ;
in:5793 out:5790 type:P dur:2 cpbdur:2 q:33.82 aq:21.00 tex:0 mv:0 misc:272 imb:0 pmb:0 smb:4320 d:- ref:0 ;
in:5791 out:5791 type:B dur:2 cpbdur:2 q:33.84 aq:30.00 tex:0 mv:0 misc:264 imb:0 pmb:0 smb:4320 d:- ref:0 ;
in:5790 out:5792 type:b dur:2 cpbdur:2 q:33.85 aq:32.00 tex:0 mv:0 misc:248 imb:0 pmb:0 smb:4320 d:- ref:0 ;
in:5792 out:5793 type:b dur:2 cpbdur:2 q:33.83 aq:32.00 tex:0 mv:0 misc:248 imb:0 pmb:0 smb:4320 d:- ref:0 ;
in:5797 out:5794 type:P dur:2 cpbdur:2 q:33.70 aq:21.47 tex:304 mv:32 misc:312 imb:0 pmb:5 smb:4315 d:- ref:0 ;
in:5795 out:5795 type:B dur:2 cpbdur:2 q:33.76 aq:30.00 tex:0 mv:6 misc:274 imb:0 pmb:2 smb:4318 d:- ref:0 ;
in:5794 out:5796 type:b dur:2 cpbdur:2 q:33.79 aq:32.00 tex:1 mv:6 misc:257 imb:0 pmb:2 smb:4318 d:- ref:0 ;
in:5796 out:5797 type:b dur:2 cpbdur:2 q:33.73 aq:32.00 tex:0 mv:0 misc:248 imb:0 pmb:0 smb:4320 d:- ref:0 ;
in:5801 out:5798 type:P dur:2 cpbdur:2 q:33.63 aq:21.40 tex:49 mv:7 misc:288 imb:0 pmb:2 smb:4318 d:- ref:0 ;
in:5799 out:5799 type:B dur:2 cpbdur:2 q:33.66 aq:30.00 tex:0 mv:0 misc:264 imb:0 pmb:0 smb:4320 d:- ref:0 ;
in:5798 out:5800 type:b dur:2 cpbdur:2 q:33.68 aq:32.00 tex:0 mv:0 misc:248 imb:0 pmb:0 smb:4320 d:- ref:0 ;
in:5800 out:5801 type:b dur:2 cpbdur:2 q:33.65 aq:31.00 tex:0 mv:0 misc:248 imb:0 pmb:0 smb:4320 d:- ref:0 ;
in:5805 out:5802 type:P dur:2 cpbdur:2 q:33.57 aq:21.00 tex:0 mv:0 misc:272 imb:0 pmb:0 smb:4320 d:- ref:0 ;
in:5803 out:5803 type:B dur:2 cpbdur:2 q:33.60 aq:30.00 tex:0 mv:0 misc:264 imb:0 pmb:0 smb:4320 d:- ref:0 ;
in:5802 out:5804 type:b dur:2 cpbdur:2 q:33.62 aq:31.00 tex:0 mv:0 misc:248 imb:0 pmb:0 smb:4320 d:- ref:0 ;
in:5804 out:5805 type:b dur:2 cpbdur:2 q:33.59 aq:31.00 tex:0 mv:0 misc:248 imb:0 pmb:0 smb:4320 d:- ref:0 ;
in:5809 out:5806 type:P dur:2 cpbdur:2 q:33.49 aq:23.36 tex:22 mv:21 misc:301 imb:2 pmb:0 smb:4318 d:- ref:0 ;
in:5807 out:5807 type:B dur:2 cpbdur:2 q:33.53 aq:29.00 tex:0 mv:0 misc:264 imb:0 pmb:0 smb:4320 d:- ref:0 ;
in:5806 out:5808 type:b dur:2 cpbdur:2 q:33.55 aq:31.00 tex:0 mv:0 misc:248 imb:0 pmb:0 smb:4320 d:- ref:0 ;
in:5808 out:5809 type:b dur:2 cpbdur:2 q:33.51 aq:31.00 tex:0 mv:0 misc:248 imb:0 pmb:0 smb:4320 d:- ref:0 ;
in:5813 out:5810 type:P dur:2 cpbdur:2 q:33.42 aq:23.36 tex:22 mv:21 misc:301 imb:2 pmb:0 smb:4318 d:- ref:0 ;
in:5811 out:5811 type:B dur:2 cpbdur:2 q:33.45 aq:29.00 tex:0 mv:0 misc:264 imb:0 pmb:0 smb:4320 d:- ref:0 ;
in:5810 out:5812 type:b dur:2 cpbdur:2 q:33.47 aq:31.00 tex:0 mv:0 misc:248 imb:0 pmb:0 smb:4320 d:- ref:0 ;
in:5812 out:5813 type:b dur:2 cpbdur:2 q:33.43 aq:31.00 tex:0 mv:0 misc:248 imb:0 pmb:0 smb:4320 d:- ref:0 ;
in:5817 out:5814 type:P dur:2 cpbdur:2 q:33.36 aq:23.48 tex:250 mv:49 misc:325 imb:2 pmb:5 smb:4313 d:- ref:0 ;
in:5815 out:5815 type:B dur:2 cpbdur:2 q:33.39 aq:29.00 tex:2 mv:8 misc:278 imb:0 pmb:3 smb:4317 d:- ref:0 ;
in:5814 out:5816 type:b dur:2 cpbdur:2 q:33.40 aq:31.00 tex:1 mv:8 misc:263 imb:0 pmb:3 smb:4317 d:s ref:0 ;
in:5816 out:5817 type:b dur:2 cpbdur:2 q:33.37 aq:31.00 tex:0 mv:0 misc:248 imb:0 pmb:0 smb:4320 d:- ref:0 ;
in:5821 out:5818 type:P dur:2 cpbdur:2 q:33.32 aq:21.94 tex:42 mv:25 misc:309 imb:2 pmb:1 smb:4317 d:- ref:0 ;
in:5819 out:5819 type:B dur:2 cpbdur:2 q:33.34 aq:29.00 tex:0 mv:0 misc:264 imb:0 pmb:0 smb:4320 d:- ref:0 ;
in:5818 out:5820 type:b dur:2 cpbdur:2 q:33.35 aq:31.00 tex:0 mv:0 misc:248 imb:0 pmb:0 smb:4320 d:- ref:0 ;
in:5820 out:5821 type:b dur:2 cpbdur:2 q:33.33 aq:31.00 tex:0 mv:0 misc:248 imb:0 pmb:0 smb:4320 d:- ref:0 ;
in:5825 out:5822 type:P dur:2 cpbdur:2 q:33.27 aq:23.36 tex:22 mv:21 misc:301 imb:2 pmb:0 smb:4318 d:- ref:0 ;
in:5823 out:5823 type:B dur:2 cpbdur:2 q:33.30 aq:29.00 tex:0 mv:0 misc:264 imb:0 pmb:0 smb:4320 d:- ref:0 ;
in:5822 out:5824 type:b dur:2 cpbdur:2 q:33.31 aq:31.00 tex:0 mv:0 misc:248 imb:0 pmb:0 smb:4320 d:- ref:0 ;
in:5824 out:5825 type:b dur:2 cpbdur:2 q:33.28 aq:31.00 tex:0 mv:0 misc:248 imb:0 pmb:0 smb:4320 d:- ref:0 ;
in:5829 out:5826 type:P dur:2 cpbdur:2 q:33.19 aq:23.36 tex:22 mv:21 misc:301 imb:2 pmb:0 smb:4318 d:- ref:0 ;
in:5827 out:5827 type:B dur:2 cpbdur:2 q:33.23 aq:29.00 tex:0 mv:0 misc:264 imb:0 pmb:0 smb:4320 d:- ref:0 ;
in:5826 out:5828 type:b dur:2 cpbdur:2 q:33.25 aq:31.00 tex:0 mv:0 misc:248 imb:0 pmb:0 smb:4320 d:- ref:0 ;
in:5828 out:5829 type:b dur:2 cpbdur:2 q:33.21 aq:31.00 tex:0 mv:0 misc:248 imb:0 pmb:0 smb:4320 d:- ref:0 ;
in:5833 out:5830 type:P dur:2 cpbdur:2 q:33.18 aq:23.48 tex:268 mv:55 misc:325 imb:2 pmb:6 smb:4312 d:- ref:0 ;
in:5831 out:5831 type:B dur:2 cpbdur:2 q:33.19 aq:29.00 tex:1 mv:7 misc:272 imb:0 pmb:2 smb:4318 d:- ref:0 ;
in:5830 out:5832 type:b dur:2 cpbdur:2 q:33.19 aq:31.00 tex:0 mv:0 misc:248 imb:0 pmb:0 smb:4320 d:- ref:0 ;
in:5832 out:5833 type:b dur:2 cpbdur:2 q:33.19 aq:31.00 tex:0 mv:7 misc:257 imb:0 pmb:2 smb:4318 d:- ref:0 ;
in:5837 out:5834 type:P dur:2 cpbdur:2 q:33.14 aq:22.69 tex:90 mv:34 misc:316 imb:3 pmb:1 smb:4316 d:s ref:0 ;
in:5835 out:5835 type:B dur:2 cpbdur:2 q:33.16 aq:29.00 tex:0 mv:0 misc:264 imb:0 pmb:0 smb:4320 d:s ref:0 ;
in:5834 out:5836 type:b dur:2 cpbdur:2 q:33.17 aq:31.00 tex:0 mv:0 misc:248 imb:0 pmb:0 smb:4320 d:s ref:0 ;
in:5836 out:5837 type:b dur:2 cpbdur:2 q:33.15 aq:31.00 tex:0 mv:0 misc:248 imb:0 pmb:0 smb:4320 d:- ref:0 ;
in:5841 out:5838 type:P dur:2 cpbdur:2 q:33.06 aq:22.58 tex:62 mv:34 misc:312 imb:3 pmb:1 smb:4316 d:s ref:0 ;
in:5839 out:5839 type:B dur:2 cpbdur:2 q:33.10 aq:29.00 tex:0 mv:0 misc:264 imb:0 pmb:0 smb:4320 d:s ref:0 ;
in:5838 out:5840 type:b dur:2 cpbdur:2 q:33.12 aq:31.00 tex:0 mv:0 misc:248 imb:0 pmb:0 smb:4320 d:s ref:0 ;
in:5840 out:5841 type:b dur:2 cpbdur:2 q:33.08 aq:31.00 tex:0 mv:0 misc:248 imb:0 pmb:0 smb:4320 d:- ref:0 ;
in:5845 out:5842 type:P dur:2 cpbdur:2 q:33.01 aq:23.31 tex:93 mv:36 misc:327 imb:3 pmb:2 smb:4315 d:s ref:0 ;
in:5843 out:5843 type:B dur:2 cpbdur:2 q:33.03 aq:29.00 tex:0 mv:0 misc:264 imb:0 pmb:0 smb:4320 d:s ref:0 ;
in:5842 out:5844 type:b dur:2 cpbdur:2 q:33.05 aq:31.00 tex:0 mv:0 misc:248 imb:0 pmb:0 smb:4320 d:- ref:0 ;
in:5844 out:5845 type:b dur:2 cpbdur:2 q:33.02 aq:31.00 tex:0 mv:0 misc:248 imb:0 pmb:0 smb:4320 d:- ref:0 ;
in:5849 out:5846 type:P dur:2 cpbdur:2 q:32.91 aq:23.87 tex:73 mv:41 misc:334 imb:3 pmb:3 smb:4314 d:- ref:0 ;
in:5847 out:5847 type:B dur:2 cpbdur:2 q:32.96 aq:29.00 tex:0 mv:0 misc:264 imb:0 pmb:0 smb:4320 d:- ref:0 ;
in:5846 out:5848 type:b dur:2 cpbdur:2 q:32.98 aq:31.00 tex:0 mv:0 misc:248 imb:0 pmb:0 smb:4320 d:- ref:0 ;
in:5848 out:5849 type:b dur:2 cpbdur:2 q:32.93 aq:31.00 tex:0 mv:0 misc:248 imb:0 pmb:0 smb:4320 d:- ref:0 ;
in:5853 out:5850 type:P dur:2 cpbdur:2 q:32.84 aq:22.02 tex:357 mv:65 misc:338 imb:3 pmb:6 smb:4311 d:- ref:0 ;
in:5851 out:5851 type:B dur:2 cpbdur:2 q:32.87 aq:29.00 tex:1 mv:7 misc:272 imb:0 pmb:2 smb:4318 d:- ref:0 ;
in:5850 out:5852 type:b dur:2 cpbdur:2 q:32.89 aq:31.00 tex:0 mv:0 misc:248 imb:0 pmb:0 smb:4320 d:- ref:0 ;
in:5852 out:5853 type:b dur:2 cpbdur:2 q:32.85 aq:31.00 tex:1 mv:5 misc:258 imb:0 pmb:2 smb:4318 d:- ref:0 ;
in:5857 out:5854 type:P dur:2 cpbdur:2 q:32.77 aq:22.05 tex:34 mv:28 misc:306 imb:3 pmb:0 smb:4317 d:- ref:0 ;
in:5855 out:5855 type:B dur:2 cpbdur:2 q:32.80 aq:29.00 tex:0 mv:0 misc:264 imb:0 pmb:0 smb:4320 d:- ref:0 ;
in:5854 out:5856 type:b dur:2 cpbdur:2 q:32.82 aq:31.00 tex:0 mv:0 misc:248 imb:0 pmb:0 smb:4320 d:- ref:0 ;
in:5856 out:5857 type:b dur:2 cpbdur:2 q:32.79 aq:31.00 tex:0 mv:0 misc:248 imb:0 pmb:0 smb:4320 d:- ref:0 ;
in:5861 out:5858 type:P dur:2 cpbdur:2 q:32.74 aq:21.53 tex:84 mv:38 misc:326 imb:3 pmb:2 smb:4315 d:- ref:0 ;
in:5859 out:5859 type:B dur:2 cpbdur:2 q:32.76 aq:29.00 tex:0 mv:0 misc:264 imb:0 pmb:0 smb:4320 d:- ref:0 ;
in:5858 out:5860 type:b dur:2 cpbdur:2 q:32.76 aq:31.00 tex:0 mv:0 misc:248 imb:0 pmb:0 smb:4320 d:- ref:0 ;
in:5860 out:5861 type:b dur:2 cpbdur:2 q:32.75 aq:31.00 tex:0 mv:0 misc:248 imb:0 pmb:0 smb:4320 d:- ref:0 ;
in:5865 out:5862 type:P dur:2 cpbdur:2 q:32.69 aq:22.05 tex:34 mv:28 misc:306 imb:3 pmb:0 smb:4317 d:- ref:0 ;
in:5863 out:5863 type:B dur:2 cpbdur:2 q:32.71 aq:29.00 tex:0 mv:0 misc:264 imb:0 pmb:0 smb:4320 d:- ref:0 ;
in:5862 out:5864 type:b dur:2 cpbdur:2 q:32.73 aq:31.00 tex:0 mv:0 misc:248 imb:0 pmb:0 smb:4320 d:- ref:0 ;
in:5864 out:5865 type:b dur:2 cpbdur:2 q:32.70 aq:31.00 tex:0 mv:0 misc:248 imb:0 pmb:0 smb:4320 d:- ref:0 ;
in:5869 out:5866 type:P dur:2 cpbdur:2 q:32.60 aq:22.05 tex:34 mv:28 misc:306 imb:3 pmb:0 smb:4317 d:- ref:0 ;
in:5867 out:5867 type:B dur:2 cpbdur:2 q:32.64 aq:29.00 tex:0 mv:0 misc:264 imb:0 pmb:0 smb:4320 d:- ref:0 ;
in:5866 out:5868 type:b dur:2 cpbdur:2 q:32.67 aq:30.00 tex:0 mv:0 misc:248 imb:0 pmb:0 smb:4320 d:- ref:0 ;
in:5868 out:5869 type:b dur:2 cpbdur:2 q:32.62 aq:30.00 tex:0 mv:0 misc:248 imb:0 pmb:0 smb:4320 d:- ref:0 ;
in:5873 out:5870 type:P dur:2 cpbdur:2 q:32.60 aq:22.08 tex:442 mv:63 misc:343 imb:3 pmb:6 smb:4311 d:- ref:0 ;
in:5871 out:5871 type:B dur:2 cpbdur:2 q:32.60 aq:28.00 tex:1 mv:13 misc:282 imb:0 pmb:4 smb:4316 d:- ref:0 ;
in:5870 out:5872 type:b dur:2 cpbdur:2 q:32.60 aq:30.00 tex:0 mv:0 misc:248 imb:0 pmb:0 smb:4320 d:- ref:0 ;
in:5872 out:5873 type:b dur:2 cpbdur:2 q:32.60 aq:30.00 tex:1 mv:11 misc:268 imb:0 pmb:4 smb:4316 d:- ref:0 ;
in:5877 out:5874 type:P dur:2 cpbdur:2 q:32.55 aq:21.95 tex:68 mv:36 misc:328 imb:3 pmb:2 smb:4315 d:- ref:0 ;
in:5875 out:5875 type:B dur:2 cpbdur:2 q:32.57 aq:28.00 tex:0 mv:0 misc:264 imb:0 pmb:0 smb:4320 d:- ref:0 ;
in:5874 out:5876 type:b dur:2 cpbdur:2 q:32.59 aq:30.00 tex:0 mv:0 misc:248 imb:0 pmb:0 smb:4320 d:- ref:0 ;
in:5876 out:5877 type:b dur:2 cpbdur:2 q:32.56 aq:30.00 tex:0 mv:0 misc:248 imb:0 pmb:0 smb:4320 d:- ref:0 ;
in:5881 out:5878 type:P dur:2 cpbdur:2 q:32.47 aq:22.33 tex:92 mv:41 misc:331 imb:3 pmb:3 smb:4314 d:- ref:0 ;
in:5879 out:5879 type:B dur:2 cpbdur:2 q:32.51 aq:28.00 tex:0 mv:0 misc:264 imb:0 pmb:0 smb:4320 d:- ref:0 ;
in:5878 out:5880 type:b dur:2 cpbdur:2 q:32.53 aq:30.00 tex:0 mv:0 misc:248 imb:0 pmb:0 smb:4320 d:- ref:0 ;
in:5880 out:5881 type:b dur:2 cpbdur:2 q:32.49 aq:30.00 tex:0 mv:0 misc:248 imb:0 pmb:0 smb:4320 d:- ref:0 ;
in:5885 out:5882 type:P dur:2 cpbdur:2 q:32.41 aq:21.84 tex:52 mv:31 misc:317 imb:3 pmb:1 smb:4316 d:- ref:0 ;
in:5883 out:5883 type:B dur:2 cpbdur:2 q:32.44 aq:28.00 tex:0 mv:0 misc:264 imb:0 pmb:0 smb:4320 d:- ref:0 ;
in:5882 out:5884 type:b dur:2 cpbdur:2 q:32.45 aq:30.00 tex:0 mv:0 misc:248 imb:0 pmb:0 smb:4320 d:- ref:0 ;
in:5884 out:5885 type:b dur:2 cpbdur:2 q:32.42 aq:30.00 tex:0 mv:0 misc:248 imb:0 pmb:0 smb:4320 d:- ref:0 ;
in:5889 out:5886 type:P dur:2 cpbdur:2 q:32.31 aq:21.84 tex:60 mv:34 misc:322 imb:3 pmb:1 smb:4316 d:- ref:0 ;
in:5887 out:5887 type:B dur:2 cpbdur:2 q:32.36 aq:28.00 tex:0 mv:0 misc:264 imb:0 pmb:0 smb:4320 d:- ref:0 ;
in:5886 out:5888 type:b dur:2 cpbdur:2 q:32.38 aq:30.00 tex:0 mv:0 misc:248 imb:0 pmb:0 smb:4320 d:- ref:0 ;
in:5888 out:5889 type:b dur:2 cpbdur:2 q:32.33 aq:30.00 tex:0 mv:0 misc:248 imb:0 pmb:0 smb:4320 d:- ref:0 ;
in:5893 out:5890 type:P dur:2 cpbdur:2 q:32.23 aq:22.07 tex:785 mv:83 misc:340 imb:6 pmb:4 smb:4310 d:- ref:0 ;
in:5891 out:5891 type:B dur:2 cpbdur:2 q:32.27 aq:28.00 tex:2 mv:8 misc:278 imb:0 pmb:3 smb:4317 d:- ref:0 ;
in:5890 out:5892 type:b dur:2 cpbdur:2 q:32.29 aq:30.00 tex:1 mv:10 misc:261 imb:0 pmb:3 smb:4317 d:s ref:0 ;
in:5892 out:5893 type:b dur:2 cpbdur:2 q:32.25 aq:30.00 tex:0 mv:0 misc:248 imb:0 pmb:0 smb:4320 d:- ref:0 ;
in:5897 out:5894 type:P dur:2 cpbdur:2 q:32.16 aq:21.84 tex:89 mv:47 misc:328 imb:4 pmb:2 smb:4314 d:- ref:0 ;
in:5895 out:5895 type:B dur:2 cpbdur:2 q:32.19 aq:28.00 tex:0 mv:0 misc:264 imb:0 pmb:0 smb:4320 d:- ref:0 ;
in:5894 out:5896 type:b dur:2 cpbdur:2 q:32.21 aq:30.00 tex:0 mv:0 misc:248 imb:0 pmb:0 smb:4320 d:- ref:0 ;
in:5896 out:5897 type:b dur:2 cpbdur:2 q:32.18 aq:30.00 tex:0 mv:0 misc:248 imb:0 pmb:0 smb:4320 d:- ref:0 ;
in:5901 out:5898 type:P dur:2 cpbdur:2 q:32.13 aq:21.58 tex:57 mv:32 misc:319 imb:3 pmb:1 smb:4316 d:- ref:0 ;
in:5899 out:5899 type:B dur:2 cpbdur:2 q:32.14 aq:28.00 tex:0 mv:0 misc:264 imb:0 pmb:0 smb:4320 d:- ref:0 ;
in:5898 out:5900 type:b dur:2 cpbdur:2 q:32.15 aq:30.00 tex:0 mv:0 misc:248 imb:0 pmb:0 smb:4320 d:- ref:0 ;
in:5900 out:5901 type:b dur:2 cpbdur:2 q:32.13 aq:30.00 tex:0 mv:0 misc:248 imb:0 pmb:0 smb:4320 d:- ref:0 ;
in:5905 out:5902 type:P dur:2 cpbdur:2 q:32.07 aq:21.58 tex:33 mv:28 misc:307 imb:3 pmb:0 smb:4317 d:s ref:0 ;
in:5903 out:5903 type:B dur:2 cpbdur:2 q:32.10 aq:28.00 tex:0 mv:0 misc:264 imb:0 pmb:0 smb:4320 d:- ref:0 ;
in:5902 out:5904 type:b dur:2 cpbdur:2 q:32.11 aq:30.00 tex:0 mv:0 misc:248 imb:0 pmb:0 smb:4320 d:- ref:0 ;
in:5904 out:5905 type:b dur:2 cpbdur:2 q:32.09 aq:30.00 tex:0 mv:0 misc:248 imb:0 pmb:0 smb:4320 d:- ref:0 ;
in:5909 out:5906 type:P dur:2 cpbdur:2 q:31.98 aq:21.05 tex:35 mv:36 misc:321 imb:3 pmb:1 smb:4316 d:- ref:0 ;
in:5907 out:5907 type:B dur:2 cpbdur:2 q:32.03 aq:28.00 tex:0 mv:0 misc:264 imb:0 pmb:0 smb:4320 d:- ref:0 ;
in:5906 out:5908 type:b dur:2 cpbdur:2 q:32.05 aq:30.00 tex:0 mv:0 misc:248 imb:0 pmb:0 smb:4320 d:- ref:0 ;
in:5908 out:5909 type:b dur:2 cpbdur:2 q:32.01 aq:30.00 tex:0 mv:0 misc:248 imb:0 pmb:0 smb:4320 d:- ref:0 ;
in:5913 out:5910 type:P dur:2 cpbdur:2 q:31.98 aq:21.39 tex:477 mv:68 misc:343 imb:3 pmb:6 smb:4311 d:s ref:0 ;
in:5911 out:5911 type:B dur:2 cpbdur:2 q:31.98 aq:28.00 tex:2 mv:5 misc:273 imb:0 pmb:2 smb:4318 d:s ref:0 ;
in:5910 out:5912 type:b dur:2 cpbdur:2 q:31.98 aq:30.00 tex:1 mv:5 misc:258 imb:0 pmb:2 smb:4318 d:s ref:0 ;
in:5912 out:5913 type:b dur:2 cpbdur:2 q:31.98 aq:30.00 tex:0 mv:0 misc:248 imb:0 pmb:0 smb:4320 d:- ref:0 ;
in:5917 out:5914 type:P dur:2 cpbdur:2 q:31.94 aq:21.05 tex:34 mv:29 misc:313 imb:3 pmb:0 smb:4317 d:s ref:0 ;
in:5915 out:5915 type:B dur:2 cpbdur:2 q:31.96 aq:28.00 tex:0 mv:0 misc:264 imb:0 pmb:0 smb:4320 d:s ref:0 ;
in:5914 out:5916 type:b dur:2 cpbdur:2 q:31.97 aq:30.00 tex:0 mv:0 misc:248 imb:0 pmb:0 smb:4320 d:s ref:0 ;
in:5916 out:5917 type:b dur:2 cpbdur:2 q:31.95 aq:30.00 tex:0 mv:0 misc:248 imb:0 pmb:0 smb:4320 d:- ref:0 ;
in:5921 out:5918 type:P dur:2 cpbdur:2 q:31.85 aq:21.05 tex:45 mv:35 misc:320 imb:3 pmb:1 smb:4316 d:s ref:0 ;
in:5919 out:5919 type:B dur:2 cpbdur:2 q:31.89 aq:28.00 tex:0 mv:0 misc:264 imb:0 pmb:0 smb:4320 d:s ref:0 ;
in:5918 out:5920 type:b dur:2 cpbdur:2 q:31.91 aq:30.00 tex:0 mv:0 misc:248 imb:0 pmb:0 smb:4320 d:- ref:0 ;
in:5920 out:5921 type:b dur:2 cpbdur:2 q:31.87 aq:30.00 tex:0 mv:0 misc:248 imb:0 pmb:0 smb:4320 d:- ref:0 ;
in:5925 out:5922 type:P dur:2 cpbdur:2 q:31.79 aq:20.82 tex:103 mv:34 misc:319 imb:3 pmb:1 smb:4316 d:- ref:0 ;
in:5923 out:5923 type:B dur:2 cpbdur:2 q:31.82 aq:28.00 tex:0 mv:0 misc:264 imb:0 pmb:0 smb:4320 d:- ref:0 ;
in:5922 out:5924 type:b dur:2 cpbdur:2 q:31.83 aq:30.00 tex:0 mv:0 misc:248 imb:0 pmb:0 smb:4320 d:- ref:0 ;
in:5924 out:5925 type:b dur:2 cpbdur:2 q:31.80 aq:30.00 tex:0 mv:0 misc:248 imb:0 pmb:0 smb:4320 d:- ref:0 ;
in:5929 out:5926 type:P dur:2 cpbdur:2 q:31.68 aq:20.22 tex:492 mv:75 misc:369 imb:3 pmb:8 smb:4309 d:- ref:0 ;
in:5927 out:5927 type:B dur:2 cpbdur:2 q:31.73 aq:28.00 tex:2 mv:10 misc:276 imb:0 pmb:3 smb:4317 d:- ref:0 ;
in:5926 out:5928 type:b dur:2 cpbdur:2 q:31.76 aq:30.00 tex:0 mv:0 misc:248 imb:0 pmb:0 smb:4320 d:- ref:0 ;
in:5928 out:5929 type:b dur:2 cpbdur:2 q:31.70 aq:30.00 tex:2 mv:8 misc:262 imb:0 pmb:3 smb:4317 d:- ref:0 ;
in:5933 out:5930 type:P dur:2 cpbdur:2 q:31.59 aq:20.93 tex:76 mv:34 misc:322 imb:3 pmb:1 smb:4316 d:- ref:0 ;
in:5931 out:5931 type:B dur:2 cpbdur:2 q:31.63 aq:28.00 tex:0 mv:0 misc:264 imb:0 pmb:0 smb:4320 d:- ref:0 ;
in:5930 out:5932 type:b dur:2 cpbdur:2 q:31.65 aq:29.00 tex:0 mv:0 misc:248 imb:0 pmb:0 smb:4320 d:- ref:0 ;
in:5932 out:5933 type:b dur:2 cpbdur:2 q:31.61 aq:29.00 tex:0 mv:0 misc:248 imb:0 pmb:0 smb:4320 d:- ref:0 ;
in:5937 out:5934 type:P dur:2 cpbdur:2 q:31.52 aq:21.50 tex:163 mv:51 misc:370 imb:3 pmb:7 smb:4310 d:- ref:0 ;
in:5935 out:5935 type:B dur:2 cpbdur:2 q:31.55 aq:27.00 tex:0 mv:0 misc:264 imb:0 pmb:0 smb:4320 d:- ref:0 ;
in:5934 out:5936 type:b dur:2 cpbdur:2 q:31.57 aq:29.00 tex:0 mv:0 misc:248 imb:0 pmb:0 smb:4320 d:- ref:0 ;
in:5936 out:5937 type:b dur:2 cpbdur:2 q:31.54 aq:29.00 tex:0 mv:0 misc:248 imb:0 pmb:0 smb:4320 d:- ref:0 ;
in:5941 out:5938 type:P dur:2 cpbdur:2 q:31.48 aq:21.05 tex:39 mv:29 misc:308 imb:3 pmb:0 smb:4317 d:- ref:0 ;
in:5939 out:5939 type:B dur:2 cpbdur:2 q:31.50 aq:27.00 tex:0 mv:0 misc:264 imb:0 pmb:0 smb:4320 d:- ref:0 ;
in:5938 out:5940 type:b dur:2 cpbdur:2 q:31.51 aq:29.00 tex:0 mv:0 misc:248 imb:0 pmb:0 smb:4320 d:- ref:0 ;
in:5940 out:5941 type:b dur:2 cpbdur:2 q:31.49 aq:29.00 tex:0 mv:0 misc:248 imb:0 pmb:0 smb:4320 d:- ref:0 ;
in:5945 out:5942 type:P dur:2 cpbdur:2 q:31.43 aq:20.75 tex:56 mv:36 misc:324 imb:3 pmb:1 smb:4316 d:- ref:0 ;
in:5943 out:5943 type:B dur:2 cpbdur:2 q:31.46 aq:27.00 tex:0 mv:0 misc:264 imb:0 pmb:0 smb:4320 d:- ref:0 ;
in:5942 out:5944 type:b dur:2 cpbdur:2 q:31.47 aq:29.00 tex:0 mv:0 misc:248 imb:0 pmb:0 smb:4320 d:- ref:0 ;
in:5944 out:5945 type:b dur:2 cpbdur:2 q:31.44 aq:29.00 tex:0 mv:0 misc:248 imb:0 pmb:0 smb:4320 d:- ref:0 ;
in:5949 out:5946 type:P dur:2 cpbdur:2 q:31.33 aq:20.02 tex:557 mv:72 misc:363 imb:3 pmb:8 smb:4309 d:- ref:0 ;
in:5947 out:5947 type:B dur:2 cpbdur:2 q:31.38 aq:27.00 tex:2 mv:9 misc:277 imb:0 pmb:3 smb:4317 d:- ref:0 ;
in:5946 out:5948 type:b dur:2 cpbdur:2 q:31.40 aq:29.00 tex:0 mv:0 misc:248 imb:0 pmb:0 smb:4320 d:- ref:0 ;
in:5948 out:5949 type:b dur:2 cpbdur:2 q:31.36 aq:29.00 tex:1 mv:9 misc:262 imb:0 pmb:3 smb:4317 d:- ref:0 ;
in:5953 out:5950 type:P dur:2 cpbdur:2 q:31.34 aq:21.05 tex:180 mv:38 misc:326 imb:3 pmb:2 smb:4315 d:- ref:0 ;
in:5951 out:5951 type:B dur:2 cpbdur:2 q:31.33 aq:27.00 tex:0 mv:0 misc:264 imb:0 pmb:0 smb:4320 d:- ref:0 ;
in:5950 out:5952 type:b dur:2 cpbdur:2 q:31.33 aq:29.00 tex:0 mv:0 misc:248 imb:0 pmb:0 smb:4320 d:- ref:0 ;
in:5952 out:5953 type:b dur:2 cpbdur:2 q:31.34 aq:29.00 tex:0 mv:0 misc:248 imb:0 pmb:0 smb:4320 d:- ref:0 ;
in:5957 out:5954 type:P dur:2 cpbdur:2 q:31.29 aq:21.05 tex:39 mv:29 misc:308 imb:3 pmb:0 smb:4317 d:- ref:0 ;
in:5955 out:5955 type:B dur:2 cpbdur:2 q:31.31 aq:27.00 tex:0 mv:0 misc:264 imb:0 pmb:0 smb:4320 d:- ref:0 ;
in:5954 out:5956 type:b dur:2 cpbdur:2 q:31.32 aq:29.00 tex:0 mv:0 misc:248 imb:0 pmb:0 smb:4320 d:- ref:0 ;
in:5956 out:5957 type:b dur:2 cpbdur:2 q:31.30 aq:29.00 tex:0 mv:0 misc:248 imb:0 pmb:0 smb:4320 d:- ref:0 ;
in:5961 out:5958 type:P dur:2 cpbdur:2 q:31.19 aq:22.19 tex:130 mv:49 misc:357 imb:3 pmb:5 smb:4312 d:- ref:0 ;
in:5959 out:5959 type:B dur:2 cpbdur:2 q:31.24 aq:27.00 tex:0 mv:0 misc:264 imb:0 pmb:0 smb:4320 d:- ref:0 ;
in:5958 out:5960 type:b dur:2 cpbdur:2 q:31.26 aq:29.00 tex:0 mv:0 misc:248 imb:0 pmb:0 smb:4320 d:- ref:0 ;
in:5960 out:5961 type:b dur:2 cpbdur:2 q:31.22 aq:29.00 tex:0 mv:0 misc:248 imb:0 pmb:0 smb:4320 d:- ref:0 ;
in:5965 out:5962 type:P dur:2 cpbdur:2 q:31.13 aq:21.06 tex:241 mv:57 misc:366 imb:3 pmb:8 smb:4309 d:- ref:0 ;
in:5963 out:5963 type:B dur:2 cpbdur:2 q:31.16 aq:27.00 tex:0 mv:0 misc:264 imb:0 pmb:0 smb:4320 d:- ref:0 ;
in:5962 out:5964 type:b dur:2 cpbdur:2 q:31.18 aq:29.00 tex:0 mv:0 misc:248 imb:0 pmb:0 smb:4320 d:- ref:0 ;
in:5964 out:5965 type:b dur:2 cpbdur:2 q:31.14 aq:29.00 tex:0 mv:0 misc:248 imb:0 pmb:0 smb:4320 d:- ref:0 ;
in:5969 out:5966 type:P dur:2 cpbdur:2 q:31.01 aq:20.23 tex:719 mv:94 misc:379 imb:3 pmb:13 smb:4304 d:- ref:0 ;
in:5967 out:5967 type:B dur:2 cpbdur:2 q:31.07 aq:27.00 tex:0 mv:9 misc:279 imb:0 pmb:3 smb:4317 d:- ref:0 ;
in:5966 out:5968 type:b dur:2 cpbdur:2 q:31.10 aq:29.00 tex:1 mv:10 misc:261 imb:0 pmb:3 smb:4317 d:- ref:0 ;
in:5968 out:5969 type:b dur:2 cpbdur:2 q:31.04 aq:29.00 tex:0 mv:0 misc:248 imb:0 pmb:0 smb:4320 d:- ref:0 ;
in:5973 out:5970 type:P dur:2 cpbdur:2 q:30.91 aq:19.84 tex:256 mv:75 misc:365 imb:6 pmb:5 smb:4309 d:- ref:0 ;
in:5971 out:5971 type:B dur:2 cpbdur:2 q:30.96 aq:27.00 tex:0 mv:0 misc:264 imb:0 pmb:0 smb:4320 d:- ref:0 ;
in:5970 out:5972 type:b dur:2 cpbdur:2 q:30.98 aq:29.00 tex:0 mv:0 misc:248 imb:0 pmb:0 smb:4320 d:- ref:0 ;
in:5972 out:5973 type:b dur:2 cpbdur:2 q:30.94 aq:29.00 tex:0 mv:0 misc:248 imb:0 pmb:0 smb:4320 d:- ref:0 ;
in:5977 out:5974 type:P dur:2 cpbdur:2 q:30.84 aq:19.84 tex:157 mv:60 misc:335 imb:6 pmb:1 smb:4313 d:- ref:0 ;
in:5975 out:5975 type:B dur:2 cpbdur:2 q:30.87 aq:27.00 tex:0 mv:0 misc:264 imb:0 pmb:0 smb:4320 d:- ref:0 ;
in:5974 out:5976 type:b dur:2 cpbdur:2 q:30.89 aq:29.00 tex:0 mv:0 misc:248 imb:0 pmb:0 smb:4320 d:- ref:0 ;
in:5976 out:5977 type:b dur:2 cpbdur:2 q:30.86 aq:29.00 tex:0 mv:0 misc:248 imb:0 pmb:0 smb:4320 d:- ref:0 ;
in:5981 out:5978 type:P dur:2 cpbdur:2 q:30.81 aq:19.84 tex:122 mv:55 misc:327 imb:6 pmb:0 smb:4314 d:- ref:0 ;
in:5979 out:5979 type:B dur:2 cpbdur:2 q:30.82 aq:27.00 tex:0 mv:0 misc:264 imb:0 pmb:0 smb:4320 d:- ref:0 ;
in:5978 out:5980 type:b dur:2 cpbdur:2 q:30.83 aq:29.00 tex:0 mv:0 misc:248 imb:0 pmb:0 smb:4320 d:- ref:0 ;
in:5980 out:5981 type:b dur:2 cpbdur:2 q:30.81 aq:29.00 tex:0 mv:0 misc:248 imb:0 pmb:0 smb:4320 d:- ref:0 ;
in:5985 out:5982 type:P dur:2 cpbdur:2 q:30.75 aq:19.84 tex:122 mv:55 misc:327 imb:6 pmb:0 smb:4314 d:- ref:0 ;
in:5983 out:5983 type:B dur:2 cpbdur:2 q:30.78 aq:27.00 tex:0 mv:0 misc:264 imb:0 pmb:0 smb:4320 d:- ref:0 ;
in:5982 out:5984 type:b dur:2 cpbdur:2 q:30.79 aq:29.00 tex:0 mv:0 misc:248 imb:0 pmb:0 smb:4320 d:- ref:0 ;
in:5984 out:5985 type:b dur:2 cpbdur:2 q:30.76 aq:29.00 tex:0 mv:0 misc:248 imb:0 pmb:0 smb:4320 d:- ref:0 ;
in:5989 out:5986 type:P dur:2 cpbdur:2 q:30.64 aq:20.63 tex:322 mv:71 misc:351 imb:6 pmb:4 smb:4310 d:- ref:0 ;
in:5987 out:5987 type:B dur:2 cpbdur:2 q:30.70 aq:27.00 tex:0 mv:0 misc:264 imb:0 pmb:0 smb:4320 d:- ref:0 ;
in:5986 out:5988 type:b dur:2 cpbdur:2 q:30.72 aq:29.00 tex:0 mv:0 misc:248 imb:0 pmb:0 smb:4320 d:- ref:0 ;
in:5988 out:5989 type:b dur:2 cpbdur:2 q:30.67 aq:28.00 tex:0 mv:0 misc:248 imb:0 pmb:0 smb:4320 d:- ref:0 ;
in:5993 out:5990 type:P dur:2 cpbdur:2 q:30.66 aq:19.77 tex:141 mv:60 misc:335 imb:6 pmb:1 smb:4313 d:- ref:0 ;
in:5991 out:5991 type:B dur:2 cpbdur:2 q:30.65 aq:27.00 tex:0 mv:0 misc:264 imb:0 pmb:0 smb:4320 d:- ref:0 ;
in:5990 out:5992 type:b dur:2 cpbdur:2 q:30.65 aq:28.00 tex:0 mv:0 misc:248 imb:0 pmb:0 smb:4320 d:- ref:0 ;
in:5992 out:5993 type:b dur:2 cpbdur:2 q:30.65 aq:28.00 tex:0 mv:0 misc:248 imb:0 pmb:0 smb:4320 d:- ref:0 ;
in:5997 out:5994 type:P dur:2 cpbdur:2 q:30.61 aq:17.63 tex:172 mv:64 misc:340 imb:6 pmb:2 smb:4312 d:- ref:0 ;
in:5995 out:5995 type:B dur:2 cpbdur:2 q:30.63 aq:27.00 tex:0 mv:0 misc:264 imb:0 pmb:0 smb:4320 d:- ref:0 ;
in:5994 out:5996 type:b dur:2 cpbdur:2 q:30.64 aq:28.00 tex:0 mv:0 misc:248 imb:0 pmb:0 smb:4320 d:- ref:0 ;
in:5996 out:5997 type:b dur:2 cpbdur:2 q:30.62 aq:28.00 tex:0 mv:0 misc:248 imb:0 pmb:0 smb:4320 d:- ref:0 ;
in:6001 out:5998 type:P dur:2 cpbdur:2 q:30.50 aq:21.30 tex:6214 mv:329 misc:521 imb:12 pmb:39 smb:4269 d:- ref:0 ;
in:5999 out:5999 type:B dur:2 cpbdur:2 q:30.56 aq:26.00 tex:9 mv:37 misc:298 imb:0 pmb:18 smb:4302 d:s ref:0 ;
in:5998 out:6000 type:b dur:2 cpbdur:2 q:30.58 aq:28.00 tex:0 mv:0 misc:248 imb:0 pmb:0 smb:4320 d:- ref:0 ;
in:6000 out:6001 type:b dur:2 cpbdur:2 q:30.53 aq:28.00 tex:4 mv:30 misc:286 imb:0 pmb:15 smb:4305 d:- ref:0 ;
in:6005 out:6002 type:P dur:2 cpbdur:2 q:30.45 aq:20.47 tex:618 mv:108 misc:442 imb:6 pmb:19 smb:4295 d:- ref:0 ;
in:6003 out:6003 type:B dur:2 cpbdur:2 q:30.48 aq:26.00 tex:0 mv:0 misc:264 imb:0 pmb:0 smb:4320 d:- ref:0 ;
in:6002 out:6004 type:b dur:2 cpbdur:2 q:30.49 aq:28.00 tex:0 mv:0 misc:248 imb:0 pmb:0 smb:4320 d:- ref:0 ;
in:6004 out:6005 type:b dur:2 cpbdur:2 q:30.46 aq:28.00 tex:0 mv:0 misc:248 imb:0 pmb:0 smb:4320 d:- ref:0 ;
in:6009 out:6006 type:P dur:2 cpbdur:2 q:30.32 aq:20.92 tex:366 mv:89 misc:377 imb:6 pmb:8 smb:4306 d:- ref:0 ;
in:6007 out:6007 type:B dur:2 cpbdur:2 q:30.38 aq:26.00 tex:0 mv:0 misc:264 imb:0 pmb:0 smb:4320 d:- ref:0 ;
in:6006 out:6008 type:b dur:2 cpbdur:2 q:30.42 aq:28.00 tex:0 mv:0 misc:248 imb:0 pmb:0 smb:4320 d:- ref:0 ;
in:6008 out:6009 type:b dur:2 cpbdur:2 q:30.35 aq:28.00 tex:0 mv:0 misc:248 imb:0 pmb:0 smb:4320 d:- ref:0 ;
in:6013 out:6010 type:P dur:2 cpbdur:2 q:30.21 aq:22.38 tex:1783 mv:125 misc:556 imb:5 pmb:43 smb:4272 d:s ref:0 ;
in:6011 out:6011 type:B dur:2 cpbdur:2 q:30.27 aq:26.00 tex:0 mv:0 misc:264 imb:0 pmb:0 smb:4320 d:- ref:0 ;
in:6010 out:6012 type:b dur:2 cpbdur:2 q:30.29 aq:28.00 tex:0 mv:0 misc:248 imb:0 pmb:0 smb:4320 d:- ref:0 ;
in:6012 out:6013 type:b dur:2 cpbdur:2 q:30.24 aq:28.00 tex:0 mv:0 misc:248 imb:0 pmb:0 smb:4320 d:- ref:0 ;
in:6017 out:6014 type:P dur:2 cpbdur:2 q:30.13 aq:21.26 tex:933 mv:101 misc:454 imb:5 pmb:20 smb:4295 d:- ref:0 ;
in:6015 out:6015 type:B dur:2 cpbdur:2 q:30.17 aq:26.00 tex:0 mv:0 misc:264 imb:0 pmb:0 smb:4320 d:- ref:0 ;
in:6014 out:6016 type:b dur:2 cpbdur:2 q:30.19 aq:28.00 tex:0 mv:0 misc:248 imb:0 pmb:0 smb:4320 d:s ref:0 ;
in:6016 out:6017 type:b dur:2 cpbdur:2 q:30.15 aq:28.00 tex:0 mv:0 misc:248 imb:0 pmb:0 smb:4320 d:- ref:0 ;
in:6021 out:6018 type:P dur:2 cpbdur:2 q:30.11 aq:22.10 tex:899 mv:100 misc:425 imb:5 pmb:16 smb:4299 d:s ref:0 ;
in:6019 out:6019 type:B dur:2 cpbdur:2 q:30.12 aq:26.00 tex:0 mv:0 misc:264 imb:0 pmb:0 smb:4320 d:s ref:0 ;
in:6018 out:6020 type:b dur:2 cpbdur:2 q:30.13 aq:28.00 tex:0 mv:0 misc:248 imb:0 pmb:0 smb:4320 d:s ref:0 ;
in:6020 out:6021 type:b dur:2 cpbdur:2 q:30.11 aq:28.00 tex:0 mv:0 misc:248 imb:0 pmb:0 smb:4320 d:- ref:0 ;
in:6022 out:6022 type:P dur:2 cpbdur:2 q:30.04 aq:28.00 tex:0 mv:0 misc:264 imb:0 pmb:0 smb:4320 d:s ref:0 ;
in:6023 out:6023 type:I dur:2 cpbdur:2 q:27.51 aq:13.48 tex:470980 mv:49752 misc:548 imb:4320 pmb:0 smb:0 d:s ref:;
in:6027 out:6024 type:P dur:2 cpbdur:2 q:31.27 aq:21.39 tex:523 mv:122 misc:403 imb:6 pmb:38 smb:4276 d:s ref:0 ;
in:6025 out:6025 type:B dur:2 cpbdur:2 q:31.27 aq:27.00 tex:0 mv:0 misc:248 imb:0 pmb:0 smb:4320 d:s ref:0 ;
in:6024 out:6026 type:b dur:2 cpbdur:2 q:31.27 aq:29.00 tex:0 mv:0 misc:248 imb:0 pmb:0 smb:4320 d:s ref:0 ;
in:6026 out:6027 type:b dur:2 cpbdur:2 q:31.27 aq:29.00 tex:0 mv:0 misc:248 imb:0 pmb:0 smb:4320 d:- ref:0 ;
in:6031 out:6028 type:P dur:2 cpbdur:2 q:31.19 aq:21.35 tex:47 mv:52 misc:309 imb:6 pmb:0 smb:4314 d:s ref:0 ;
in:6029 out:6029 type:B dur:2 cpbdur:2 q:31.23 aq:27.00 tex:0 mv:0 misc:264 imb:0 pmb:0 smb:4320 d:s ref:0 ;
in:6028 out:6030 type:b dur:2 cpbdur:2 q:31.25 aq:29.00 tex:0 mv:0 misc:248 imb:0 pmb:0 smb:4320 d:s ref:0 ;
in:6030 out:6031 type:b dur:2 cpbdur:2 q:31.21 aq:29.00 tex:0 mv:0 misc:248 imb:0 pmb:0 smb:4320 d:- ref:0 ;
in:6035 out:6032 type:P dur:2 cpbdur:2 q:31.15 aq:21.45 tex:2620 mv:208 misc:348 imb:9 pmb:12 smb:4299 d:s ref:0 ;
in:6033 out:6033 type:B dur:2 cpbdur:2 q:31.17 aq:27.49 tex:371 mv:164 misc:281 imb:0 pmb:10 smb:4310 d:t ref:0 ;
in:6032 out:6034 type:b dur:2 cpbdur:2 q:31.18 aq:29.53 tex:158 mv:53 misc:261 imb:0 pmb:7 smb:4313 d:s ref:0 ;
in:6034 out:6035 type:b dur:2 cpbdur:2 q:31.16 aq:29.51 tex:192 mv:154 misc:262 imb:0 pmb:9 smb:4311 d:- ref:0 ;
in:6038 out:6036 type:P dur:2 cpbdur:2 q:31.04 aq:20.75 tex:2143 mv:251 misc:358 imb:10 pmb:12 smb:4298 d:s ref:0 ;
in:6036 out:6037 type:B dur:2 cpbdur:2 q:31.12 aq:28.52 tex:381 mv:179 misc:288 imb:0 pmb:13 smb:4307 d:t ref:0 ;
in:6037 out:6038 type:b dur:2 cpbdur:2 q:31.08 aq:29.33 tex:390 mv:141 misc:277 imb:1 pmb:12 smb:4307 d:- ref:0 ;
in:6042 out:6039 type:P dur:2 cpbdur:2 q:30.96 aq:21.21 tex:2003 mv:216 misc:333 imb:9 pmb:8 smb:4303 d:s ref:0 ;
in:6040 out:6040 type:B dur:2 cpbdur:2 q:31.00 aq:27.67 tex:477 mv:155 misc:280 imb:0 pmb:11 smb:4309 d:s ref:0 ;
in:6039 out:6041 type:b dur:2 cpbdur:2 q:31.02 aq:29.63 tex:258 mv:133 misc:273 imb:0 pmb:9 smb:4311 d:t ref:0 ;
in:6041 out:6042 type:b dur:2 cpbdur:2 q:30.98 aq:29.76 tex:119 mv:90 misc:271 imb:0 pmb:9 smb:4311 d:- ref:0 ;
in:6046 out:6043 type:P dur:2 cpbdur:2 q:30.62 aq:19.76 tex:1713 mv:191 misc:344 imb:7 pmb:11 smb:4302 d:s ref:0 ;
in:6044 out:6044 type:B dur:2 cpbdur:2 q:30.79 aq:27.79 tex:326 mv:89 misc:281 imb:0 pmb:7 smb:4313 d:s ref:0 ;
in:6043 out:6045 type:b dur:2 cpbdur:2 q:30.88 aq:29.72 tex:222 mv:76 misc:262 imb:0 pmb:7 smb:4313 d:t ref:0 ;
in:6045 out:6046 type:b dur:2 cpbdur:2 q:30.70 aq:29.57 tex:53 mv:8 misc:259 imb:0 pmb:2 smb:4318 d:- ref:0 ;
in:6050 out:6047 type:P dur:2 cpbdur:2 q:30.53 aq:21.10 tex:2623 mv:130 misc:367 imb:7 pmb:13 smb:4300 d:- ref:0 ;
in:6048 out:6048 type:B dur:2 cpbdur:2 q:30.57 aq:26.00 tex:3 mv:19 misc:290 imb:0 pmb:4 smb:4316 d:s ref:0 ;
in:6047 out:6049 type:b dur:2 cpbdur:2 q:30.59 aq:28.53 tex:52 mv:12 misc:264 imb:0 pmb:3 smb:4317 d:- ref:0 ;
in:6049 out:6050 type:b dur:2 cpbdur:2 q:30.55 aq:28.00 tex:0 mv:0 misc:248 imb:0 pmb:0 smb:4320 d:- ref:0 ;
in:6054 out:6051 type:P dur:2 cpbdur:2 q:30.43 aq:19.66 tex:454 mv:83 misc:359 imb:6 pmb:10 smb:4304 d:- ref:0 ;
in:6052 out:6052 type:B dur:2 cpbdur:2 q:30.48 aq:26.00 tex:0 mv:0 misc:264 imb:0 pmb:0 smb:4320 d:- ref:0 ;
in:6051 out:6053 type:b dur:2 cpbdur:2 q:30.50 aq:28.00 tex:0 mv:0 misc:248 imb:0 pmb:0 smb:4320 d:- ref:0 ;
in:6053 out:6054 type:b dur:2 cpbdur:2 q:30.45 aq:28.00 tex:0 mv:0 misc:248 imb:0 pmb:0 smb:4320 d:- ref:0 ;
in:6058 out:6055 type:P dur:2 cpbdur:2 q:30.36 aq:19.83 tex:313 mv:76 misc:363 imb:6 pmb:7 smb:4307 d:t ref:0 ;
in:6056 out:6056 type:B dur:2 cpbdur:2 q:30.39 aq:26.00 tex:0 mv:0 misc:264 imb:0 pmb:0 smb:4320 d:t ref:0 ;
in:6055 out:6057 type:b dur:2 cpbdur:2 q:30.41 aq:28.00 tex:0 mv:0 misc:248 imb:0 pmb:0 smb:4320 d:t ref:0 ;
in:6057 out:6058 type:b dur:2 cpbdur:2 q:30.38 aq:28.00 tex:0 mv:0 misc:248 imb:0 pmb:0 smb:4320 d:- ref:0 ;
in:6062 out:6059 type:P dur:2 cpbdur:2 q:30.29 aq:19.35 tex:139 mv:34 misc:347 imb:1 pmb:6 smb:4313 d:t ref:0 ;
in:6060 out:6060 type:B dur:2 cpbdur:2 q:30.33 aq:26.00 tex:0 mv:0 misc:264 imb:0 pmb:0 smb:4320 d:t ref:0 ;
in:6059 out:6061 type:b dur:2 cpbdur:2 q:30.34 aq:28.00 tex:0 mv:0 misc:248 imb:0 pmb:0 smb:4320 d:t ref:0 ;
in:6061 out:6062 type:b dur:2 cpbdur:2 q:30.31 aq:28.00 tex:0 mv:0 misc:248 imb:0 pmb:0 smb:4320 d:- ref:0 ;
in:6066 out:6063 type:P dur:2 cpbdur:2 q:30.22 aq:20.24 tex:1337 mv:66 misc:333 imb:2 pmb:7 smb:4311 d:t ref:0 ;
in:6064 out:6064 type:B dur:2 cpbdur:2 q:30.26 aq:26.00 tex:5 mv:11 misc:280 imb:0 pmb:5 smb:4315 d:s ref:0 ;
in:6063 out:6065 type:b dur:2 cpbdur:2 q:30.28 aq:28.00 tex:3 mv:15 misc:270 imb:0 pmb:5 smb:4315 d:t ref:0 ;
in:6065 out:6066 type:b dur:2 cpbdur:2 q:30.24 aq:28.00 tex:0 mv:0 misc:248 imb:0 pmb:0 smb:4320 d:- ref:0 ;
in:6070 out:6067 type:P dur:2 cpbdur:2 q:30.15 aq:20.24 tex:127 mv:20 misc:317 imb:1 pmb:2 smb:4317 d:t ref:0 ;
in:6068 out:6068 type:B dur:2 cpbdur:2 q:30.19 aq:26.00 tex:0 mv:0 misc:264 imb:0 pmb:0 smb:4320 d:t ref:0 ;
in:6067 out:6069 type:b dur:2 cpbdur:2 q:30.21 aq:28.00 tex:0 mv:0 misc:248 imb:0 pmb:0 smb:4320 d:t ref:0 ;
in:6069 out:6070 type:b dur:2 cpbdur:2 q:30.17 aq:28.00 tex:0 mv:0 misc:248 imb:0 pmb:0 smb:4320 d:- ref:0 ;
in:6074 out:6071 type:P dur:2 cpbdur:2 q:30.38 aq:20.24 tex:61 mv:16 misc:299 imb:1 pmb:1 smb:4318 d:t ref:0 ;
in:6072 out:6072 type:B dur:2 cpbdur:2 q:30.27 aq:26.00 tex:0 mv:0 misc:264 imb:0 pmb:0 smb:4320 d:t ref:0 ;
in:6071 out:6073 type:b dur:2 cpbdur:2 q:30.21 aq:28.00 tex:0 mv:0 misc:248 imb:0 pmb:0 smb:4320 d:t ref:0 ;
in:6073 out:6074 type:b dur:2 cpbdur:2 q:30.32 aq:28.00 tex:0 mv:0 misc:248 imb:0 pmb:0 smb:4320 d:- ref:0 ;
in:6078 out:6075 type:P dur:2 cpbdur:2 q:30.31 aq:20.24 tex:108 mv:28 misc:328 imb:1 pmb:4 smb:4315 d:t ref:0 ;
in:6076 out:6076 type:B dur:2 cpbdur:2 q:30.34 aq:26.00 tex:0 mv:0 misc:264 imb:0 pmb:0 smb:4320 d:t ref:0 ;
in:6075 out:6077 type:b dur:2 cpbdur:2 q:30.36 aq:28.00 tex:0 mv:0 misc:248 imb:0 pmb:0 smb:4320 d:t ref:0 ;
in:6077 out:6078 type:b dur:2 cpbdur:2 q:30.33 aq:28.00 tex:0 mv:0 misc:248 imb:0 pmb:0 smb:4320 d:- ref:0 ;
in:6082 out:6079 type:P dur:2 cpbdur:2 q:30.28 aq:20.24 tex:707 mv:52 misc:329 imb:1 pmb:6 smb:4313 d:t ref:0 ;
in:6080 out:6080 type:B dur:2 cpbdur:2 q:30.30 aq:26.00 tex:3 mv:8 misc:277 imb:0 pmb:3 smb:4317 d:t ref:0 ;
in:6079 out:6081 type:b dur:2 cpbdur:2 q:30.30 aq:28.00 tex:1 mv:10 misc:261 imb:0 pmb:3 smb:4317 d:t ref:0 ;
in:6081 out:6082 type:b dur:2 cpbdur:2 q:30.29 aq:28.00 tex:0 mv:0 misc:248 imb:0 pmb:0 smb:4320 d:- ref:0 ;
in:6086 out:6083 type:P dur:2 cpbdur:2 q:30.21 aq:20.24 tex:61 mv:16 misc:299 imb:1 pmb:1 smb:4318 d:- ref:0 ;
in:6084 out:6084 type:B dur:2 cpbdur:2 q:30.25 aq:26.00 tex:0 mv:0 misc:264 imb:0 pmb:0 smb:4320 d:- ref:0 ;
in:6083 out:6085 type:b dur:2 cpbdur:2 q:30.27 aq:28.00 tex:0 mv:0 misc:248 imb:0 pmb:0 smb:4320 d:- ref:0 ;
in:6085 out:6086 type:b dur:2 cpbdur:2 q:30.23 aq:28.00 tex:0 mv:0 misc:248 imb:0 pmb:0 smb:4320 d:- ref:0 ;
in:6090 out:6087 type:P dur:2 cpbdur:2 q:29.83 aq:17.55 tex:532 mv:72 misc:412 imb:2 pmb:18 smb:4300 d:- ref:0 ;
in:6088 out:6088 type:B dur:2 cpbdur:2 q:30.02 aq:26.00 tex:0 mv:0 misc:264 imb:0 pmb:0 smb:4320 d:- ref:0 ;
in:6087 out:6089 type:b dur:2 cpbdur:2 q:30.11 aq:28.00 tex:0 mv:0 misc:248 imb:0 pmb:0 smb:4320 d:- ref:0 ;
in:6089 out:6090 type:b dur:2 cpbdur:2 q:29.92 aq:28.00 tex:0 mv:0 misc:248 imb:0 pmb:0 smb:4320 d:- ref:0 ;
in:6094 out:6091 type:P dur:2 cpbdur:2 q:29.75 aq:19.33 tex:175 mv:30 misc:323 imb:1 pmb:5 smb:4314 d:- ref:0 ;
in:6092 out:6092 type:B dur:2 cpbdur:2 q:29.79 aq:26.00 tex:0 mv:0 misc:264 imb:0 pmb:0 smb:4320 d:- ref:0 ;
in:6091 out:6093 type:b dur:2 cpbdur:2 q:29.81 aq:28.00 tex:0 mv:0 misc:248 imb:0 pmb:0 smb:4320 d:- ref:0 ;
in:6093 out:6094 type:b dur:2 cpbdur:2 q:29.77 aq:28.00 tex:0 mv:0 misc:248 imb:0 pmb:0 smb:4320 d:- ref:0 ;
in:6098 out:6095 type:P dur:2 cpbdur:2 q:29.62 aq:18.30 tex:906 mv:83 misc:403 imb:1 pmb:18 smb:4301 d:- ref:0 ;
in:6096 out:6096 type:B dur:2 cpbdur:2 q:29.68 aq:26.00 tex:3 mv:12 misc:289 imb:0 pmb:5 smb:4315 d:- ref:0 ;
in:6095 out:6097 type:b dur:2 cpbdur:2 q:29.72 aq:28.00 tex:0 mv:16 misc:272 imb:0 pmb:5 smb:4315 d:- ref:0 ;
in:6097 out:6098 type:b dur:2 cpbdur:2 q:29.65 aq:27.00 tex:0 mv:0 misc:248 imb:0 pmb:0 smb:4320 d:- ref:0 ;
in:6102 out:6099 type:P dur:2 cpbdur:2 q:29.55 aq:17.57 tex:212 mv:58 misc:346 imb:3 pmb:6 smb:4311 d:- ref:0 ;
in:6100 out:6100 type:B dur:2 cpbdur:2 q:29.58 aq:25.00 tex:0 mv:0 misc:264 imb:0 pmb:0 smb:4320 d:- ref:0 ;
in:6099 out:6101 type:b dur:2 cpbdur:2 q:29.60 aq:27.00 tex:0 mv:0 misc:248 imb:0 pmb:0 smb:4320 d:- ref:0 ;
in:6101 out:6102 type:b dur:2 cpbdur:2 q:29.57 aq:27.00 tex:0 mv:0 misc:248 imb:0 pmb:0 smb:4320 d:- ref:0 ;
in:6106 out:6103 type:P dur:2 cpbdur:2 q:29.47 aq:17.70 tex:165 mv:51 misc:352 imb:2 pmb:8 smb:4310 d:- ref:0 ;
in:6104 out:6104 type:B dur:2 cpbdur:2 q:29.51 aq:25.00 tex:0 mv:0 misc:264 imb:0 pmb:0 smb:4320 d:- ref:0 ;
in:6103 out:6105 type:b dur:2 cpbdur:2 q:29.53 aq:27.00 tex:0 mv:0 misc:248 imb:0 pmb:0 smb:4320 d:- ref:0 ;
in:6105 out:6106 type:b dur:2 cpbdur:2 q:29.49 aq:27.00 tex:0 mv:0 misc:248 imb:0 pmb:0 smb:4320 d:- ref:0 ;
in:6110 out:6107 type:P dur:2 cpbdur:2 q:29.42 aq:18.24 tex:1694 mv:101 misc:413 imb:2 pmb:22 smb:4296 d:- ref:0 ;
in:6108 out:6108 type:B dur:2 cpbdur:2 q:29.44 aq:25.76 tex:32 mv:13 misc:275 imb:0 pmb:1 smb:4319 d:- ref:0 ;
in:6107 out:6109 type:b dur:2 cpbdur:2 q:29.46 aq:27.00 tex:1 mv:7 misc:264 imb:0 pmb:2 smb:4318 d:s ref:0 ;
in:6109 out:6110 type:b dur:2 cpbdur:2 q:29.43 aq:27.00 tex:0 mv:0 misc:248 imb:0 pmb:0 smb:4320 d:- ref:0 ;
in:6114 out:6111 type:P dur:2 cpbdur:2 q:29.67 aq:19.25 tex:1880 mv:95 misc:345 imb:1 pmb:17 smb:4302 d:- ref:0 ;
in:6112 out:6112 type:B dur:2 cpbdur:2 q:29.54 aq:25.00 tex:3 mv:11 misc:282 imb:0 pmb:4 smb:4316 d:- ref:0 ;
in:6111 out:6113 type:b dur:2 cpbdur:2 q:29.48 aq:27.00 tex:3 mv:28 misc:273 imb:0 pmb:5 smb:4315 d:s ref:0 ;
in:6113 out:6114 type:b dur:2 cpbdur:2 q:29.61 aq:27.00 tex:0 mv:0 misc:248 imb:0 pmb:0 smb:4320 d:- ref:0 ;
in:6118 out:6115 type:P dur:2 cpbdur:2 q:29.60 aq:19.25 tex:828 mv:62 misc:350 imb:1 pmb:14 smb:4305 d:- ref:0 ;
in:6116 out:6116 type:B dur:2 cpbdur:2 q:29.63 aq:26.00 tex:0 mv:0 misc:264 imb:0 pmb:0 smb:4320 d:- ref:0 ;
in:6115 out:6117 type:b dur:2 cpbdur:2 q:29.65 aq:27.00 tex:0 mv:0 misc:248 imb:0 pmb:0 smb:4320 d:- ref:0 ;
in:6117 out:6118 type:b dur:2 cpbdur:2 q:29.61 aq:27.00 tex:0 mv:0 misc:248 imb:0 pmb:0 smb:4320 d:- ref:0 ;
in:6122 out:6119 type:P dur:2 cpbdur:2 q:29.57 aq:18.57 tex:276 mv:59 misc:353 imb:2 pmb:10 smb:4308 d:- ref:0 ;
in:6120 out:6120 type:B dur:2 cpbdur:2 q:29.58 aq:25.00 tex:0 mv:0 misc:264 imb:0 pmb:0 smb:4320 d:- ref:0 ;
in:6119 out:6121 type:b dur:2 cpbdur:2 q:29.59 aq:27.00 tex:0 mv:0 misc:248 imb:0 pmb:0 smb:4320 d:- ref:0 ;
in:6121 out:6122 type:b dur:2 cpbdur:2 q:29.58 aq:27.00 tex:0 mv:0 misc:248 imb:0 pmb:0 smb:4320 d:- ref:0 ;
in:6126 out:6123 type:P dur:2 cpbdur:2 q:29.49 aq:18.61 tex:368 mv:59 misc:365 imb:2 pmb:10 smb:4308 d:- ref:0 ;
in:6124 out:6124 type:B dur:2 cpbdur:2 q:29.53 aq:25.00 tex:0 mv:0 misc:264 imb:0 pmb:0 smb:4320 d:- ref:0 ;
in:6123 out:6125 type:b dur:2 cpbdur:2 q:29.55 aq:27.00 tex:0 mv:0 misc:248 imb:0 pmb:0 smb:4320 d:- ref:0 ;
in:6125 out:6126 type:b dur:2 cpbdur:2 q:29.51 aq:27.00 tex:0 mv:0 misc:248 imb:0 pmb:0 smb:4320 d:- ref:0 ;
in:6130 out:6127 type:P dur:2 cpbdur:2 q:29.39 aq:19.09 tex:1000 mv:157 misc:419 imb:4 pmb:39 smb:4277 d:s ref:0 ;
in:6128 out:6128 type:B dur:2 cpbdur:2 q:29.44 aq:25.00 tex:2 mv:9 misc:277 imb:0 pmb:3 smb:4317 d:s ref:0 ;
in:6127 out:6129 type:b dur:2 cpbdur:2 q:29.46 aq:27.00 tex:1 mv:10 misc:261 imb:0 pmb:3 smb:4317 d:s ref:0 ;
in:6129 out:6130 type:b dur:2 cpbdur:2 q:29.41 aq:27.00 tex:0 mv:0 misc:248 imb:0 pmb:0 smb:4320 d:- ref:0 ;
in:6134 out:6131 type:P dur:2 cpbdur:2 q:29.38 aq:18.21 tex:326 mv:63 misc:387 imb:2 pmb:12 smb:4306 d:s ref:0 ;
in:6132 out:6132 type:B dur:2 cpbdur:2 q:29.39 aq:25.00 tex:0 mv:0 misc:264 imb:0 pmb:0 smb:4320 d:s ref:0 ;
in:6131 out:6133 type:b dur:2 cpbdur:2 q:29.39 aq:27.00 tex:0 mv:0 misc:248 imb:0 pmb:0 smb:4320 d:s ref:0 ;
in:6133 out:6134 type:b dur:2 cpbdur:2 q:29.39 aq:27.00 tex:0 mv:0 misc:248 imb:0 pmb:0 smb:4320 d:- ref:0 ;
in:6138 out:6135 type:P dur:2 cpbdur:2 q:29.38 aq:17.70 tex:170 mv:54 misc:360 imb:2 pmb:9 smb:4309 d:s ref:0 ;
in:6136 out:6136 type:B dur:2 cpbdur:2 q:29.38 aq:25.00 tex:0 mv:0 misc:264 imb:0 pmb:0 smb:4320 d:s ref:0 ;
in:6135 out:6137 type:b dur:2 cpbdur:2 q:29.38 aq:27.00 tex:0 mv:0 misc:248 imb:0 pmb:0 smb:4320 d:s ref:0 ;
in:6137 out:6138 type:b dur:2 cpbdur:2 q:29.38 aq:27.00 tex:0 mv:0 misc:248 imb:0 pmb:0 smb:4320 d:- ref:0 ;
in:6142 out:6139 type:P dur:2 cpbdur:2 q:29.37 aq:17.70 tex:170 mv:54 misc:360 imb:2 pmb:9 smb:4309 d:s ref:0 ;
in:6140 out:6140 type:B dur:2 cpbdur:2 q:29.38 aq:25.00 tex:0 mv:0 misc:264 imb:0 pmb:0 smb:4320 d:s ref:0 ;
in:6139 out:6141 type:b dur:2 cpbdur:2 q:29.38 aq:27.00 tex:0 mv:0 misc:248 imb:0 pmb:0 smb:4320 d:s ref:0 ;
in:6141 out:6142 type:b dur:2 cpbdur:2 q:29.37 aq:27.00 tex:0 mv:0 misc:248 imb:0 pmb:0 smb:4320 d:- ref:0 ;
in:6146 out:6143 type:P dur:2 cpbdur:2 q:29.37 aq:18.01 tex:1405 mv:96 misc:387 imb:2 pmb:15 smb:4303 d:s ref:0 ;
in:6144 out:6144 type:B dur:2 cpbdur:2 q:29.37 aq:25.00 tex:5 mv:15 misc:284 imb:0 pmb:6 smb:4314 d:s ref:0 ;
in:6143 out:6145 type:b dur:2 cpbdur:2 q:29.37 aq:27.00 tex:1 mv:16 misc:271 imb:0 pmb:6 smb:4314 d:s ref:0 ;
in:6145 out:6146 type:b dur:2 cpbdur:2 q:29.37 aq:27.00 tex:0 mv:0 misc:248 imb:0 pmb:0 smb:4320 d:- ref:0 ;
in:6150 out:6147 type:P dur:2 cpbdur:2 q:29.36 aq:18.11 tex:478 mv:78 misc:396 imb:3 pmb:14 smb:4303 d:s ref:0 ;
in:6148 out:6148 type:B dur:2 cpbdur:2 q:29.36 aq:25.00 tex:0 mv:0 misc:264 imb:0 pmb:0 smb:4320 d:s ref:0 ;
in:6147 out:6149 type:b dur:2 cpbdur:2 q:29.37 aq:27.00 tex:0 mv:0 misc:248 imb:0 pmb:0 smb:4320 d:s ref:0 ;
in:6149 out:6150 type:b dur:2 cpbdur:2 q:29.36 aq:27.00 tex:0 mv:0 misc:248 imb:0 pmb:0 smb:4320 d:- ref:0 ;
in:6154 out:6151 type:P dur:2 cpbdur:2 q:29.36 aq:17.58 tex:228 mv:59 misc:369 imb:2 pmb:11 smb:4307 d:s ref:0 ;
in:6152 out:6152 type:B dur:2 cpbdur:2 q:29.36 aq:25.00 tex:0 mv:0 misc:264 imb:0 pmb:0 smb:4320 d:s ref:0 ;
in:6151 out:6153 type:b dur:2 cpbdur:2 q:29.36 aq:27.00 tex:0 mv:0 misc:248 imb:0 pmb:0 smb:4320 d:s ref:0 ;
in:6153 out:6154 type:b dur:2 cpbdur:2 q:29.36 aq:27.00 tex:0 mv:0 misc:248 imb:0 pmb:0 smb:4320 d:- ref:0 ;
in:6158 out:6155 type:P dur:2 cpbdur:2 q:29.35 aq:17.50 tex:220 mv:58 misc:370 imb:2 pmb:11 smb:4307 d:s ref:0 ;
in:6156 out:6156 type:B dur:2 cpbdur:2 q:29.35 aq:25.00 tex:0 mv:0 misc:264 imb:0 pmb:0 smb:4320 d:s ref:0 ;
in:6155 out:6157 type:b dur:2 cpbdur:2 q:29.36 aq:27.00 tex:0 mv:0 misc:248 imb:0 pmb:0 smb:4320 d:s ref:0 ;
in:6157 out:6158 type:b dur:2 cpbdur:2 q:29.35 aq:27.00 tex:0 mv:0 misc:248 imb:0 pmb:0 smb:4320 d:- ref:0 ;
in:6162 out:6159 type:P dur:2 cpbdur:2 q:29.35 aq:18.07 tex:1254 mv:92 misc:382 imb:3 pmb:14 smb:4303 d:s ref:0 ;
in:6160 out:6160 type:B dur:2 cpbdur:2 q:29.35 aq:25.00 tex:3 mv:12 misc:281 imb:0 pmb:4 smb:4316 d:s ref:0 ;
in:6159 out:6161 type:b dur:2 cpbdur:2 q:29.35 aq:27.00 tex:2 mv:12 misc:266 imb:0 pmb:4 smb:4316 d:s ref:0 ;
in:6161 out:6162 type:b dur:2 cpbdur:2 q:29.35 aq:27.00 tex:0 mv:0 misc:248 imb:0 pmb:0 smb:4320 d:- ref:0 ;
in:6166 out:6163 type:P dur:2 cpbdur:2 q:29.34 aq:17.70 tex:175 mv:58 misc:367 imb:2 pmb:10 smb:4308 d:s ref:0 ;
in:6164 out:6164 type:B dur:2 cpbdur:2 q:29.34 aq:25.00 tex:0 mv:0 misc:264 imb:0 pmb:0 smb:4320 d:s ref:0 ;
in:6163 out:6165 type:b dur:2 cpbdur:2 q:29.34 aq:27.00 tex:0 mv:0 misc:248 imb:0 pmb:0 smb:4320 d:s ref:0 ;
in:6165 out:6166 type:b dur:2 cpbdur:2 q:29.34 aq:27.00 tex:0 mv:0 misc:248 imb:0 pmb:0 smb:4320 d:- ref:0 ;
in:6170 out:6167 type:P dur:2 cpbdur:2 q:29.33 aq:17.70 tex:175 mv:58 misc:367 imb:2 pmb:10 smb:4308 d:s ref:0 ;
in:6168 out:6168 type:B dur:2 cpbdur:2 q:29.34 aq:25.00 tex:0 mv:0 misc:264 imb:0 pmb:0 smb:4320 d:s ref:0 ;
in:6167 out:6169 type:b dur:2 cpbdur:2 q:29.34 aq:27.00 tex:0 mv:0 misc:248 imb:0 pmb:0 smb:4320 d:s ref:0 ;
in:6169 out:6170 type:b dur:2 cpbdur:2 q:29.34 aq:27.00 tex:0 mv:0 misc:248 imb:0 pmb:0 smb:4320 d:- ref:0 ;
in:6174 out:6171 type:P dur:2 cpbdur:2 q:29.33 aq:17.70 tex:175 mv:58 misc:367 imb:2 pmb:10 smb:4308 d:s ref:0 ;
in:6172 out:6172 type:B dur:2 cpbdur:2 q:29.33 aq:25.00 tex:0 mv:0 misc:264 imb:0 pmb:0 smb:4320 d:s ref:0 ;
in:6171 out:6173 type:b dur:2 cpbdur:2 q:29.33 aq:27.00 tex:0 mv:0 misc:248 imb:0 pmb:0 smb:4320 d:s ref:0 ;
in:6173 out:6174 type:b dur:2 cpbdur:2 q:29.33 aq:27.00 tex:0 mv:0 misc:248 imb:0 pmb:0 smb:4320 d:- ref:0 ;
in:6178 out:6175 type:P dur:2 cpbdur:2 q:29.32 aq:18.08 tex:1139 mv:88 misc:389 imb:2 pmb:16 smb:4302 d:s ref:0 ;
in:6176 out:6176 type:B dur:2 cpbdur:2 q:29.33 aq:25.00 tex:3 mv:9 misc:284 imb:0 pmb:3 smb:4317 d:s ref:0 ;
in:6175 out:6177 type:b dur:2 cpbdur:2 q:29.33 aq:27.00 tex:2 mv:8 misc:262 imb:0 pmb:3 smb:4317 d:s ref:0 ;
in:6177 out:6178 type:b dur:2 cpbdur:2 q:29.32 aq:27.00 tex:0 mv:0 misc:248 imb:0 pmb:0 smb:4320 d:- ref:0 ;
in:6182 out:6179 type:P dur:2 cpbdur:2 q:29.32 aq:18.10 tex:311 mv:67 misc:382 imb:2 pmb:13 smb:4305 d:s ref:0 ;
in:6180 out:6180 type:B dur:2 cpbdur:2 q:29.32 aq:25.00 tex:0 mv:0 misc:264 imb:0 pmb:0 smb:4320 d:s ref:0 ;
in:6179 out:6181 type:b dur:2 cpbdur:2 q:29.32 aq:27.00 tex:0 mv:0 misc:248 imb:0 pmb:0 smb:4320 d:s ref:0 ;
in:6181 out:6182 type:b dur:2 cpbdur:2 q:29.32 aq:27.00 tex:0 mv:0 misc:248 imb:0 pmb:0 smb:4320 d:- ref:0 ;
in:6186 out:6183 type:P dur:2 cpbdur:2 q:29.31 aq:18.39 tex:266 mv:66 misc:396 imb:2 pmb:14 smb:4304 d:s ref:0 ;
in:6184 out:6184 type:B dur:2 cpbdur:2 q:29.32 aq:25.00 tex:0 mv:0 misc:264 imb:0 pmb:0 smb:4320 d:s ref:0 ;
in:6183 out:6185 type:b dur:2 cpbdur:2 q:29.32 aq:27.00 tex:0 mv:0 misc:248 imb:0 pmb:0 smb:4320 d:s ref:0 ;
in:6185 out:6186 type:b dur:2 cpbdur:2 q:29.31 aq:27.00 tex:0 mv:0 misc:248 imb:0 pmb:0 smb:4320 d:- ref:0 ;
in:6190 out:6187 type:P dur:2 cpbdur:2 q:29.31 aq:17.78 tex:210 mv:55 misc:367 imb:2 pmb:9 smb:4309 d:s ref:0 ;
in:6188 out:6188 type:B dur:2 cpbdur:2 q:29.31 aq:25.00 tex:0 mv:0 misc:264 imb:0 pmb:0 smb:4320 d:s ref:0 ;
in:6187 out:6189 type:b dur:2 cpbdur:2 q:29.31 aq:27.00 tex:0 mv:0 misc:248 imb:0 pmb:0 smb:4320 d:s ref:0 ;
in:6189 out:6190 type:b dur:2 cpbdur:2 q:29.31 aq:27.00 tex:0 mv:0 misc:248 imb:0 pmb:0 smb:4320 d:- ref:0 ;
in:6194 out:6191 type:P dur:2 cpbdur:2 q:29.30 aq:18.06 tex:949 mv:80 misc:379 imb:2 pmb:13 smb:4305 d:s ref:0 ;
in:6192 out:6192 type:B dur:2 cpbdur:2 q:29.30 aq:25.00 tex:1 mv:6 misc:273 imb:0 pmb:2 smb:4318 d:s ref:0 ;
in:6191 out:6193 type:b dur:2 cpbdur:2 q:29.31 aq:27.00 tex:2 mv:8 misc:262 imb:0 pmb:3 smb:4317 d:s ref:0 ;
in:6193 out:6194 type:b dur:2 cpbdur:2 q:29.30 aq:27.00 tex:0 mv:0 misc:248 imb:0 pmb:0 smb:4320 d:- ref:0 ;
in:6198 out:6195 type:P dur:2 cpbdur:2 q:29.30 aq:17.70 tex:170 mv:65 misc:365 imb:2 pmb:10 smb:4308 d:s ref:0 ;
in:6196 out:6196 type:B dur:2 cpbdur:2 q:29.30 aq:25.00 tex:0 mv:0 misc:264 imb:0 pmb:0 smb:4320 d:s ref:0 ;
in:6195 out:6197 type:b dur:2 cpbdur:2 q:29.30 aq:27.00 tex:0 mv:0 misc:248 imb:0 pmb:0 smb:4320 d:s ref:0 ;
in:6197 out:6198 type:b dur:2 cpbdur:2 q:29.30 aq:27.00 tex:0 mv:0 misc:248 imb:0 pmb:0 smb:4320 d:- ref:0 ;
in:6202 out:6199 type:P dur:2 cpbdur:2 q:29.29 aq:17.70 tex:170 mv:54 misc:360 imb:2 pmb:9 smb:4309 d:s ref:0 ;
in:6200 out:6200 type:B dur:2 cpbdur:2 q:29.29 aq:25.00 tex:0 mv:0 misc:264 imb:0 pmb:0 smb:4320 d:s ref:0 ;
in:6199 out:6201 type:b dur:2 cpbdur:2 q:29.29 aq:27.00 tex:0 mv:0 misc:248 imb:0 pmb:0 smb:4320 d:s ref:0 ;
in:6201 out:6202 type:b dur:2 cpbdur:2 q:29.29 aq:27.00 tex:0 mv:0 misc:248 imb:0 pmb:0 smb:4320 d:- ref:0 ;
in:6206 out:6203 type:P dur:2 cpbdur:2 q:29.29 aq:17.70 tex:170 mv:54 misc:360 imb:2 pmb:9 smb:4309 d:s ref:0 ;
in:6204 out:6204 type:B dur:2 cpbdur:2 q:29.29 aq:25.00 tex:0 mv:0 misc:264 imb:0 pmb:0 smb:4320 d:s ref:0 ;
in:6203 out:6205 type:b dur:2 cpbdur:2 q:29.29 aq:27.00 tex:0 mv:0 misc:248 imb:0 pmb:0 smb:4320 d:s ref:0 ;
in:6205 out:6206 type:b dur:2 cpbdur:2 q:29.29 aq:27.00 tex:0 mv:0 misc:248 imb:0 pmb:0 smb:4320 d:- ref:0 ;
in:6210 out:6207 type:P dur:2 cpbdur:2 q:29.28 aq:18.08 tex:840 mv:83 misc:381 imb:2 pmb:13 smb:4305 d:s ref:0 ;
in:6208 out:6208 type:B dur:2 cpbdur:2 q:29.28 aq:25.00 tex:3 mv:9 misc:284 imb:0 pmb:3 smb:4317 d:- ref:0 ;
in:6207 out:6209 type:b dur:2 cpbdur:2 q:29.28 aq:27.00 tex:2 mv:8 misc:262 imb:0 pmb:3 smb:4317 d:s ref:0 ;
in:6209 out:6210 type:b dur:2 cpbdur:2 q:29.28 aq:27.00 tex:0 mv:0 misc:248 imb:0 pmb:0 smb:4320 d:- ref:0 ;
in:6214 out:6211 type:P dur:2 cpbdur:2 q:29.27 aq:17.86 tex:185 mv:60 misc:371 imb:2 pmb:10 smb:4308 d:s ref:0 ;
in:6212 out:6212 type:B dur:2 cpbdur:2 q:29.28 aq:25.00 tex:0 mv:0 misc:264 imb:0 pmb:0 smb:4320 d:s ref:0 ;
in:6211 out:6213 type:b dur:2 cpbdur:2 q:29.28 aq:27.00 tex:0 mv:0 misc:248 imb:0 pmb:0 smb:4320 d:s ref:0 ;
in:6213 out:6214 type:b dur:2 cpbdur:2 q:29.28 aq:27.00 tex:0 mv:0 misc:248 imb:0 pmb:0 smb:4320 d:- ref:0 ;
in:6218 out:6215 type:P dur:2 cpbdur:2 q:29.27 aq:16.97 tex:185 mv:58 misc:365 imb:2 pmb:10 smb:4308 d:s ref:0 ;
in:6216 out:6216 type:B dur:2 cpbdur:2 q:29.27 aq:25.00 tex:0 mv:0 misc:264 imb:0 pmb:0 smb:4320 d:s ref:0 ;
in:6215 out:6217 type:b dur:2 cpbdur:2 q:29.27 aq:27.00 tex:0 mv:0 misc:248 imb:0 pmb:0 smb:4320 d:s ref:0 ;
in:6217 out:6218 type:b dur:2 cpbdur:2 q:29.27 aq:27.00 tex:0 mv:0 misc:248 imb:0 pmb:0 smb:4320 d:- ref:0 ;
in:6222 out:6219 type:P dur:2 cpbdur:2 q:29.26 aq:17.70 tex:170 mv:54 misc:360 imb:2 pmb:9 smb:4309 d:s ref:0 ;
in:6220 out:6220 type:B dur:2 cpbdur:2 q:29.27 aq:25.00 tex:0 mv:0 misc:264 imb:0 pmb:0 smb:4320 d:s ref:0 ;
in:6219 out:6221 type:b dur:2 cpbdur:2 q:29.27 aq:27.00 tex:0 mv:0 misc:248 imb:0 pmb:0 smb:4320 d:s ref:0 ;
in:6221 out:6222 type:b dur:2 cpbdur:2 q:29.26 aq:27.00 tex:0 mv:0 misc:248 imb:0 pmb:0 smb:4320 d:- ref:0 ;
in:6226 out:6223 type:P dur:2 cpbdur:2 q:29.26 aq:18.58 tex:1020 mv:92 misc:416 imb:2 pmb:19 smb:4299 d:- ref:0 ;
in:6224 out:6224 type:B dur:2 cpbdur:2 q:29.26 aq:25.00 tex:3 mv:9 misc:284 imb:0 pmb:3 smb:4317 d:- ref:0 ;
in:6223 out:6225 type:b dur:2 cpbdur:2 q:29.26 aq:27.00 tex:2 mv:8 misc:262 imb:0 pmb:3 smb:4317 d:- ref:0 ;
in:6225 out:6226 type:b dur:2 cpbdur:2 q:29.26 aq:27.00 tex:0 mv:0 misc:248 imb:0 pmb:0 smb:4320 d:- ref:0 ;
in:6230 out:6227 type:P dur:2 cpbdur:2 q:29.25 aq:17.70 tex:175 mv:58 misc:367 imb:2 pmb:10 smb:4308 d:- ref:0 ;
in:6228 out:6228 type:B dur:2 cpbdur:2 q:29.26 aq:25.00 tex:0 mv:0 misc:264 imb:0 pmb:0 smb:4320 d:- ref:0 ;
in:6227 out:6229 type:b dur:2 cpbdur:2 q:29.26 aq:27.00 tex:0 mv:0 misc:248 imb:0 pmb:0 smb:4320 d:- ref:0 ;
in:6229 out:6230 type:b dur:2 cpbdur:2 q:29.25 aq:27.00 tex:0 mv:0 misc:248 imb:0 pmb:0 smb:4320 d:- ref:0 ;
in:6234 out:6231 type:P dur:2 cpbdur:2 q:29.25 aq:17.58 tex:240 mv:70 misc:370 imb:3 pmb:10 smb:4307 d:- ref:0 ;
in:6232 out:6232 type:B dur:2 cpbdur:2 q:29.25 aq:25.00 tex:0 mv:0 misc:264 imb:0 pmb:0 smb:4320 d:- ref:0 ;
in:6231 out:6233 type:b dur:2 cpbdur:2 q:29.25 aq:27.00 tex:0 mv:0 misc:248 imb:0 pmb:0 smb:4320 d:- ref:0 ;
in:6233 out:6234 type:b dur:2 cpbdur:2 q:29.25 aq:27.00 tex:0 mv:0 misc:248 imb:0 pmb:0 smb:4320 d:- ref:0 ;
in:6238 out:6235 type:P dur:2 cpbdur:2 q:29.24 aq:18.08 tex:688 mv:79 misc:385 imb:2 pmb:13 smb:4305 d:- ref:0 ;
in:6236 out:6236 type:B dur:2 cpbdur:2 q:29.24 aq:25.00 tex:3 mv:9 misc:284 imb:0 pmb:3 smb:4317 d:- ref:0 ;
in:6235 out:6237 type:b dur:2 cpbdur:2 q:29.25 aq:27.00 tex:0 mv:0 misc:248 imb:0 pmb:0 smb:4320 d:- ref:0 ;
in:6237 out:6238 type:b dur:2 cpbdur:2 q:29.24 aq:27.00 tex:2 mv:10 misc:260 imb:0 pmb:3 smb:4317 d:- ref:0 ;
in:6242 out:6239 type:P dur:2 cpbdur:2 q:29.24 aq:18.08 tex:272 mv:65 misc:391 imb:2 pmb:13 smb:4305 d:- ref:0 ;
in:6240 out:6240 type:B dur:2 cpbdur:2 q:29.24 aq:25.00 tex:0 mv:0 misc:264 imb:0 pmb:0 smb:4320 d:- ref:0 ;
in:6239 out:6241 type:b dur:2 cpbdur:2 q:29.24 aq:27.00 tex:0 mv:0 misc:248 imb:0 pmb:0 smb:4320 d:- ref:0 ;
in:6241 out:6242 type:b dur:2 cpbdur:2 q:29.24 aq:27.00 tex:0 mv:0 misc:248 imb:0 pmb:0 smb:4320 d:- ref:0 ;
in:6246 out:6243 type:P dur:2 cpbdur:2 q:29.23 aq:17.70 tex:170 mv:54 misc:360 imb:2 pmb:9 smb:4309 d:- ref:0 ;
in:6244 out:6244 type:B dur:2 cpbdur:2 q:29.23 aq:25.00 tex:0 mv:0 misc:264 imb:0 pmb:0 smb:4320 d:- ref:0 ;
in:6243 out:6245 type:b dur:2 cpbdur:2 q:29.23 aq:27.00 tex:0 mv:0 misc:248 imb:0 pmb:0 smb:4320 d:- ref:0 ;
in:6245 out:6246 type:b dur:2 cpbdur:2 q:29.23 aq:27.00 tex:0 mv:0 misc:248 imb:0 pmb:0 smb:4320 d:- ref:0 ;
in:6250 out:6247 type:P dur:2 cpbdur:2 q:29.23 aq:17.70 tex:170 mv:54 misc:360 imb:2 pmb:9 smb:4309 d:- ref:0 ;
in:6248 out:6248 type:B dur:2 cpbdur:2 q:29.23 aq:25.00 tex:0 mv:0 misc:264 imb:0 pmb:0 smb:4320 d:- ref:0 ;
in:6247 out:6249 type:b dur:2 cpbdur:2 q:29.23 aq:27.00 tex:0 mv:0 misc:248 imb:0 pmb:0 smb:4320 d:- ref:0 ;
in:6249 out:6250 type:b dur:2 cpbdur:2 q:29.23 aq:27.00 tex:0 mv:0 misc:248 imb:0 pmb:0 smb:4320 d:- ref:0 ;
in:6254 out:6251 type:P dur:2 cpbdur:2 q:29.22 aq:17.96 tex:1596 mv:95 misc:389 imb:5 pmb:13 smb:4302 d:- ref:0 ;
in:6252 out:6252 type:B dur:2 cpbdur:2 q:29.22 aq:25.00 tex:4 mv:23 misc:285 imb:0 pmb:5 smb:4315 d:- ref:0 ;
in:6251 out:6253 type:b dur:2 cpbdur:2 q:29.22 aq:27.00 tex:1 mv:3 misc:252 imb:0 pmb:1 smb:4319 d:s ref:0 ;
in:6253 out:6254 type:b dur:2 cpbdur:2 q:29.22 aq:27.00 tex:3 mv:12 misc:265 imb:0 pmb:4 smb:4316 d:- ref:0 ;
in:6258 out:6255 type:P dur:2 cpbdur:2 q:29.21 aq:17.82 tex:187 mv:56 misc:365 imb:2 pmb:10 smb:4308 d:- ref:0 ;
in:6256 out:6256 type:B dur:2 cpbdur:2 q:29.22 aq:25.00 tex:0 mv:0 misc:264 imb:0 pmb:0 smb:4320 d:- ref:0 ;
in:6255 out:6257 type:b dur:2 cpbdur:2 q:29.22 aq:27.00 tex:0 mv:0 misc:248 imb:0 pmb:0 smb:4320 d:- ref:0 ;
in:6257 out:6258 type:b dur:2 cpbdur:2 q:29.22 aq:27.00 tex:0 mv:0 misc:248 imb:0 pmb:0 smb:4320 d:- ref:0 ;
in:6262 out:6259 type:P dur:2 cpbdur:2 q:29.21 aq:17.70 tex:170 mv:54 misc:360 imb:2 pmb:9 smb:4309 d:- ref:0 ;
in:6260 out:6260 type:B dur:2 cpbdur:2 q:29.21 aq:25.00 tex:0 mv:0 misc:264 imb:0 pmb:0 smb:4320 d:- ref:0 ;
in:6259 out:6261 type:b dur:2 cpbdur:2 q:29.21 aq:27.00 tex:0 mv:0 misc:248 imb:0 pmb:0 smb:4320 d:- ref:0 ;
in:6261 out:6262 type:b dur:2 cpbdur:2 q:29.21 aq:27.00 tex:0 mv:0 misc:248 imb:0 pmb:0 smb:4320 d:- ref:0 ;
in:6266 out:6263 type:P dur:2 cpbdur:2 q:29.20 aq:17.70 tex:170 mv:65 misc:365 imb:2 pmb:10 smb:4308 d:- ref:0 ;
in:6264 out:6264 type:B dur:2 cpbdur:2 q:29.21 aq:25.00 tex:0 mv:0 misc:264 imb:0 pmb:0 smb:4320 d:- ref:0 ;
in:6263 out:6265 type:b dur:2 cpbdur:2 q:29.21 aq:27.00 tex:0 mv:0 misc:248 imb:0 pmb:0 smb:4320 d:- ref:0 ;
in:6265 out:6266 type:b dur:2 cpbdur:2 q:29.21 aq:27.00 tex:0 mv:0 misc:248 imb:0 pmb:0 smb:4320 d:- ref:0 ;
in:6270 out:6267 type:P dur:2 cpbdur:2 q:29.20 aq:19.78 tex:856 mv:90 misc:390 imb:2 pmb:16 smb:4302 d:- ref:0 ;
in:6268 out:6268 type:B dur:2 cpbdur:2 q:29.20 aq:25.00 tex:1 mv:11 misc:284 imb:0 pmb:3 smb:4317 d:- ref:0 ;
in:6267 out:6269 type:b dur:2 cpbdur:2 q:29.20 aq:27.00 tex:0 mv:0 misc:248 imb:0 pmb:0 smb:4320 d:- ref:0 ;
in:6269 out:6270 type:b dur:2 cpbdur:2 q:29.20 aq:27.00 tex:2 mv:9 misc:261 imb:0 pmb:3 smb:4317 d:- ref:0 ;
in:6272 out:6271 type:P dur:2 cpbdur:2 q:29.19 aq:25.00 tex:0 mv:0 misc:280 imb:0 pmb:0 smb:4320 d:s ref:0 ;
in:6271 out:6272 type:b dur:2 cpbdur:2 q:29.20 aq:27.00 tex:0 mv:0 misc:248 imb:0 pmb:0 smb:4320 d:s ref:0 ;
in:6273 out:6273 type:I dur:2 cpbdur:2 q:26.31 aq:12.41 tex:512843 mv:50155 misc:546 imb:4320 pmb:0 smb:0 d:s ref:;
in:6277 out:6274 type:P dur:2 cpbdur:2 q:29.19 aq:19.79 tex:822 mv:297 misc:561 imb:26 pmb:44 smb:4250 d:s ref:0 ;
in:6275 out:6275 type:B dur:2 cpbdur:2 q:29.19 aq:25.00 tex:0 mv:0 misc:248 imb:0 pmb:0 smb:4320 d:s ref:0 ;
in:6274 out:6276 type:b dur:2 cpbdur:2 q:29.19 aq:27.00 tex:0 mv:0 misc:248 imb:0 pmb:0 smb:4320 d:s ref:0 ;
in:6276 out:6277 type:b dur:2 cpbdur:2 q:29.19 aq:27.00 tex:0 mv:0 misc:248 imb:0 pmb:0 smb:4320 d:- ref:0 ;
in:6281 out:6278 type:P dur:2 cpbdur:2 q:29.18 aq:19.14 tex:165 mv:69 misc:366 imb:5 pmb:6 smb:4309 d:s ref:0 ;
in:6279 out:6279 type:B dur:2 cpbdur:2 q:29.19 aq:25.00 tex:0 mv:0 misc:264 imb:0 pmb:0 smb:4320 d:s ref:0 ;
in:6278 out:6280 type:b dur:2 cpbdur:2 q:29.19 aq:27.00 tex:0 mv:0 misc:248 imb:0 pmb:0 smb:4320 d:- ref:0 ;
in:6280 out:6281 type:b dur:2 cpbdur:2 q:29.18 aq:27.00 tex:0 mv:0 misc:248 imb:0 pmb:0 smb:4320 d:- ref:0 ;
in:6285 out:6282 type:P dur:2 cpbdur:2 q:29.18 aq:19.36 tex:137 mv:73 misc:358 imb:6 pmb:5 smb:4309 d:- ref:0 ;
in:6283 out:6283 type:B dur:2 cpbdur:2 q:29.18 aq:25.00 tex:0 mv:0 misc:264 imb:0 pmb:0 smb:4320 d:- ref:0 ;
in:6282 out:6284 type:b dur:2 cpbdur:2 q:29.18 aq:27.00 tex:0 mv:0 misc:248 imb:0 pmb:0 smb:4320 d:- ref:0 ;
in:6284 out:6285 type:b dur:2 cpbdur:2 q:29.18 aq:27.00 tex:0 mv:0 misc:248 imb:0 pmb:0 smb:4320 d:- ref:0 ;
in:6289 out:6286 type:P dur:2 cpbdur:2 q:29.17 aq:19.53 tex:590 mv:110 misc:380 imb:7 pmb:9 smb:4304 d:- ref:0 ;
in:6287 out:6287 type:B dur:2 cpbdur:2 q:29.18 aq:25.00 tex:2 mv:9 misc:277 imb:0 pmb:3 smb:4317 d:- ref:0 ;
in:6286 out:6288 type:b dur:2 cpbdur:2 q:29.18 aq:27.00 tex:1 mv:8 misc:263 imb:0 pmb:3 smb:4317 d:s ref:0 ;
in:6288 out:6289 type:b dur:2 cpbdur:2 q:29.17 aq:27.00 tex:0 mv:0 misc:248 imb:0 pmb:0 smb:4320 d:- ref:0 ;
in:6293 out:6290 type:P dur:2 cpbdur:2 q:29.17 aq:19.36 tex:137 mv:73 misc:358 imb:6 pmb:5 smb:4309 d:- ref:0 ;
in:6291 out:6291 type:B dur:2 cpbdur:2 q:29.17 aq:25.00 tex:0 mv:0 misc:264 imb:0 pmb:0 smb:4320 d:- ref:0 ;
in:6290 out:6292 type:b dur:2 cpbdur:2 q:29.17 aq:27.00 tex:0 mv:0 misc:248 imb:0 pmb:0 smb:4320 d:- ref:0 ;
in:6292 out:6293 type:b dur:2 cpbdur:2 q:29.17 aq:27.00 tex:0 mv:0 misc:248 imb:0 pmb:0 smb:4320 d:- ref:0 ;
in:6297 out:6294 type:P dur:2 cpbdur:2 q:29.19 aq:19.36 tex:137 mv:73 misc:358 imb:6 pmb:5 smb:4309 d:- ref:0 ;
in:6295 out:6295 type:B dur:2 cpbdur:2 q:29.18 aq:25.00 tex:0 mv:0 misc:264 imb:0 pmb:0 smb:4320 d:- ref:0 ;
in:6294 out:6296 type:b dur:2 cpbdur:2 q:29.17 aq:27.00 tex:0 mv:0 misc:248 imb:0 pmb:0 smb:4320 d:- ref:0 ;
in:6296 out:6297 type:b dur:2 cpbdur:2 q:29.18 aq:27.00 tex:0 mv:0 misc:248 imb:0 pmb:0 smb:4320 d:- ref:0 ;
in:6301 out:6298 type:P dur:2 cpbdur:2 q:29.19 aq:19.36 tex:139 mv:74 misc:355 imb:6 pmb:5 smb:4309 d:s ref:0 ;
in:6299 out:6299 type:B dur:2 cpbdur:2 q:29.19 aq:25.00 tex:0 mv:0 misc:264 imb:0 pmb:0 smb:4320 d:- ref:0 ;
in:6298 out:6300 type:b dur:2 cpbdur:2 q:29.19 aq:27.00 tex:0 mv:0 misc:248 imb:0 pmb:0 smb:4320 d:- ref:0 ;
in:6300 out:6301 type:b dur:2 cpbdur:2 q:29.19 aq:27.00 tex:0 mv:0 misc:248 imb:0 pmb:0 smb:4320 d:- ref:0 ;
in:6305 out:6302 type:P dur:2 cpbdur:2 q:29.18 aq:19.48 tex:699 mv:103 misc:382 imb:6 pmb:10 smb:4304 d:- ref:0 ;
in:6303 out:6303 type:B dur:2 cpbdur:2 q:29.18 aq:25.00 tex:4 mv:11 misc:281 imb:0 pmb:4 smb:4316 d:- ref:0 ;
in:6302 out:6304 type:b dur:2 cpbdur:2 q:29.18 aq:27.00 tex:0 mv:12 misc:268 imb:0 pmb:4 smb:4316 d:s ref:0 ;
in:6304 out:6305 type:b dur:2 cpbdur:2 q:29.18 aq:27.00 tex:0 mv:0 misc:248 imb:0 pmb:0 smb:4320 d:- ref:0 ;
in:6309 out:6306 type:P dur:2 cpbdur:2 q:29.17 aq:19.48 tex:153 mv:77 misc:362 imb:6 pmb:6 smb:4308 d:s ref:0 ;
in:6307 out:6307 type:B dur:2 cpbdur:2 q:29.18 aq:25.00 tex:0 mv:0 misc:264 imb:0 pmb:0 smb:4320 d:s ref:0 ;
in:6306 out:6308 type:b dur:2 cpbdur:2 q:29.18 aq:27.00 tex:0 mv:0 misc:248 imb:0 pmb:0 smb:4320 d:s ref:0 ;
in:6308 out:6309 type:b dur:2 cpbdur:2 q:29.18 aq:27.00 tex:0 mv:0 misc:248 imb:0 pmb:0 smb:4320 d:- ref:0 ;
in:6313 out:6310 type:P dur:2 cpbdur:2 q:29.17 aq:19.36 tex:139 mv:74 misc:355 imb:6 pmb:5 smb:4309 d:s ref:0 ;
in:6311 out:6311 type:B dur:2 cpbdur:2 q:29.17 aq:25.00 tex:0 mv:0 misc:264 imb:0 pmb:0 smb:4320 d:s ref:0 ;
in:6310 out:6312 type:b dur:2 cpbdur:2 q:29.17 aq:27.00 tex:0 mv:0 misc:248 imb:0 pmb:0 smb:4320 d:s ref:0 ;
in:6312 out:6313 type:b dur:2 cpbdur:2 q:29.17 aq:27.00 tex:0 mv:0 misc:248 imb:0 pmb:0 smb:4320 d:- ref:0 ;
in:6317 out:6314 type:P dur:2 cpbdur:2 q:29.16 aq:19.48 tex:438 mv:99 misc:367 imb:6 pmb:8 smb:4306 d:s ref:0 ;
in:6315 out:6315 type:B dur:2 cpbdur:2 q:29.17 aq:25.00 tex:2 mv:10 misc:284 imb:0 pmb:3 smb:4317 d:s ref:0 ;
in:6314 out:6316 type:b dur:2 cpbdur:2 q:29.17 aq:27.00 tex:0 mv:0 misc:248 imb:0 pmb:0 smb:4320 d:s ref:0 ;
in:6316 out:6317 type:b dur:2 cpbdur:2 q:29.17 aq:27.00 tex:1 mv:6 misc:257 imb:0 pmb:2 smb:4318 d:- ref:0 ;
in:6321 out:6318 type:P dur:2 cpbdur:2 q:29.16 aq:19.36 tex:478 mv:78 misc:364 imb:6 pmb:6 smb:4308 d:- ref:0 ;
in:6319 out:6319 type:B dur:2 cpbdur:2 q:29.16 aq:25.00 tex:0 mv:3 misc:269 imb:0 pmb:1 smb:4319 d:- ref:0 ;
in:6318 out:6320 type:b dur:2 cpbdur:2 q:29.16 aq:27.00 tex:1 mv:3 misc:252 imb:0 pmb:1 smb:4319 d:- ref:0 ;
in:6320 out:6321 type:b dur:2 cpbdur:2 q:29.16 aq:27.00 tex:0 mv:0 misc:248 imb:0 pmb:0 smb:4320 d:- ref:0 ;
in:6325 out:6322 type:P dur:2 cpbdur:2 q:29.15 aq:19.58 tex:150 mv:76 misc:358 imb:6 pmb:6 smb:4308 d:s ref:0 ;
in:6323 out:6323 type:B dur:2 cpbdur:2 q:29.16 aq:25.00 tex:0 mv:0 misc:264 imb:0 pmb:0 smb:4320 d:s ref:0 ;
in:6322 out:6324 type:b dur:2 cpbdur:2 q:29.16 aq:27.00 tex:0 mv:0 misc:248 imb:0 pmb:0 smb:4320 d:s ref:0 ;
in:6324 out:6325 type:b dur:2 cpbdur:2 q:29.15 aq:27.00 tex:0 mv:0 misc:248 imb:0 pmb:0 smb:4320 d:- ref:0 ;
in:6329 out:6326 type:P dur:2 cpbdur:2 q:29.15 aq:19.36 tex:139 mv:74 misc:355 imb:6 pmb:5 smb:4309 d:s ref:0 ;
in:6327 out:6327 type:B dur:2 cpbdur:2 q:29.15 aq:25.00 tex:0 mv:0 misc:264 imb:0 pmb:0 smb:4320 d:s ref:0 ;
in:6326 out:6328 type:b dur:2 cpbdur:2 q:29.15 aq:27.00 tex:0 mv:0 misc:248 imb:0 pmb:0 smb:4320 d:s ref:0 ;
in:6328 out:6329 type:b dur:2 cpbdur:2 q:29.15 aq:27.00 tex:0 mv:0 misc:248 imb:0 pmb:0 smb:4320 d:- ref:0 ;
in:6333 out:6330 type:P dur:2 cpbdur:2 q:29.14 aq:19.28 tex:974 mv:117 misc:389 imb:6 pmb:12 smb:4302 d:s ref:0 ;
in:6331 out:6331 type:B dur:2 cpbdur:2 q:29.15 aq:25.00 tex:3 mv:13 misc:288 imb:0 pmb:4 smb:4316 d:s ref:0 ;
in:6330 out:6332 type:b dur:2 cpbdur:2 q:29.15 aq:27.00 tex:0 mv:0 misc:248 imb:0 pmb:0 smb:4320 d:s ref:0 ;
in:6332 out:6333 type:b dur:2 cpbdur:2 q:29.14 aq:27.00 tex:2 mv:9 misc:261 imb:0 pmb:3 smb:4317 d:- ref:0 ;
in:6337 out:6334 type:P dur:2 cpbdur:2 q:29.14 aq:21.14 tex:199 mv:79 misc:370 imb:6 pmb:7 smb:4307 d:- ref:0 ;
in:6335 out:6335 type:B dur:2 cpbdur:2 q:29.14 aq:25.00 tex:0 mv:0 misc:264 imb:0 pmb:0 smb:4320 d:s ref:0 ;
in:6334 out:6336 type:b dur:2 cpbdur:2 q:29.14 aq:27.00 tex:0 mv:0 misc:248 imb:0 pmb:0 smb:4320 d:s ref:0 ;
in:6336 out:6337 type:b dur:2 cpbdur:2 q:29.14 aq:27.00 tex:0 mv:0 misc:248 imb:0 pmb:0 smb:4320 d:- ref:0 ;
in:6341 out:6338 type:P dur:2 cpbdur:2 q:29.13 aq:19.36 tex:128 mv:65 misc:359 imb:5 pmb:5 smb:4310 d:s ref:0 ;
in:6339 out:6339 type:B dur:2 cpbdur:2 q:29.13 aq:25.00 tex:0 mv:0 misc:264 imb:0 pmb:0 smb:4320 d:s ref:0 ;
in:6338 out:6340 type:b dur:2 cpbdur:2 q:29.14 aq:27.00 tex:0 mv:0 misc:248 imb:0 pmb:0 smb:4320 d:s ref:0 ;
in:6340 out:6341 type:b dur:2 cpbdur:2 q:29.13 aq:27.00 tex:0 mv:0 misc:248 imb:0 pmb:0 smb:4320 d:- ref:0 ;
in:6345 out:6342 type:P dur:2 cpbdur:2 q:29.13 aq:19.36 tex:128 mv:65 misc:359 imb:5 pmb:5 smb:4310 d:s ref:0 ;
in:6343 out:6343 type:B dur:2 cpbdur:2 q:29.13 aq:25.00 tex:0 mv:0 misc:264 imb:0 pmb:0 smb:4320 d:s ref:0 ;
in:6342 out:6344 type:b dur:2 cpbdur:2 q:29.13 aq:27.00 tex:0 mv:0 misc:248 imb:0 pmb:0 smb:4320 d:s ref:0 ;
in:6344 out:6345 type:b dur:2 cpbdur:2 q:29.13 aq:27.00 tex:0 mv:0 misc:248 imb:0 pmb:0 smb:4320 d:- ref:0 ;
in:6349 out:6346 type:P dur:2 cpbdur:2 q:29.12 aq:19.84 tex:122 mv:64 misc:358 imb:5 pmb:5 smb:4310 d:- ref:0 ;
in:6347 out:6347 type:B dur:2 cpbdur:2 q:29.12 aq:25.00 tex:0 mv:0 misc:264 imb:0 pmb:0 smb:4320 d:- ref:0 ;
in:6346 out:6348 type:b dur:2 cpbdur:2 q:29.13 aq:27.00 tex:0 mv:0 misc:248 imb:0 pmb:0 smb:4320 d:- ref:0 ;
in:6348 out:6349 type:b dur:2 cpbdur:2 q:29.12 aq:27.00 tex:0 mv:0 misc:248 imb:0 pmb:0 smb:4320 d:- ref:0 ;
in:6353 out:6350 type:P dur:2 cpbdur:2 q:29.12 aq:19.64 tex:621 mv:104 misc:387 imb:5 pmb:12 smb:4303 d:- ref:0 ;
in:6351 out:6351 type:B dur:2 cpbdur:2 q:29.12 aq:25.00 tex:1 mv:6 misc:273 imb:0 pmb:2 smb:4318 d:- ref:0 ;
in:6350 out:6352 type:b dur:2 cpbdur:2 q:29.12 aq:27.00 tex:0 mv:6 misc:258 imb:0 pmb:2 smb:4318 d:- ref:0 ;
in:6352 out:6353 type:b dur:2 cpbdur:2 q:29.12 aq:27.00 tex:0 mv:0 misc:248 imb:0 pmb:0 smb:4320 d:- ref:0 ;
in:6357 out:6354 type:P dur:2 cpbdur:2 q:29.11 aq:20.10 tex:466 mv:113 misc:373 imb:5 pmb:12 smb:4303 d:- ref:0 ;
in:6355 out:6355 type:B dur:2 cpbdur:2 q:29.11 aq:26.02 tex:209 mv:63 misc:280 imb:0 pmb:8 smb:4312 d:s ref:0 ;
in:6354 out:6356 type:b dur:2 cpbdur:2 q:29.11 aq:27.00 tex:1 mv:7 misc:256 imb:0 pmb:2 smb:4318 d:- ref:0 ;
in:6356 out:6357 type:b dur:2 cpbdur:2 q:29.11 aq:27.79 tex:404 mv:27 misc:265 imb:0 pmb:7 smb:4313 d:- ref:0 ;
in:6361 out:6358 type:P dur:2 cpbdur:2 q:29.11 aq:19.79 tex:2107 mv:220 misc:377 imb:12 pmb:11 smb:4297 d:- ref:0 ;
in:6359 out:6359 type:B dur:2 cpbdur:2 q:29.11 aq:25.67 tex:685 mv:212 misc:287 imb:0 pmb:13 smb:4307 d:- ref:0 ;
in:6358 out:6360 type:b dur:2 cpbdur:2 q:29.11 aq:27.79 tex:132 mv:108 misc:264 imb:0 pmb:7 smb:4313 d:- ref:0 ;
in:6360 out:6361 type:b dur:2 cpbdur:2 q:29.11 aq:27.79 tex:341 mv:177 misc:266 imb:0 pmb:12 smb:4308 d:- ref:0 ;
in:6364 out:6362 type:P dur:2 cpbdur:2 q:29.10 aq:19.52 tex:1998 mv:259 misc:407 imb:30 pmb:8 smb:4282 d:- ref:0 ;
in:6362 out:6363 type:B dur:2 cpbdur:2 q:29.10 aq:26.09 tex:834 mv:220 misc:306 imb:1 pmb:28 smb:4291 d:s ref:0 ;
in:6363 out:6364 type:b dur:2 cpbdur:2 q:29.10 aq:27.37 tex:297 mv:311 misc:304 imb:3 pmb:21 smb:4296 d:- ref:0 ;
in:6365 out:6365 type:P dur:2 cpbdur:2 q:29.10 aq:19.14 tex:701 mv:306 misc:409 imb:17 pmb:20 smb:4283 d:- ref:0 ;
in:6366 out:6366 type:P dur:2 cpbdur:2 q:29.09 aq:19.23 tex:1161 mv:266 misc:429 imb:16 pmb:17 smb:4287 d:- ref:0 ;
in:6367 out:6367 type:P dur:2 cpbdur:2 q:29.09 aq:17.82 tex:388 mv:282 misc:410 imb:13 pmb:21 smb:4286 d:- ref:0 ;
in:6368 out:6368 type:P dur:2 cpbdur:2 q:29.09 aq:18.82 tex:640 mv:286 misc:402 imb:17 pmb:20 smb:4283 d:- ref:0 ;
in:6372 out:6369 type:P dur:2 cpbdur:2 q:29.09 aq:19.08 tex:1322 mv:191 misc:399 imb:27 pmb:7 smb:4286 d:- ref:0 ;
in:6370 out:6370 type:B dur:2 cpbdur:2 q:29.09 aq:25.90 tex:995 mv:91 misc:314 imb:2 pmb:24 smb:4294 d:s ref:0 ;
in:6369 out:6371 type:b dur:2 cpbdur:2 q:29.09 aq:27.36 tex:497 mv:198 misc:289 imb:0 pmb:29 smb:4291 d:s ref:0 ;
in:6371 out:6372 type:b dur:2 cpbdur:2 q:29.09 aq:27.31 tex:577 mv:104 misc:263 imb:1 pmb:9 smb:4310 d:- ref:0 ;
in:6373 out:6373 type:P dur:2 cpbdur:2 q:29.09 aq:18.98 tex:757 mv:187 misc:392 imb:8 pmb:14 smb:4298 d:s ref:0 ;
in:6375 out:6374 type:P dur:2 cpbdur:2 q:29.08 aq:19.92 tex:1123 mv:221 misc:416 imb:11 pmb:12 smb:4297 d:s ref:0 ;
in:6374 out:6375 type:b dur:2 cpbdur:2 q:29.08 aq:27.60 tex:402 mv:209 misc:269 imb:1 pmb:8 smb:4311 d:s ref:0 ;
in:6378 out:6376 type:P dur:2 cpbdur:2 q:29.08 aq:18.41 tex:1185 mv:149 misc:386 imb:18 pmb:7 smb:4295 d:- ref:0 ;
in:6376 out:6377 type:B dur:2 cpbdur:2 q:29.08 aq:24.70 tex:476 mv:100 misc:304 imb:0 pmb:15 smb:4305 d:s ref:0 ;
in:6377 out:6378 type:b dur:2 cpbdur:2 q:29.08 aq:27.43 tex:207 mv:187 misc:278 imb:0 pmb:12 smb:4308 d:- ref:0 ;
in:6382 out:6379 type:P dur:2 cpbdur:2 q:29.08 aq:18.73 tex:2935 mv:250 misc:447 imb:24 pmb:13 smb:4283 d:- ref:0 ;
in:6380 out:6380 type:B dur:2 cpbdur:2 q:29.08 aq:24.35 tex:888 mv:133 misc:355 imb:4 pmb:29 smb:4287 d:s ref:0 ;
in:6379 out:6381 type:b dur:2 cpbdur:2 q:29.08 aq:27.39 tex:251 mv:196 misc:289 imb:1 pmb:15 smb:4304 d:s ref:0 ;
in:6381 out:6382 type:b dur:2 cpbdur:2 q:29.08 aq:28.46 tex:1861 mv:143 misc:316 imb:1 pmb:21 smb:4298 d:- ref:0 ;
in:6385 out:6383 type:P dur:2 cpbdur:2 q:29.07 aq:17.28 tex:2630 mv:216 misc:418 imb:25 pmb:10 smb:4285 d:s ref:0 ;
in:6383 out:6384 type:B dur:2 cpbdur:2 q:29.08 aq:28.07 tex:404 mv:193 misc:307 imb:0 pmb:18 smb:4302 d:s ref:0 ;
in:6384 out:6385 type:b dur:2 cpbdur:2 q:29.07 aq:24.83 tex:108 mv:215 misc:285 imb:1 pmb:14 smb:4305 d:- ref:0 ;
in:6386 out:6386 type:P dur:2 cpbdur:2 q:29.07 aq:17.49 tex:1069 mv:215 misc:412 imb:8 pmb:17 smb:4295 d:s ref:0 ;
in:6387 out:6387 type:P dur:2 cpbdur:2 q:29.07 aq:19.39 tex:1124 mv:187 misc:385 imb:6 pmb:15 smb:4299 d:s ref:0 ;
in:6388 out:6388 type:P dur:2 cpbdur:2 q:29.07 aq:13.87 tex:1071 mv:210 misc:407 imb:9 pmb:17 smb:4294 d:s ref:0 ;
in:6391 out:6389 type:P dur:2 cpbdur:2 q:29.06 aq:15.99 tex:2921 mv:250 misc:373 imb:12 pmb:10 smb:4298 d:s ref:0 ;
in:6389 out:6390 type:B dur:2 cpbdur:2 q:29.07 aq:22.30 tex:108 mv:158 misc:286 imb:1 pmb:11 smb:4308 d:s ref:0 ;
in:6390 out:6391 type:b dur:2 cpbdur:2 q:29.07 aq:29.27 tex:95 mv:146 misc:271 imb:0 pmb:12 smb:4308 d:- ref:0 ;
in:6393 out:6392 type:P dur:2 cpbdur:2 q:29.06 aq:13.06 tex:655 mv:230 misc:403 imb:12 pmb:15 smb:4293 d:s ref:0 ;
in:6392 out:6393 type:b dur:2 cpbdur:2 q:29.06 aq:29.94 tex:143 mv:91 misc:278 imb:0 pmb:13 smb:4307 d:t ref:0 ;
in:6396 out:6394 type:P dur:2 cpbdur:2 q:29.06 aq:14.99 tex:717 mv:242 misc:385 imb:9 pmb:15 smb:4296 d:s ref:0 ;
in:6394 out:6395 type:B dur:2 cpbdur:2 q:29.06 aq:26.64 tex:117 mv:120 misc:291 imb:0 pmb:11 smb:4309 d:s ref:0 ;
in:6395 out:6396 type:b dur:2 cpbdur:2 q:29.06 aq:29.14 tex:113 mv:91 misc:268 imb:0 pmb:10 smb:4310 d:- ref:0 ;
in:6399 out:6397 type:P dur:2 cpbdur:2 q:29.05 aq:15.53 tex:1080 mv:251 misc:421 imb:10 pmb:19 smb:4291 d:s ref:0 ;
in:6397 out:6398 type:B dur:2 cpbdur:2 q:29.06 aq:21.86 tex:332 mv:189 misc:311 imb:3 pmb:12 smb:4305 d:s ref:0 ;
in:6398 out:6399 type:b dur:2 cpbdur:2 q:29.06 aq:30.03 tex:37 mv:135 misc:284 imb:0 pmb:12 smb:4308 d:- ref:0 ;
in:6401 out:6400 type:P dur:2 cpbdur:2 q:29.05 aq:14.67 tex:1490 mv:246 misc:416 imb:10 pmb:18 smb:4292 d:s ref:0 ;
in:6400 out:6401 type:b dur:2 cpbdur:2 q:29.05 aq:28.02 tex:245 mv:174 misc:277 imb:0 pmb:15 smb:4305 d:s ref:0 ;
in:6405 out:6402 type:P dur:2 cpbdur:2 q:29.05 aq:14.54 tex:2428 mv:218 misc:402 imb:21 pmb:10 smb:4289 d:s ref:0 ;
in:6403 out:6403 type:B dur:2 cpbdur:2 q:29.05 aq:25.97 tex:1815 mv:148 misc:317 imb:3 pmb:23 smb:4294 d:s ref:0 ;
in:6402 out:6404 type:b dur:2 cpbdur:2 q:29.05 aq:26.63 tex:677 mv:217 misc:282 imb:0 pmb:17 smb:4303 d:s ref:0 ;
in:6404 out:6405 type:b dur:2 cpbdur:2 q:29.05 aq:21.63 tex:1330 mv:234 misc:284 imb:3 pmb:19 smb:4298 d:- ref:0 ;
in:6407 out:6406 type:P dur:2 cpbdur:2 q:29.04 aq:22.31 tex:3649 mv:252 misc:411 imb:19 pmb:14 smb:4287 d:s ref:0 ;
in:6406 out:6407 type:b dur:2 cpbdur:2 q:29.05 aq:29.98 tex:252 mv:267 misc:281 imb:3 pmb:16 smb:4301 d:s ref:0 ;
in:6409 out:6408 type:P dur:2 cpbdur:2 q:29.04 aq:11.71 tex:2000 mv:316 misc:404 imb:18 pmb:13 smb:4289 d:s ref:0 ;
in:6408 out:6409 type:b dur:2 cpbdur:2 q:29.04 aq:29.73 tex:79 mv:251 misc:286 imb:1 pmb:12 smb:4307 d:s ref:0 ;
in:6413 out:6410 type:P dur:2 cpbdur:2 q:29.04 aq:7.86 tex:2613 mv:242 misc:377 imb:8 pmb:17 smb:4295 d:s ref:0 ;
in:6411 out:6411 type:B dur:2 cpbdur:2 q:29.04 aq:27.26 tex:275 mv:132 misc:297 imb:0 pmb:13 smb:4307 d:s ref:0 ;
in:6410 out:6412 type:b dur:2 cpbdur:2 q:29.04 aq:29.19 tex:90 mv:209 misc:277 imb:0 pmb:11 smb:4309 d:s ref:0 ;
in:6412 out:6413 type:b dur:2 cpbdur:2 q:29.04 aq:27.00 tex:36 mv:110 misc:262 imb:0 pmb:6 smb:4314 d:- ref:0 ;
in:6417 out:6414 type:P dur:2 cpbdur:2 q:29.03 aq:16.57 tex:2283 mv:163 misc:418 imb:1 pmb:24 smb:4295 d:s ref:0 ;
in:6415 out:6415 type:B dur:2 cpbdur:2 q:29.04 aq:27.66 tex:211 mv:148 misc:313 imb:0 pmb:12 smb:4308 d:s ref:0 ;
in:6414 out:6416 type:b dur:2 cpbdur:2 q:29.04 aq:32.03 tex:74 mv:105 misc:261 imb:0 pmb:7 smb:4313 d:s ref:0 ;
in:6416 out:6417 type:b dur:2 cpbdur:2 q:29.03 aq:30.95 tex:468 mv:69 misc:287 imb:0 pmb:11 smb:4309 d:- ref:0 ;
in:6421 out:6418 type:P dur:2 cpbdur:2 q:29.03 aq:14.43 tex:2115 mv:114 misc:419 imb:2 pmb:22 smb:4296 d:s ref:0 ;
in:6419 out:6419 type:B dur:2 cpbdur:2 q:29.03 aq:25.05 tex:63 mv:26 misc:295 imb:0 pmb:6 smb:4314 d:t ref:0 ;
in:6418 out:6420 type:b dur:2 cpbdur:2 q:29.03 aq:27.00 tex:2 mv:9 misc:261 imb:0 pmb:2 smb:4318 d:s ref:0 ;
in:6420 out:6421 type:b dur:2 cpbdur:2 q:29.03 aq:27.00 tex:0 mv:0 misc:248 imb:0 pmb:0 smb:4320 d:- ref:0 ;
in:6425 out:6422 type:P dur:2 cpbdur:2 q:29.02 aq:12.32 tex:803 mv:81 misc:428 imb:3 pmb:17 smb:4300 d:s ref:0 ;
in:6423 out:6423 type:B dur:2 cpbdur:2 q:29.03 aq:23.64 tex:32 mv:4 misc:268 imb:0 pmb:1 smb:4319 d:s ref:0 ;
in:6422 out:6424 type:b dur:2 cpbdur:2 q:29.03 aq:27.00 tex:0 mv:0 misc:248 imb:0 pmb:0 smb:4320 d:s ref:0 ;
in:6424 out:6425 type:b dur:2 cpbdur:2 q:29.02 aq:27.00 tex:0 mv:0 misc:248 imb:0 pmb:0 smb:4320 d:- ref:0 ;
in:6429 out:6426 type:P dur:2 cpbdur:2 q:29.02 aq:15.93 tex:238612 mv:9260 misc:1192 imb:1680 pmb:331 smb:2309 d:s ref:0 ;
in:6427 out:6427 type:B dur:2 cpbdur:2 q:29.02 aq:26.15 tex:10453 mv:4181 misc:1670 imb:82 pmb:608 smb:3630 d:s ref:0 ;
in:6426 out:6428 type:b dur:2 cpbdur:2 q:29.02 aq:26.24 tex:50 mv:141 misc:1017 imb:1 pmb:300 smb:4019 d:s ref:0 ;
in:6428 out:6429 type:b dur:2 cpbdur:2 q:29.02 aq:20.22 tex:111 mv:623 misc:922 imb:13 pmb:246 smb:4061 d:- ref:0 ;
in:6433 out:6430 type:P dur:2 cpbdur:2 q:29.01 aq:18.77 tex:5205 mv:221 misc:1054 imb:6 pmb:150 smb:4164 d:s ref:0 ;
in:6431 out:6431 type:B dur:2 cpbdur:2 q:29.02 aq:25.00 tex:0 mv:0 misc:264 imb:0 pmb:0 smb:4320 d:s ref:0 ;
in:6430 out:6432 type:b dur:2 cpbdur:2 q:29.02 aq:27.00 tex:0 mv:0 misc:248 imb:0 pmb:0 smb:4320 d:s ref:0 ;
in:6432 out:6433 type:b dur:2 cpbdur:2 q:29.02 aq:27.00 tex:0 mv:0 misc:248 imb:0 pmb:0 smb:4320 d:- ref:0 ;
in:6437 out:6434 type:P dur:2 cpbdur:2 q:29.01 aq:20.64 tex:2072 mv:216 misc:616 imb:5 pmb:53 smb:4262 d:s ref:0 ;
in:6435 out:6435 type:B dur:2 cpbdur:2 q:29.01 aq:25.02 tex:462 mv:161 misc:297 imb:0 pmb:13 smb:4307 d:t ref:0 ;
in:6434 out:6436 type:b dur:2 cpbdur:2 q:29.01 aq:31.03 tex:275 mv:44 misc:265 imb:0 pmb:6 smb:4314 d:s ref:0 ;
in:6436 out:6437 type:b dur:2 cpbdur:2 q:29.01 aq:27.02 tex:324 mv:108 misc:280 imb:0 pmb:11 smb:4309 d:- ref:0 ;
in:6439 out:6438 type:P dur:2 cpbdur:2 q:29.00 aq:19.18 tex:2127 mv:226 misc:583 imb:8 pmb:44 smb:4268 d:s ref:0 ;
in:6438 out:6439 type:b dur:2 cpbdur:2 q:29.01 aq:31.92 tex:269 mv:93 misc:278 imb:1 pmb:9 smb:4310 d:s ref:0 ;
in:6443 out:6440 type:P dur:2 cpbdur:2 q:29.00 aq:18.94 tex:1967 mv:159 misc:506 imb:12 pmb:32 smb:4276 d:s ref:0 ;
in:6441 out:6441 type:B dur:2 cpbdur:2 q:29.00 aq:29.59 tex:901 mv:75 misc:296 imb:2 pmb:12 smb:4306 d:s ref:0 ;
in:6440 out:6442 type:b dur:2 cpbdur:2 q:29.00 aq:29.81 tex:224 mv:129 misc:271 imb:0 pmb:8 smb:4312 d:s ref:0 ;
in:6442 out:6443 type:b dur:2 cpbdur:2 q:29.00 aq:28.12 tex:263 mv:209 misc:272 imb:1 pmb:11 smb:4308 d:- ref:0 ;
in:6444 out:6444 type:P dur:2 cpbdur:2 q:29.01 aq:14.30 tex:1140 mv:249 misc:451 imb:7 pmb:27 smb:4286 d:s ref:0 ;
in:6447 out:6445 type:P dur:2 cpbdur:2 q:29.01 aq:14.13 tex:4190 mv:248 misc:442 imb:25 pmb:14 smb:4281 d:s ref:0 ;
in:6445 out:6446 type:B dur:2 cpbdur:2 q:29.01 aq:25.09 tex:355 mv:178 misc:323 imb:1 pmb:30 smb:4289 d:s ref:0 ;
in:6446 out:6447 type:b dur:2 cpbdur:2 q:29.01 aq:28.03 tex:835 mv:278 misc:295 imb:0 pmb:26 smb:4294 d:- ref:0 ;
in:6451 out:6448 type:P dur:2 cpbdur:2 q:29.01 aq:19.00 tex:5139 mv:237 misc:880 imb:12 pmb:101 smb:4207 d:s ref:0 ;
in:6449 out:6449 type:B dur:2 cpbdur:2 q:29.01 aq:28.66 tex:1460 mv:92 misc:312 imb:1 pmb:16 smb:4303 d:s ref:0 ;
in:6448 out:6450 type:b dur:2 cpbdur:2 q:29.01 aq:30.99 tex:830 mv:180 misc:286 imb:0 pmb:16 smb:4304 d:s ref:0 ;
in:6450 out:6451 type:b dur:2 cpbdur:2 q:29.01 aq:29.00 tex:354 mv:90 misc:284 imb:0 pmb:10 smb:4310 d:- ref:0 ;
in:6454 out:6452 type:P dur:2 cpbdur:2 q:29.00 aq:20.02 tex:4076 mv:195 misc:593 imb:1 pmb:54 smb:4265 d:s ref:0 ;
in:6452 out:6453 type:B dur:2 cpbdur:2 q:29.01 aq:30.73 tex:629 mv:162 misc:297 imb:0 pmb:11 smb:4309 d:s ref:0 ;
in:6453 out:6454 type:b dur:2 cpbdur:2 q:29.01 aq:31.62 tex:259 mv:132 misc:281 imb:0 pmb:10 smb:4310 d:- ref:0 ;
in:6455 out:6455 type:P dur:2 cpbdur:2 q:29.00 aq:18.94 tex:1508 mv:127 misc:493 imb:1 pmb:36 smb:4283 d:s ref:0 ;
in:6459 out:6456 type:P dur:2 cpbdur:2 q:29.00 aq:21.22 tex:2731 mv:183 misc:446 imb:4 pmb:26 smb:4290 d:s ref:0 ;
in:6457 out:6457 type:B dur:2 cpbdur:2 q:29.00 aq:31.04 tex:187 mv:101 misc:296 imb:0 pmb:11 smb:4309 d:s ref:0 ;
in:6456 out:6458 type:b dur:2 cpbdur:2 q:29.00 aq:32.68 tex:134 mv:71 misc:259 imb:0 pmb:6 smb:4314 d:s ref:0 ;
in:6458 out:6459 type:b dur:2 cpbdur:2 q:29.00 aq:32.60 tex:78 mv:61 misc:285 imb:0 pmb:11 smb:4309 d:- ref:0 ;
in:6463 out:6460 type:P dur:2 cpbdur:2 q:28.99 aq:20.57 tex:1230 mv:146 misc:400 imb:2 pmb:20 smb:4298 d:s ref:0 ;
in:6461 out:6461 type:B dur:2 cpbdur:2 q:29.00 aq:27.42 tex:121 mv:82 misc:301 imb:0 pmb:10 smb:4310 d:s ref:0 ;
in:6460 out:6462 type:b dur:2 cpbdur:2 q:29.00 aq:31.83 tex:122 mv:107 misc:259 imb:0 pmb:5 smb:4315 d:s ref:0 ;
in:6462 out:6463 type:b dur:2 cpbdur:2 q:29.00 aq:27.00 tex:4 mv:51 misc:281 imb:0 pmb:8 smb:4312 d:- ref:0 ;
in:6467 out:6464 type:P dur:2 cpbdur:2 q:28.99 aq:21.50 tex:1365 mv:188 misc:383 imb:1 pmb:18 smb:4301 d:s ref:0 ;
in:6465 out:6465 type:B dur:2 cpbdur:2 q:28.99 aq:30.53 tex:223 mv:50 misc:279 imb:0 pmb:7 smb:4313 d:s ref:0 ;
in:6464 out:6466 type:b dur:2 cpbdur:2 q:28.99 aq:27.00 tex:1 mv:32 misc:263 imb:0 pmb:5 smb:4315 d:t ref:0 ;
in:6466 out:6467 type:b dur:2 cpbdur:2 q:28.99 aq:30.23 tex:298 mv:153 misc:261 imb:0 pmb:6 smb:4314 d:- ref:0 ;
in:6471 out:6468 type:P dur:2 cpbdur:2 q:28.99 aq:18.46 tex:3123 mv:207 misc:430 imb:11 pmb:23 smb:4286 d:s ref:0 ;
in:6469 out:6469 type:B dur:2 cpbdur:2 q:28.99 aq:27.19 tex:1023 mv:108 misc:317 imb:4 pmb:24 smb:4292 d:s ref:0 ;
in:6468 out:6470 type:b dur:2 cpbdur:2 q:28.99 aq:30.31 tex:703 mv:228 misc:301 imb:1 pmb:18 smb:4301 d:s ref:0 ;
in:6470 out:6471 type:b dur:2 cpbdur:2 q:28.99 aq:29.19 tex:552 mv:221 misc:275 imb:1 pmb:17 smb:4302 d:- ref:0 ;
in:6475 out:6472 type:P dur:2 cpbdur:2 q:28.98 aq:22.35 tex:3834 mv:206 misc:512 imb:13 pmb:33 smb:4274 d:s ref:0 ;
in:6473 out:6473 type:B dur:2 cpbdur:2 q:28.98 aq:26.67 tex:1484 mv:130 misc:346 imb:3 pmb:26 smb:4291 d:s ref:0 ;
in:6472 out:6474 type:b dur:2 cpbdur:2 q:28.98 aq:27.55 tex:1187 mv:133 misc:304 imb:3 pmb:22 smb:4295 d:s ref:0 ;
in:6474 out:6475 type:b dur:2 cpbdur:2 q:28.98 aq:28.96 tex:755 mv:187 misc:306 imb:0 pmb:22 smb:4298 d:- ref:0 ;
in:6479 out:6476 type:P dur:2 cpbdur:2 q:28.98 aq:21.31 tex:2664 mv:152 misc:568 imb:7 pmb:42 smb:4271 d:s ref:0 ;
in:6477 out:6477 type:B dur:2 cpbdur:2 q:28.98 aq:23.69 tex:1011 mv:120 misc:309 imb:5 pmb:10 smb:4305 d:s ref:0 ;
in:6476 out:6478 type:b dur:2 cpbdur:2 q:28.98 aq:29.20 tex:623 mv:180 misc:293 imb:1 pmb:13 smb:4306 d:s ref:0 ;
in:6478 out:6479 type:b dur:2 cpbdur:2 q:28.98 aq:29.28 tex:983 mv:101 misc:276 imb:0 pmb:11 smb:4309 d:- ref:0 ;
in:6481 out:6480 type:P dur:2 cpbdur:2 q:28.97 aq:20.38 tex:3866 mv:233 misc:557 imb:8 pmb:40 smb:4272 d:s ref:0 ;
in:6480 out:6481 type:b dur:2 cpbdur:2 q:28.97 aq:28.02 tex:676 mv:204 misc:288 imb:3 pmb:15 smb:4302 d:s ref:0 ;
in:6483 out:6482 type:P dur:2 cpbdur:2 q:28.97 aq:18.23 tex:2375 mv:150 misc:403 imb:12 pmb:16 smb:4292 d:s ref:0 ;
in:6482 out:6483 type:b dur:2 cpbdur:2 q:28.97 aq:26.26 tex:423 mv:124 misc:293 imb:2 pmb:17 smb:4301 d:s ref:0 ;
in:6486 out:6484 type:P dur:2 cpbdur:2 q:28.97 aq:15.70 tex:1605 mv:126 misc:341 imb:11 pmb:9 smb:4300 d:s ref:0 ;
in:6484 out:6485 type:B dur:2 cpbdur:2 q:28.97 aq:28.69 tex:600 mv:150 misc:290 imb:2 pmb:10 smb:4308 d:s ref:0 ;
in:6485 out:6486 type:b dur:2 cpbdur:2 q:28.97 aq:30.00 tex:308 mv:178 misc:266 imb:1 pmb:11 smb:4308 d:- ref:0 ;
in:6490 out:6487 type:P dur:2 cpbdur:2 q:28.96 aq:14.69 tex:1148 mv:102 misc:326 imb:10 pmb:4 smb:4306 d:s ref:0 ;
in:6488 out:6488 type:B dur:2 cpbdur:2 q:28.96 aq:26.47 tex:875 mv:143 misc:286 imb:0 pmb:16 smb:4304 d:s ref:0 ;
in:6487 out:6489 type:b dur:2 cpbdur:2 q:28.96 aq:21.52 tex:325 mv:185 misc:274 imb:1 pmb:11 smb:4308 d:s ref:0 ;
in:6489 out:6490 type:b dur:2 cpbdur:2 q:28.96 aq:29.58 tex:436 mv:115 misc:265 imb:0 pmb:9 smb:4311 d:- ref:0 ;
in:6494 out:6491 type:P dur:2 cpbdur:2 q:28.96 aq:24.37 tex:2788 mv:144 misc:356 imb:8 pmb:11 smb:4301 d:s ref:0 ;
in:6492 out:6492 type:B dur:2 cpbdur:2 q:28.96 aq:26.70 tex:858 mv:62 misc:304 imb:1 pmb:19 smb:4300 d:s ref:0 ;
in:6491 out:6493 type:b dur:2 cpbdur:2 q:28.96 aq:30.84 tex:615 mv:89 misc:264 imb:0 pmb:9 smb:4311 d:s ref:0 ;
in:6493 out:6494 type:b dur:2 cpbdur:2 q:28.96 aq:23.28 tex:439 mv:237 misc:292 imb:1 pmb:15 smb:4304 d:- ref:0 ;
in:6498 out:6495 type:P dur:2 cpbdur:2 q:28.95 aq:22.33 tex:2265 mv:149 misc:330 imb:6 pmb:11 smb:4303 d:s ref:0 ;
in:6496 out:6496 type:B dur:2 cpbdur:2 q:28.95 aq:27.50 tex:1033 mv:123 misc:300 imb:0 pmb:16 smb:4304 d:s ref:0 ;
in:6495 out:6497 type:b dur:2 cpbdur:2 q:28.96 aq:29.06 tex:1117 mv:125 misc:286 imb:3 pmb:14 smb:4303 d:s ref:0 ;
in:6497 out:6498 type:b dur:2 cpbdur:2 q:28.95 aq:29.64 tex:1023 mv:63 misc:282 imb:0 pmb:10 smb:4310 d:- ref:0 ;
in:6502 out:6499 type:P dur:2 cpbdur:2 q:28.95 aq:23.06 tex:3611 mv:132 misc:337 imb:8 pmb:11 smb:4301 d:s ref:0 ;
in:6500 out:6500 type:B dur:2 cpbdur:2 q:28.95 aq:26.91 tex:1228 mv:126 misc:326 imb:4 pmb:22 smb:4294 d:s ref:0 ;
in:6499 out:6501 type:b dur:2 cpbdur:2 q:28.95 aq:30.32 tex:585 mv:159 misc:280 imb:1 pmb:15 smb:4304 d:s ref:0 ;
in:6501 out:6502 type:b dur:2 cpbdur:2 q:28.95 aq:28.77 tex:1324 mv:107 misc:289 imb:2 pmb:20 smb:4298 d:- ref:0 ;
in:6503 out:6503 type:P dur:2 cpbdur:2 q:28.94 aq:21.18 tex:2486 mv:138 misc:336 imb:11 pmb:5 smb:4304 d:s ref:0 ;
in:6507 out:6504 type:P dur:2 cpbdur:2 q:28.94 aq:16.29 tex:1908 mv:128 misc:340 imb:10 pmb:8 smb:4302 d:s ref:0 ;
in:6505 out:6505 type:B dur:2 cpbdur:2 q:28.94 aq:29.84 tex:872 mv:64 misc:312 imb:2 pmb:16 smb:4302 d:s ref:0 ;
in:6504 out:6506 type:b dur:2 cpbdur:2 q:28.94 aq:29.95 tex:345 mv:174 misc:273 imb:0 pmb:10 smb:4310 d:s ref:0 ;
in:6506 out:6507 type:b dur:2 cpbdur:2 q:28.94 aq:25.60 tex:701 mv:92 misc:287 imb:0 pmb:12 smb:4308 d:- ref:0 ;
in:6511 out:6508 type:P dur:2 cpbdur:2 q:28.94 aq:24.95 tex:1357 mv:129 misc:322 imb:1 pmb:10 smb:4309 d:s ref:0 ;
in:6509 out:6509 type:B dur:2 cpbdur:2 q:28.94 aq:29.99 tex:893 mv:113 misc:298 imb:0 pmb:12 smb:4308 d:s ref:0 ;
in:6508 out:6510 type:b dur:2 cpbdur:2 q:28.94 aq:31.49 tex:314 mv:73 misc:285 imb:0 pmb:11 smb:4309 d:s ref:0 ;
in:6510 out:6511 type:b dur:2 cpbdur:2 q:28.94 aq:28.45 tex:585 mv:88 misc:263 imb:0 pmb:6 smb:4314 d:- ref:0 ;
in:6513 out:6512 type:P dur:2 cpbdur:2 q:28.93 aq:26.40 tex:2769 mv:165 misc:362 imb:13 pmb:7 smb:4300 d:s ref:0 ;
in:6512 out:6513 type:b dur:2 cpbdur:2 q:28.93 aq:26.64 tex:927 mv:92 misc:301 imb:3 pmb:17 smb:4300 d:s ref:0 ;
in:6517 out:6514 type:P dur:2 cpbdur:2 q:28.93 aq:22.62 tex:2167 mv:177 misc:360 imb:15 pmb:13 smb:4292 d:s ref:0 ;
in:6515 out:6515 type:B dur:2 cpbdur:2 q:28.93 aq:25.40 tex:2055 mv:131 misc:342 imb:3 pmb:22 smb:4295 d:s ref:0 ;
in:6514 out:6516 type:b dur:2 cpbdur:2 q:28.93 aq:21.43 tex:971 mv:145 misc:308 imb:5 pmb:20 smb:4295 d:s ref:0 ;
in:6516 out:6517 type:b dur:2 cpbdur:2 q:28.93 aq:29.01 tex:930 mv:145 misc:293 imb:2 pmb:18 smb:4300 d:- ref:0 ;
in:6521 out:6518 type:P dur:2 cpbdur:2 q:28.92 aq:21.62 tex:2072 mv:118 misc:346 imb:8 pmb:12 smb:4300 d:s ref:0 ;
in:6519 out:6519 type:B dur:2 cpbdur:2 q:28.93 aq:27.37 tex:868 mv:80 misc:308 imb:2 pmb:15 smb:4303 d:s ref:0 ;
in:6518 out:6520 type:b dur:2 cpbdur:2 q:28.93 aq:27.11 tex:771 mv:79 misc:294 imb:3 pmb:12 smb:4305 d:s ref:0 ;
in:6520 out:6521 type:b dur:2 cpbdur:2 q:28.93 aq:29.25 tex:430 mv:140 misc:270 imb:0 pmb:10 smb:4310 d:- ref:0 ;
in:6522 out:6522 type:P dur:2 cpbdur:2 q:28.92 aq:26.32 tex:58107 mv:10562 misc:2299 imb:826 pmb:1062 smb:2432 d:s ref:0 ;
in:6523 out:6523 type:I dur:2 cpbdur:2 q:26.03 aq:17.48 tex:155674 mv:51405 misc:561 imb:4320 pmb:0 smb:0 d:s ref:;
in:6524 out:6524 type:P dur:2 cpbdur:2 q:28.92 aq:20.18 tex:110963 mv:19041 misc:1340 imb:2509 pmb:814 smb:997 d:s ref:0 ;
in:6525 out:6525 type:P dur:2 cpbdur:2 q:28.92 aq:20.40 tex:82989 mv:18172 misc:1351 imb:2140 pmb:915 smb:1265 d:s ref:0 ;
in:6526 out:6526 type:P dur:2 cpbdur:2 q:28.91 aq:21.36 tex:63090 mv:15918 misc:1648 imb:1465 pmb:890 smb:1965 d:s ref:0 ;
in:6527 out:6527 type:P dur:2 cpbdur:2 q:28.91 aq:21.68 tex:55370 mv:15629 misc:1697 imb:1355 pmb:929 smb:2036 d:s ref:0 ;
in:6528 out:6528 type:P dur:2 cpbdur:2 q:28.91 aq:17.01 tex:148371 mv:13901 misc:1112 imb:3199 pmb:307 smb:814 d:s ref:0 ;
in:6529 out:6529 type:P dur:2 cpbdur:2 q:28.91 aq:19.12 tex:45607 mv:12680 misc:1441 imb:530 pmb:1123 smb:2667 d:s ref:0 ;
in:6530 out:6530 type:P dur:2 cpbdur:2 q:28.91 aq:18.21 tex:43669 mv:12214 misc:1405 imb:529 pmb:1234 smb:2557 d:s ref:0 ;
in:6531 out:6531 type:P dur:2 cpbdur:2 q:28.91 aq:18.62 tex:42775 mv:12482 misc:1519 imb:1010 pmb:1252 smb:2058 d:s ref:0 ;
in:6533 out:6532 type:P dur:2 cpbdur:2 q:28.91 aq:16.94 tex:58060 mv:14276 misc:1256 imb:1781 pmb:1253 smb:1286 d:s ref:0 ;
in:6532 out:6533 type:b dur:2 cpbdur:2 q:28.91 aq:28.43 tex:2432 mv:5912 misc:1856 imb:28 pmb:520 smb:3772 d:s ref:0 ;
in:6537 out:6534 type:P dur:2 cpbdur:2 q:28.90 aq:14.99 tex:54060 mv:13210 misc:1434 imb:1219 pmb:1249 smb:1852 d:s ref:0 ;
in:6535 out:6535 type:B dur:2 cpbdur:2 q:28.91 aq:24.78 tex:5819 mv:6198 misc:2175 imb:57 pmb:664 smb:3599 d:s ref:0 ;
in:6534 out:6536 type:b dur:2 cpbdur:2 q:28.91 aq:30.11 tex:2600 mv:4212 misc:1596 imb:24 pmb:401 smb:3895 d:s ref:0 ;
in:6536 out:6537 type:b dur:2 cpbdur:2 q:28.91 aq:28.33 tex:2621 mv:3027 misc:1408 imb:15 pmb:338 smb:3967 d:- ref:0 ;
in:6541 out:6538 type:P dur:2 cpbdur:2 q:28.90 aq:18.27 tex:27582 mv:8408 misc:2282 imb:906 pmb:937 smb:2477 d:s ref:0 ;
in:6539 out:6539 type:B dur:2 cpbdur:2 q:28.90 aq:27.39 tex:3299 mv:3083 misc:1546 imb:21 pmb:336 smb:3963 d:s ref:0 ;
in:6538 out:6540 type:b dur:2 cpbdur:2 q:28.90 aq:27.47 tex:2403 mv:2556 misc:1305 imb:28 pmb:255 smb:4037 d:s ref:0 ;
in:6540 out:6541 type:b dur:2 cpbdur:2 q:28.90 aq:32.30 tex:1873 mv:1330 misc:821 imb:9 pmb:129 smb:4182 d:- ref:0 ;
in:6545 out:6542 type:P dur:2 cpbdur:2 q:28.92 aq:18.30 tex:42787 mv:12082 misc:1643 imb:1127 pmb:1155 smb:2038 d:s ref:0 ;
in:6543 out:6543 type:B dur:2 cpbdur:2 q:28.91 aq:26.85 tex:3656 mv:2793 misc:1671 imb:6 pmb:446 smb:3868 d:s ref:0 ;
in:6542 out:6544 type:b dur:2 cpbdur:2 q:28.90 aq:31.23 tex:1682 mv:638 misc:448 imb:5 pmb:50 smb:4265 d:s ref:0 ;
in:6544 out:6545 type:b dur:2 cpbdur:2 q:28.91 aq:26.69 tex:1830 mv:839 misc:603 imb:5 pmb:105 smb:4210 d:- ref:0 ;
in:6549 out:6546 type:P dur:2 cpbdur:2 q:28.94 aq:16.84 tex:96221 mv:16171 misc:1192 imb:1667 pmb:1137 smb:1516 d:s ref:0 ;
in:6547 out:6547 type:B dur:2 cpbdur:2 q:28.93 aq:28.92 tex:8571 mv:4185 misc:1572 imb:9 pmb:453 smb:3858 d:s ref:0 ;
in:6546 out:6548 type:b dur:2 cpbdur:2 q:28.92 aq:25.69 tex:1068 mv:711 misc:517 imb:3 pmb:57 smb:4260 d:s ref:0 ;
in:6548 out:6549 type:b dur:2 cpbdur:2 q:28.94 aq:27.25 tex:1576 mv:1528 misc:864 imb:8 pmb:157 smb:4155 d:- ref:0 ;
in:6552 out:6550 type:P dur:2 cpbdur:2 q:28.95 aq:20.82 tex:75357 mv:13130 misc:1001 imb:439 pmb:1197 smb:2684 d:s ref:0 ;
in:6550 out:6551 type:B dur:2 cpbdur:2 q:28.95 aq:31.36 tex:672 mv:1291 misc:1213 imb:1 pmb:301 smb:4018 d:s ref:0 ;
in:6551 out:6552 type:b dur:2 cpbdur:2 q:28.95 aq:22.51 tex:132 mv:510 misc:902 imb:2 pmb:182 smb:4136 d:- ref:0 ;
in:6554 out:6553 type:P dur:2 cpbdur:2 q:28.96 aq:19.98 tex:32251 mv:7285 misc:1512 imb:76 pmb:1122 smb:3122 d:s ref:0 ;
in:6553 out:6554 type:b dur:2 cpbdur:2 q:28.96 aq:31.10 tex:158 mv:211 misc:775 imb:0 pmb:127 smb:4193 d:s ref:0 ;
in:6558 out:6555 type:P dur:2 cpbdur:2 q:28.95 aq:23.30 tex:8783 mv:2544 misc:1809 imb:36 pmb:531 smb:3753 d:s ref:0 ;
in:6556 out:6556 type:B dur:2 cpbdur:2 q:28.96 aq:19.04 tex:103 mv:142 misc:395 imb:6 pmb:21 smb:4293 d:s ref:0 ;
in:6555 out:6557 type:b dur:2 cpbdur:2 q:28.96 aq:30.00 tex:0 mv:3 misc:253 imb:0 pmb:1 smb:4319 d:s ref:0 ;
in:6557 out:6558 type:b dur:2 cpbdur:2 q:28.95 aq:30.00 tex:0 mv:0 misc:248 imb:0 pmb:0 smb:4320 d:- ref:0 ;
in:6562 out:6559 type:P dur:2 cpbdur:2 q:28.95 aq:23.73 tex:36259 mv:9603 misc:1362 imb:130 pmb:1089 smb:3101 d:s ref:0 ;
in:6560 out:6560 type:B dur:2 cpbdur:2 q:28.95 aq:27.75 tex:806 mv:2062 misc:1476 imb:1 pmb:418 smb:3901 d:s ref:0 ;
in:6559 out:6561 type:b dur:2 cpbdur:2 q:28.95 aq:30.00 tex:0 mv:0 misc:248 imb:0 pmb:0 smb:4320 d:s ref:0 ;
in:6561 out:6562 type:b dur:2 cpbdur:2 q:28.95 aq:30.00 tex:62 mv:700 misc:1310 imb:0 pmb:311 smb:4009 d:- ref:0 ;
in:6566 out:6563 type:P dur:2 cpbdur:2 q:28.95 aq:17.13 tex:75416 mv:13932 misc:1044 imb:824 pmb:987 smb:2509 d:s ref:0 ;
in:6564 out:6564 type:B dur:2 cpbdur:2 q:28.95 aq:27.11 tex:10903 mv:7092 misc:1765 imb:14 pmb:667 smb:3639 d:s ref:0 ;
in:6563 out:6565 type:b dur:2 cpbdur:2 q:28.95 aq:29.08 tex:171 mv:720 misc:1093 imb:2 pmb:239 smb:4079 d:s ref:0 ;
in:6565 out:6566 type:b dur:2 cpbdur:2 q:28.95 aq:29.97 tex:2619 mv:1616 misc:1037 imb:5 pmb:213 smb:4102 d:- ref:0 ;
in:6570 out:6567 type:P dur:2 cpbdur:2 q:28.96 aq:17.05 tex:95114 mv:13468 misc:794 imb:508 pmb:1006 smb:2806 d:s ref:0 ;
in:6568 out:6568 type:B dur:2 cpbdur:2 q:28.95 aq:28.31 tex:6969 mv:4282 misc:1453 imb:17 pmb:419 smb:3884 d:s ref:0 ;
in:6567 out:6569 type:b dur:2 cpbdur:2 q:28.95 aq:20.28 tex:127 mv:626 misc:1015 imb:4 pmb:224 smb:4092 d:s ref:0 ;
in:6569 out:6570 type:b dur:2 cpbdur:2 q:28.96 aq:28.27 tex:711 mv:1927 misc:1338 imb:3 pmb:346 smb:3971 d:- ref:0 ;
in:6574 out:6571 type:P dur:2 cpbdur:2 q:28.96 aq:23.53 tex:10332 mv:2976 misc:1660 imb:108 pmb:559 smb:3653 d:s ref:0 ;
in:6572 out:6572 type:B dur:2 cpbdur:2 q:28.96 aq:28.00 tex:5 mv:192 misc:339 imb:0 pmb:17 smb:4303 d:s ref:0 ;
in:6571 out:6573 type:b dur:2 cpbdur:2 q:28.96 aq:32.80 tex:236 mv:69 misc:287 imb:0 pmb:11 smb:4309 d:s ref:0 ;
in:6573 out:6574 type:b dur:2 cpbdur:2 q:28.96 aq:32.69 tex:57 mv:37 misc:282 imb:0 pmb:8 smb:4312 d:- ref:0 ;
in:6578 out:6575 type:P dur:2 cpbdur:2 q:28.96 aq:22.74 tex:5796 mv:3109 misc:1431 imb:126 pmb:446 smb:3748 d:s ref:0 ;
in:6576 out:6576 type:B dur:2 cpbdur:2 q:28.96 aq:23.70 tex:610 mv:423 misc:799 imb:1 pmb:126 smb:4193 d:s ref:0 ;
in:6575 out:6577 type:b dur:2 cpbdur:2 q:28.96 aq:32.77 tex:86 mv:14 misc:260 imb:0 pmb:4 smb:4316 d:s ref:0 ;
in:6577 out:6578 type:b dur:2 cpbdur:2 q:28.96 aq:30.00 tex:14 mv:221 misc:589 imb:1 pmb:72 smb:4247 d:- ref:0 ;
in:6581 out:6579 type:P dur:2 cpbdur:2 q:28.95 aq:18.47 tex:69952 mv:12645 misc:1019 imb:489 pmb:997 smb:2834 d:s ref:0 ;
in:6579 out:6580 type:B dur:2 cpbdur:2 q:28.96 aq:30.50 tex:3179 mv:2660 misc:1161 imb:13 pmb:285 smb:4022 d:s ref:0 ;
in:6580 out:6581 type:b dur:2 cpbdur:2 q:28.96 aq:27.80 tex:1958 mv:1437 misc:845 imb:12 pmb:142 smb:4166 d:- ref:0 ;
in:6585 out:6582 type:P dur:2 cpbdur:2 q:28.96 aq:20.23 tex:80973 mv:13254 misc:853 imb:452 pmb:1079 smb:2789 d:s ref:0 ;
in:6583 out:6583 type:B dur:2 cpbdur:2 q:28.96 aq:26.92 tex:6600 mv:3964 misc:1548 imb:12 pmb:439 smb:3869 d:s ref:0 ;
in:6582 out:6584 type:b dur:2 cpbdur:2 q:28.96 aq:22.10 tex:221 mv:1489 misc:1338 imb:4 pmb:357 smb:3959 d:s ref:0 ;
in:6584 out:6585 type:b dur:2 cpbdur:2 q:28.96 aq:23.62 tex:202 mv:1269 misc:1217 imb:4 pmb:285 smb:4031 d:- ref:0 ;
in:6588 out:6586 type:P dur:2 cpbdur:2 q:28.96 aq:19.76 tex:70888 mv:12043 misc:917 imb:231 pmb:1170 smb:2919 d:s ref:0 ;
in:6586 out:6587 type:B dur:2 cpbdur:2 q:28.96 aq:28.53 tex:1798 mv:1338 misc:888 imb:0 pmb:168 smb:4152 d:s ref:0 ;
in:6587 out:6588 type:b dur:2 cpbdur:2 q:28.96 aq:29.60 tex:225 mv:1136 misc:1119 imb:2 pmb:228 smb:4090 d:- ref:0 ;
in:6591 out:6589 type:P dur:2 cpbdur:2 q:28.96 aq:22.71 tex:26521 mv:6412 misc:1491 imb:116 pmb:1047 smb:3157 d:s ref:0 ;
in:6589 out:6590 type:B dur:2 cpbdur:2 q:28.96 aq:18.07 tex:56 mv:51 misc:325 imb:1 pmb:9 smb:4310 d:s ref:0 ;
in:6590 out:6591 type:b dur:2 cpbdur:2 q:28.96 aq:30.00 tex:5 mv:65 misc:370 imb:0 pmb:24 smb:4296 d:- ref:0 ;
in:6592 out:6592 type:P dur:2 cpbdur:2 q:28.96 aq:21.09 tex:7643 mv:1674 misc:1723 imb:8 pmb:468 smb:3844 d:s ref:0 ;
in:6596 out:6593 type:P dur:2 cpbdur:2 q:28.95 aq:24.93 tex:1636 mv:462 misc:998 imb:2 pmb:133 smb:4185 d:s ref:0 ;
in:6594 out:6594 type:B dur:2 cpbdur:2 q:28.96 aq:28.00 tex:0 mv:3 misc:269 imb:0 pmb:1 smb:4319 d:s ref:0 ;
in:6593 out:6595 type:b dur:2 cpbdur:2 q:28.96 aq:30.00 tex:0 mv:0 misc:248 imb:0 pmb:0 smb:4320 d:s ref:0 ;
in:6595 out:6596 type:b dur:2 cpbdur:2 q:28.95 aq:30.00 tex:0 mv:0 misc:248 imb:0 pmb:0 smb:4320 d:- ref:0 ;
in:6600 out:6597 type:P dur:2 cpbdur:2 q:28.96 aq:23.81 tex:41448 mv:10907 misc:1237 imb:357 pmb:1108 smb:2855 d:s ref:0 ;
in:6598 out:6598 type:B dur:2 cpbdur:2 q:28.96 aq:23.48 tex:395 mv:1247 misc:1214 imb:7 pmb:281 smb:4032 d:s ref:0 ;
in:6597 out:6599 type:b dur:2 cpbdur:2 q:28.95 aq:30.00 tex:0 mv:0 misc:248 imb:0 pmb:0 smb:4320 d:s ref:0 ;
in:6599 out:6600 type:b dur:2 cpbdur:2 q:28.96 aq:27.63 tex:598 mv:314 misc:448 imb:1 pmb:37 smb:4282 d:- ref:0 ;
in:6601 out:6601 type:P dur:2 cpbdur:2 q:28.96 aq:21.37 tex:15258 mv:5202 misc:1676 imb:131 pmb:840 smb:3349 d:s ref:0 ;
in:6605 out:6602 type:P dur:2 cpbdur:2 q:28.96 aq:18.15 tex:73740 mv:14444 misc:720 imb:733 pmb:1082 smb:2505 d:s ref:0 ;
in:6603 out:6603 type:B dur:2 cpbdur:2 q:28.96 aq:28.91 tex:9393 mv:5579 misc:1652 imb:11 pmb:561 smb:3748 d:s ref:0 ;
in:6602 out:6604 type:b dur:2 cpbdur:2 q:28.96 aq:29.21 tex:318 mv:890 misc:1248 imb:4 pmb:282 smb:4034 d:s ref:0 ;
in:6604 out:6605 type:b dur:2 cpbdur:2 q:28.96 aq:30.75 tex:958 mv:767 misc:635 imb:1 pmb:91 smb:4228 d:- ref:0 ;
in:6607 out:6606 type:P dur:2 cpbdur:2 q:28.96 aq:22.56 tex:55692 mv:11561 misc:1043 imb:313 pmb:1147 smb:2860 d:s ref:0 ;
in:6606 out:6607 type:b dur:2 cpbdur:2 q:28.96 aq:28.64 tex:550 mv:436 misc:526 imb:1 pmb:58 smb:4261 d:s ref:0 ;
in:6608 out:6608 type:P dur:2 cpbdur:2 q:28.96 aq:20.61 tex:23319 mv:6538 misc:1583 imb:188 pmb:1013 smb:3119 d:s ref:0 ;
in:6609 out:6609 type:P dur:2 cpbdur:2 q:28.96 aq:24.40 tex:14897 mv:3775 misc:1776 imb:18 pmb:785 smb:3517 d:s ref:0 ;
in:6613 out:6610 type:P dur:2 cpbdur:2 q:28.96 aq:22.33 tex:16753 mv:8229 misc:2250 imb:817 pmb:904 smb:2599 d:s ref:0 ;
in:6611 out:6611 type:B dur:2 cpbdur:2 q:28.96 aq:24.74 tex:3140 mv:2732 misc:1856 imb:6 pmb:493 smb:3821 d:s ref:0 ;
in:6610 out:6612 type:b dur:2 cpbdur:2 q:28.96 aq:30.00 tex:0 mv:0 misc:248 imb:0 pmb:0 smb:4320 d:s ref:0 ;
in:6612 out:6613 type:b dur:2 cpbdur:2 q:28.96 aq:20.12 tex:59 mv:183 misc:398 imb:2 pmb:54 smb:4264 d:- ref:0 ;
in:6614 out:6614 type:P dur:2 cpbdur:2 q:28.95 aq:23.51 tex:27534 mv:10812 misc:1974 imb:730 pmb:958 smb:2632 d:s ref:0 ;
in:6615 out:6615 type:P dur:2 cpbdur:2 q:28.95 aq:19.02 tex:31779 mv:12751 misc:1854 imb:1122 pmb:1084 smb:2114 d:s ref:0 ;
in:6616 out:6616 type:P dur:2 cpbdur:2 q:28.95 aq:19.24 tex:27031 mv:12372 misc:1581 imb:452 pmb:1058 smb:2810 d:s ref:0 ;
in:6617 out:6617 type:P dur:2 cpbdur:2 q:28.95 aq:21.30 tex:29440 mv:12423 misc:1401 imb:376 pmb:1115 smb:2829 d:s ref:0 ;
in:6618 out:6618 type:P dur:2 cpbdur:2 q:28.95 aq:20.28 tex:32464 mv:12513 misc:1423 imb:1112 pmb:1090 smb:2118 d:s ref:0 ;
in:6619 out:6619 type:P dur:2 cpbdur:2 q:28.95 aq:20.14 tex:55624 mv:14073 misc:1311 imb:743 pmb:1010 smb:2567 d:s ref:0 ;
in:6620 out:6620 type:P dur:2 cpbdur:2 q:28.95 aq:18.28 tex:52235 mv:14066 misc:1115 imb:1058 pmb:1141 smb:2121 d:s ref:0 ;
in:6621 out:6621 type:P dur:2 cpbdur:2 q:28.95 aq:20.25 tex:72571 mv:14196 misc:1313 imb:804 pmb:1094 smb:2422 d:s ref:0 ;
in:6622 out:6622 type:P dur:2 cpbdur:2 q:28.95 aq:18.73 tex:76139 mv:14129 misc:1172 imb:896 pmb:1143 smb:2281 d:s ref:0 ;
in:6623 out:6623 type:P dur:2 cpbdur:2 q:28.95 aq:22.83 tex:75238 mv:13756 misc:1150 imb:867 pmb:1119 smb:2334 d:s ref:0 ;
in:6624 out:6624 type:P dur:2 cpbdur:2 q:28.96 aq:19.42 tex:86553 mv:13445 misc:1242 imb:915 pmb:1087 smb:2318 d:s ref:0 ;
in:6625 out:6625 type:P dur:2 cpbdur:2 q:28.95 aq:19.07 tex:90817 mv:13921 misc:1118 imb:1540 pmb:1131 smb:1649 d:s ref:0 ;
in:6626 out:6626 type:P dur:2 cpbdur:2 q:28.96 aq:18.32 tex:104738 mv:13143 misc:1255 imb:1527 pmb:1117 smb:1676 d:s ref:0 ;
in:6628 out:6627 type:P dur:2 cpbdur:2 q:28.96 aq:17.11 tex:162489 mv:14442 misc:1205 imb:1721 pmb:1053 smb:1546 d:s ref:0 ;
in:6627 out:6628 type:b dur:2 cpbdur:2 q:28.96 aq:28.08 tex:9734 mv:9527 misc:2355 imb:262 pmb:642 smb:3416 d:s ref:0 ;
in:6631 out:6629 type:P dur:2 cpbdur:2 q:28.96 aq:17.62 tex:186312 mv:14761 misc:1367 imb:1581 pmb:1121 smb:1618 d:s ref:0 ;
in:6629 out:6630 type:B dur:2 cpbdur:2 q:28.96 aq:29.40 tex:17094 mv:9835 misc:2407 imb:223 pmb:797 smb:3300 d:s ref:0 ;
in:6630 out:6631 type:b dur:2 cpbdur:2 q:28.96 aq:29.13 tex:16171 mv:7697 misc:2060 imb:129 pmb:719 smb:3472 d:- ref:0 ;
in:6635 out:6632 type:P dur:2 cpbdur:2 q:28.95 aq:18.56 tex:178387 mv:13115 misc:1514 imb:1707 pmb:1086 smb:1527 d:s ref:0 ;
in:6633 out:6633 type:B dur:2 cpbdur:2 q:28.95 aq:29.32 tex:30876 mv:8828 misc:2336 imb:206 pmb:894 smb:3220 d:s ref:0 ;
in:6632 out:6634 type:b dur:2 cpbdur:2 q:28.95 aq:30.20 tex:21408 mv:7855 misc:2097 imb:185 pmb:789 smb:3346 d:s ref:0 ;
in:6634 out:6635 type:b dur:2 cpbdur:2 q:28.95 aq:31.15 tex:21489 mv:6024 misc:1895 imb:212 pmb:572 smb:3536 d:- ref:0 ;
in:6638 out:6636 type:P dur:2 cpbdur:2 q:29.06 aq:20.63 tex:197435 mv:11370 misc:1771 imb:901 pmb:1223 smb:2196 d:s ref:0 ;
in:6636 out:6637 type:B dur:2 cpbdur:2 q:28.99 aq:29.92 tex:18050 mv:3860 misc:1578 imb:105 pmb:583 smb:3632 d:s ref:0 ;
in:6637 out:6638 type:b dur:2 cpbdur:2 q:29.02 aq:31.84 tex:1443 mv:998 misc:935 imb:39 pmb:203 smb:4078 d:- ref:0 ;
in:6641 out:6639 type:P dur:2 cpbdur:2 q:29.51 aq:20.73 tex:99721 mv:7945 misc:2262 imb:465 pmb:974 smb:2881 d:s ref:0 ;
in:6639 out:6640 type:B dur:2 cpbdur:2 q:29.21 aq:31.89 tex:2808 mv:733 misc:787 imb:1 pmb:139 smb:4180 d:s ref:0 ;
in:6640 out:6641 type:b dur:2 cpbdur:2 q:29.36 aq:31.28 tex:1657 mv:582 misc:561 imb:2 pmb:111 smb:4207 d:- ref:0 ;
in:6643 out:6642 type:P dur:2 cpbdur:2 q:29.89 aq:21.81 tex:39546 mv:3344 misc:1046 imb:62 pmb:475 smb:3783 d:s ref:0 ;
in:6642 out:6643 type:b dur:2 cpbdur:2 q:29.70 aq:32.83 tex:82 mv:215 misc:639 imb:0 pmb:101 smb:4219 d:s ref:0 ;
in:6644 out:6644 type:P dur:2 cpbdur:2 q:30.12 aq:21.78 tex:10747 mv:1144 misc:829 imb:14 pmb:290 smb:4016 d:s ref:0 ;
in:6646 out:6645 type:P dur:2 cpbdur:2 q:30.33 aq:21.78 tex:11762 mv:1253 misc:977 imb:26 pmb:314 smb:3980 d:s ref:0 ;
in:6645 out:6646 type:b dur:2 cpbdur:2 q:30.23 aq:28.00 tex:0 mv:0 misc:248 imb:0 pmb:0 smb:4320 d:s ref:0 ;
in:6650 out:6647 type:P dur:2 cpbdur:2 q:30.55 aq:22.44 tex:2048 mv:273 misc:703 imb:5 pmb:79 smb:4236 d:s ref:0 ;
in:6648 out:6648 type:B dur:2 cpbdur:2 q:30.44 aq:26.00 tex:0 mv:0 misc:264 imb:0 pmb:0 smb:4320 d:s ref:0 ;
in:6647 out:6649 type:b dur:2 cpbdur:2 q:30.39 aq:28.00 tex:0 mv:0 misc:248 imb:0 pmb:0 smb:4320 d:s ref:0 ;
in:6649 out:6650 type:b dur:2 cpbdur:2 q:30.50 aq:20.15 tex:35 mv:16 misc:261 imb:1 pmb:1 smb:4318 d:- ref:0 ;
in:6654 out:6651 type:P dur:2 cpbdur:2 q:30.71 aq:18.62 tex:274 mv:103 misc:415 imb:7 pmb:11 smb:4302 d:s ref:0 ;
in:6652 out:6652 type:B dur:2 cpbdur:2 q:30.63 aq:26.00 tex:0 mv:0 misc:264 imb:0 pmb:0 smb:4320 d:s ref:0 ;
in:6651 out:6653 type:b dur:2 cpbdur:2 q:30.59 aq:20.75 tex:21 mv:11 misc:256 imb:1 pmb:0 smb:4319 d:s ref:0 ;
in:6653 out:6654 type:b dur:2 cpbdur:2 q:30.67 aq:28.00 tex:0 mv:0 misc:248 imb:0 pmb:0 smb:4320 d:- ref:0 ;
in:6658 out:6655 type:P dur:2 cpbdur:2 q:30.85 aq:22.81 tex:145 mv:32 misc:343 imb:1 pmb:6 smb:4313 d:s ref:0 ;
in:6656 out:6656 type:B dur:2 cpbdur:2 q:30.78 aq:27.00 tex:0 mv:0 misc:264 imb:0 pmb:0 smb:4320 d:s ref:0 ;
in:6655 out:6657 type:b dur:2 cpbdur:2 q:30.75 aq:29.00 tex:0 mv:0 misc:248 imb:0 pmb:0 smb:4320 d:s ref:0 ;
in:6657 out:6658 type:b dur:2 cpbdur:2 q:30.82 aq:29.00 tex:0 mv:0 misc:248 imb:0 pmb:0 smb:4320 d:- ref:0 ;
in:6662 out:6659 type:P dur:2 cpbdur:2 q:30.71 aq:23.39 tex:14401 mv:2000 misc:687 imb:10 pmb:343 smb:3967 d:s ref:0 ;
in:6660 out:6660 type:B dur:2 cpbdur:2 q:30.78 aq:27.00 tex:12 mv:162 misc:530 imb:0 pmb:57 smb:4263 d:s ref:0 ;
in:6659 out:6661 type:b dur:2 cpbdur:2 q:30.82 aq:29.00 tex:0 mv:0 misc:248 imb:0 pmb:0 smb:4320 d:s ref:0 ;
in:6661 out:6662 type:b dur:2 cpbdur:2 q:30.75 aq:29.00 tex:8 mv:216 misc:496 imb:0 pmb:49 smb:4271 d:- ref:0 ;
in:6664 out:6663 type:P dur:2 cpbdur:2 q:30.72 aq:23.09 tex:34494 mv:3510 misc:588 imb:32 pmb:380 smb:3908 d:s ref:0 ;
in:6663 out:6664 type:b dur:2 cpbdur:2 q:30.71 aq:32.02 tex:1090 mv:191 misc:399 imb:0 pmb:31 smb:4289 d:s ref:0 ;
in:6668 out:6665 type:P dur:2 cpbdur:2 q:30.71 aq:24.43 tex:34786 mv:3579 misc:571 imb:25 pmb:382 smb:3913 d:s ref:0 ;
in:6666 out:6666 type:B dur:2 cpbdur:2 q:30.72 aq:32.64 tex:606 mv:186 misc:400 imb:1 pmb:24 smb:4295 d:s ref:0 ;
in:6665 out:6667 type:b dur:2 cpbdur:2 q:30.72 aq:31.14 tex:63 mv:321 misc:464 imb:1 pmb:51 smb:4268 d:s ref:0 ;
in:6667 out:6668 type:b dur:2 cpbdur:2 q:30.72 aq:32.05 tex:102 mv:69 misc:325 imb:0 pmb:12 smb:4308 d:- ref:0 ;
in:6669 out:6669 type:P dur:2 cpbdur:2 q:30.67 aq:24.29 tex:11747 mv:1456 misc:813 imb:8 pmb:352 smb:3960 d:s ref:0 ;
in:6673 out:6670 type:P dur:2 cpbdur:2 q:30.67 aq:24.78 tex:4591 mv:718 misc:819 imb:3 pmb:201 smb:4116 d:s ref:0 ;
in:6671 out:6671 type:B dur:2 cpbdur:2 q:30.67 aq:27.00 tex:1 mv:3 misc:268 imb:0 pmb:1 smb:4319 d:s ref:0 ;
in:6670 out:6672 type:b dur:2 cpbdur:2 q:30.67 aq:29.00 tex:0 mv:0 misc:248 imb:0 pmb:0 smb:4320 d:s ref:0 ;
in:6672 out:6673 type:b dur:2 cpbdur:2 q:30.67 aq:29.00 tex:0 mv:0 misc:248 imb:0 pmb:0 smb:4320 d:- ref:0 ;
in:6677 out:6674 type:P dur:2 cpbdur:2 q:30.62 aq:21.33 tex:2017 mv:259 misc:780 imb:3 pmb:83 smb:4234 d:s ref:0 ;
in:6675 out:6675 type:B dur:2 cpbdur:2 q:30.65 aq:27.00 tex:0 mv:0 misc:264 imb:0 pmb:0 smb:4320 d:s ref:0 ;
in:6674 out:6676 type:b dur:2 cpbdur:2 q:30.66 aq:28.00 tex:0 mv:0 misc:248 imb:0 pmb:0 smb:4320 d:s ref:0 ;
in:6676 out:6677 type:b dur:2 cpbdur:2 q:30.63 aq:28.00 tex:0 mv:0 misc:248 imb:0 pmb:0 smb:4320 d:- ref:0 ;
in:6678 out:6678 type:P dur:2 cpbdur:2 q:30.59 aq:23.35 tex:8936 mv:1381 misc:971 imb:9 pmb:325 smb:3986 d:s ref:0 ;
in:6682 out:6679 type:P dur:2 cpbdur:2 q:30.52 aq:21.91 tex:45755 mv:3911 misc:494 imb:89 pmb:325 smb:3906 d:s ref:0 ;
in:6680 out:6680 type:B dur:2 cpbdur:2 q:30.56 aq:29.36 tex:4788 mv:1554 misc:690 imb:2 pmb:184 smb:4134 d:s ref:0 ;
in:6679 out:6681 type:b dur:2 cpbdur:2 q:30.57 aq:33.88 tex:753 mv:163 misc:388 imb:0 pmb:27 smb:4293 d:s ref:0 ;
in:6681 out:6682 type:b dur:2 cpbdur:2 q:30.54 aq:30.18 tex:72 mv:485 misc:675 imb:0 pmb:125 smb:4195 d:- ref:0 ;
in:6684 out:6683 type:P dur:2 cpbdur:2 q:30.63 aq:24.07 tex:7960 mv:1180 misc:772 imb:5 pmb:262 smb:4053 d:s ref:0 ;
in:6683 out:6684 type:b dur:2 cpbdur:2 q:30.58 aq:28.00 tex:0 mv:0 misc:248 imb:0 pmb:0 smb:4320 d:s ref:0 ;
in:6688 out:6685 type:P dur:2 cpbdur:2 q:30.60 aq:21.98 tex:2662 mv:428 misc:806 imb:2 pmb:128 smb:4190 d:s ref:0 ;
in:6686 out:6686 type:B dur:2 cpbdur:2 q:30.62 aq:22.66 tex:32 mv:19 misc:277 imb:1 pmb:1 smb:4318 d:s ref:0 ;
in:6685 out:6687 type:b dur:2 cpbdur:2 q:30.62 aq:28.00 tex:0 mv:0 misc:248 imb:0 pmb:0 smb:4320 d:s ref:0 ;
in:6687 out:6688 type:b dur:2 cpbdur:2 q:30.61 aq:24.09 tex:30 mv:14 misc:252 imb:1 pmb:0 smb:4319 d:- ref:0 ;
in:6692 out:6689 type:P dur:2 cpbdur:2 q:30.58 aq:25.22 tex:6885 mv:1287 misc:748 imb:8 pmb:263 smb:4049 d:s ref:0 ;
in:6690 out:6690 type:B dur:2 cpbdur:2 q:30.59 aq:26.46 tex:65 mv:98 misc:357 imb:1 pmb:15 smb:4304 d:s ref:0 ;
in:6689 out:6691 type:b dur:2 cpbdur:2 q:30.60 aq:24.09 tex:30 mv:14 misc:252 imb:1 pmb:0 smb:4319 d:s ref:0 ;
in:6691 out:6692 type:b dur:2 cpbdur:2 q:30.58 aq:28.00 tex:6 mv:61 misc:333 imb:0 pmb:15 smb:4305 d:- ref:0 ;
in:6696 out:6693 type:P dur:2 cpbdur:2 q:30.52 aq:20.07 tex:39503 mv:3739 misc:510 imb:58 pmb:341 smb:3921 d:s ref:0 ;
in:6694 out:6694 type:B dur:2 cpbdur:2 q:30.55 aq:29.55 tex:4094 mv:1288 misc:698 imb:0 pmb:153 smb:4167 d:s ref:0 ;
in:6693 out:6695 type:b dur:2 cpbdur:2 q:30.56 aq:34.58 tex:796 mv:220 misc:368 imb:0 pmb:25 smb:4295 d:s ref:0 ;
in:6695 out:6696 type:b dur:2 cpbdur:2 q:30.53 aq:30.64 tex:81 mv:362 misc:573 imb:0 pmb:89 smb:4231 d:- ref:0 ;
in:6698 out:6697 type:P dur:2 cpbdur:2 q:30.54 aq:20.95 tex:24459 mv:2648 misc:501 imb:20 pmb:349 smb:3951 d:s ref:0 ;
in:6697 out:6698 type:b dur:2 cpbdur:2 q:30.53 aq:25.98 tex:216 mv:406 misc:554 imb:2 pmb:85 smb:4233 d:s ref:0 ;
in:6700 out:6699 type:P dur:2 cpbdur:2 q:30.50 aq:21.05 tex:8164 mv:1082 misc:802 imb:5 pmb:267 smb:4048 d:s ref:0 ;
in:6699 out:6700 type:b dur:2 cpbdur:2 q:30.52 aq:28.00 tex:1 mv:13 misc:282 imb:0 pmb:5 smb:4315 d:s ref:0 ;
in:6704 out:6701 type:P dur:2 cpbdur:2 q:30.46 aq:21.90 tex:2837 mv:377 misc:778 imb:3 pmb:127 smb:4190 d:s ref:0 ;
in:6702 out:6702 type:B dur:2 cpbdur:2 q:30.48 aq:26.00 tex:3 mv:9 misc:284 imb:0 pmb:3 smb:4317 d:s ref:0 ;
in:6701 out:6703 type:b dur:2 cpbdur:2 q:30.49 aq:28.00 tex:0 mv:0 misc:248 imb:0 pmb:0 smb:4320 d:s ref:0 ;
in:6703 out:6704 type:b dur:2 cpbdur:2 q:30.47 aq:28.00 tex:0 mv:0 misc:248 imb:0 pmb:0 smb:4320 d:- ref:0 ;
in:6708 out:6705 type:P dur:2 cpbdur:2 q:30.43 aq:25.66 tex:2679 mv:815 misc:730 imb:4 pmb:152 smb:4164 d:s ref:0 ;
in:6706 out:6706 type:B dur:2 cpbdur:2 q:30.44 aq:28.62 tex:99 mv:100 misc:441 imb:0 pmb:35 smb:4285 d:s ref:0 ;
in:6705 out:6707 type:b dur:2 cpbdur:2 q:30.45 aq:28.00 tex:0 mv:0 misc:248 imb:0 pmb:0 smb:4320 d:s ref:0 ;
in:6707 out:6708 type:b dur:2 cpbdur:2 q:30.44 aq:28.00 tex:1 mv:58 misc:373 imb:0 pmb:20 smb:4300 d:- ref:0 ;
in:6711 out:6709 type:P dur:2 cpbdur:2 q:30.36 aq:25.07 tex:15778 mv:2550 misc:664 imb:12 pmb:329 smb:3979 d:s ref:0 ;
in:6709 out:6710 type:B dur:2 cpbdur:2 q:30.40 aq:31.00 tex:111 mv:146 misc:527 imb:0 pmb:67 smb:4253 d:s ref:0 ;
in:6710 out:6711 type:b dur:2 cpbdur:2 q:30.38 aq:30.83 tex:679 mv:74 misc:319 imb:0 pmb:11 smb:4309 d:- ref:0 ;
in:6713 out:6712 type:P dur:2 cpbdur:2 q:30.37 aq:21.59 tex:32006 mv:3237 misc:525 imb:31 pmb:357 smb:3932 d:s ref:0 ;
in:6712 out:6713 type:b dur:2 cpbdur:2 q:30.36 aq:32.53 tex:678 mv:325 misc:397 imb:1 pmb:35 smb:4284 d:s ref:0 ;
in:6714 out:6714 type:P dur:2 cpbdur:2 q:30.36 aq:21.64 tex:14905 mv:1825 misc:694 imb:9 pmb:343 smb:3968 d:s ref:0 ;
in:6715 out:6715 type:P dur:2 cpbdur:2 q:30.38 aq:22.77 tex:7290 mv:914 misc:788 imb:2 pmb:250 smb:4068 d:s ref:0 ;
in:6716 out:6716 type:P dur:2 cpbdur:2 q:30.37 aq:21.42 tex:5007 mv:594 misc:767 imb:3 pmb:191 smb:4126 d:s ref:0 ;
in:6718 out:6717 type:P dur:2 cpbdur:2 q:30.37 aq:23.64 tex:3694 mv:489 misc:801 imb:0 pmb:172 smb:4148 d:s ref:0 ;
in:6717 out:6718 type:b dur:2 cpbdur:2 q:30.37 aq:28.00 tex:0 mv:0 misc:248 imb:0 pmb:0 smb:4320 d:s ref:0 ;
in:6722 out:6719 type:P dur:2 cpbdur:2 q:30.34 aq:26.20 tex:9378 mv:1270 misc:712 imb:6 pmb:264 smb:4050 d:s ref:0 ;
in:6720 out:6720 type:B dur:2 cpbdur:2 q:30.36 aq:26.26 tex:75 mv:139 misc:346 imb:1 pmb:15 smb:4304 d:s ref:0 ;
in:6719 out:6721 type:b dur:2 cpbdur:2 q:30.36 aq:28.00 tex:0 mv:0 misc:248 imb:0 pmb:0 smb:4320 d:s ref:0 ;
in:6721 out:6722 type:b dur:2 cpbdur:2 q:30.35 aq:28.00 tex:2 mv:47 misc:319 imb:0 pmb:11 smb:4309 d:- ref:0 ;
in:6723 out:6723 type:P dur:2 cpbdur:2 q:30.24 aq:24.05 tex:4610 mv:749 misc:817 imb:2 pmb:199 smb:4119 d:s ref:0 ;
in:6726 out:6724 type:P dur:2 cpbdur:2 q:30.23 aq:23.46 tex:30306 mv:3195 misc:547 imb:27 pmb:368 smb:3925 d:s ref:0 ;
in:6724 out:6725 type:B dur:2 cpbdur:2 q:30.23 aq:30.23 tex:1261 mv:240 misc:427 imb:2 pmb:34 smb:4284 d:s ref:0 ;
in:6725 out:6726 type:b dur:2 cpbdur:2 q:30.23 aq:24.90 tex:125 mv:477 misc:566 imb:4 pmb:72 smb:4244 d:- ref:0 ;
in:6728 out:6727 type:P dur:2 cpbdur:2 q:30.23 aq:23.83 tex:30212 mv:3023 misc:509 imb:20 pmb:377 smb:3923 d:s ref:0 ;
in:6727 out:6728 type:b dur:2 cpbdur:2 q:30.23 aq:26.58 tex:58 mv:418 misc:660 imb:1 pmb:108 smb:4211 d:s ref:0 ;
in:6730 out:6729 type:P dur:2 cpbdur:2 q:30.22 aq:25.66 tex:11728 mv:1345 misc:655 imb:3 pmb:324 smb:3993 d:s ref:0 ;
in:6729 out:6730 type:b dur:2 cpbdur:2 q:30.23 aq:28.81 tex:29 mv:45 misc:326 imb:0 pmb:11 smb:4309 d:s ref:0 ;
in:6734 out:6731 type:P dur:2 cpbdur:2 q:30.21 aq:24.87 tex:1414 mv:266 misc:600 imb:0 pmb:71 smb:4249 d:s ref:0 ;
in:6732 out:6732 type:B dur:2 cpbdur:2 q:30.22 aq:26.00 tex:0 mv:0 misc:264 imb:0 pmb:0 smb:4320 d:s ref:0 ;
in:6731 out:6733 type:b dur:2 cpbdur:2 q:30.22 aq:28.00 tex:0 mv:0 misc:248 imb:0 pmb:0 smb:4320 d:s ref:0 ;
in:6733 out:6734 type:b dur:2 cpbdur:2 q:30.22 aq:28.00 tex:0 mv:0 misc:248 imb:0 pmb:0 smb:4320 d:- ref:0 ;
in:6735 out:6735 type:P dur:2 cpbdur:2 q:30.15 aq:25.87 tex:10215 mv:1504 misc:681 imb:2 pmb:307 smb:4011 d:s ref:0 ;
in:6738 out:6736 type:P dur:2 cpbdur:2 q:30.15 aq:24.53 tex:31017 mv:3279 misc:512 imb:22 pmb:375 smb:3923 d:s ref:0 ;
in:6736 out:6737 type:B dur:2 cpbdur:2 q:30.15 aq:30.34 tex:1748 mv:380 misc:584 imb:0 pmb:72 smb:4248 d:s ref:0 ;
in:6737 out:6738 type:b dur:2 cpbdur:2 q:30.15 aq:29.37 tex:140 mv:426 misc:602 imb:1 pmb:86 smb:4233 d:- ref:0 ;
in:6739 out:6739 type:P dur:2 cpbdur:2 q:30.15 aq:21.73 tex:28220 mv:2896 misc:532 imb:16 pmb:379 smb:3925 d:s ref:0 ;
in:6740 out:6740 type:P dur:2 cpbdur:2 q:30.16 aq:22.86 tex:20295 mv:1999 misc:570 imb:3 pmb:360 smb:3957 d:s ref:0 ;
in:6741 out:6741 type:P dur:2 cpbdur:2 q:30.17 aq:23.95 tex:12759 mv:1379 misc:670 imb:5 pmb:329 smb:3986 d:s ref:0 ;
in:6742 out:6742 type:P dur:2 cpbdur:2 q:30.19 aq:20.44 tex:10105 mv:1140 misc:691 imb:3 pmb:315 smb:4002 d:s ref:0 ;
in:6746 out:6743 type:P dur:2 cpbdur:2 q:30.18 aq:25.77 tex:3731 mv:496 misc:757 imb:0 pmb:162 smb:4158 d:s ref:0 ;
in:6744 out:6744 type:B dur:2 cpbdur:2 q:30.19 aq:26.00 tex:1 mv:3 misc:268 imb:0 pmb:1 smb:4319 d:s ref:0 ;
in:6743 out:6745 type:b dur:2 cpbdur:2 q:30.19 aq:28.00 tex:0 mv:0 misc:248 imb:0 pmb:0 smb:4320 d:s ref:0 ;
in:6745 out:6746 type:b dur:2 cpbdur:2 q:30.19 aq:28.00 tex:0 mv:0 misc:248 imb:0 pmb:0 smb:4320 d:- ref:0 ;
in:6749 out:6747 type:P dur:2 cpbdur:2 q:30.17 aq:25.44 tex:17507 mv:2045 misc:632 imb:7 pmb:340 smb:3973 d:s ref:0 ;
in:6747 out:6748 type:B dur:2 cpbdur:2 q:30.18 aq:29.83 tex:40 mv:105 misc:367 imb:0 pmb:21 smb:4299 d:s ref:0 ;
in:6748 out:6749 type:b dur:2 cpbdur:2 q:30.17 aq:31.44 tex:208 mv:156 misc:484 imb:0 pmb:54 smb:4266 d:- ref:0 ;
in:6751 out:6750 type:P dur:2 cpbdur:2 q:30.15 aq:22.74 tex:40803 mv:3593 misc:508 imb:42 pmb:368 smb:3910 d:s ref:0 ;
in:6750 out:6751 type:b dur:2 cpbdur:2 q:30.16 aq:21.35 tex:948 mv:327 misc:581 imb:5 pmb:98 smb:4217 d:s ref:0 ;
in:6752 out:6752 type:P dur:2 cpbdur:2 q:30.18 aq:24.97 tex:24861 mv:2353 misc:626 imb:31 pmb:361 smb:3928 d:s ref:0 ;
in:6753 out:6753 type:P dur:2 cpbdur:2 q:30.20 aq:24.35 tex:11173 mv:1216 misc:803 imb:27 pmb:289 smb:4004 d:s ref:0 ;
in:6754 out:6754 type:P dur:2 cpbdur:2 q:30.22 aq:22.63 tex:16122 mv:1696 misc:678 imb:28 pmb:347 smb:3945 d:s ref:0 ;
in:6755 out:6755 type:P dur:2 cpbdur:2 q:30.22 aq:24.54 tex:4831 mv:603 misc:798 imb:21 pmb:160 smb:4139 d:s ref:0 ;
in:6756 out:6756 type:P dur:2 cpbdur:2 q:30.20 aq:24.77 tex:2803 mv:328 misc:677 imb:16 pmb:80 smb:4224 d:s ref:0 ;
in:6757 out:6757 type:P dur:2 cpbdur:2 q:30.22 aq:23.89 tex:2554 mv:425 misc:709 imb:8 pmb:103 smb:4209 d:s ref:0 ;
in:6758 out:6758 type:P dur:2 cpbdur:2 q:30.23 aq:21.99 tex:912 mv:210 misc:478 imb:5 pmb:30 smb:4285 d:s ref:0 ;
in:6759 out:6759 type:P dur:2 cpbdur:2 q:30.23 aq:16.21 tex:276 mv:116 misc:328 imb:9 pmb:6 smb:4305 d:s ref:0 ;
in:6760 out:6760 type:P dur:2 cpbdur:2 q:30.23 aq:16.06 tex:372 mv:144 misc:300 imb:7 pmb:5 smb:4308 d:s ref:0 ;
in:6761 out:6761 type:P dur:2 cpbdur:2 q:30.21 aq:20.17 tex:512 mv:332 misc:444 imb:46 pmb:12 smb:4262 d:s ref:0 ;
in:6762 out:6762 type:P dur:2 cpbdur:2 q:30.20 aq:22.24 tex:741 mv:329 misc:418 imb:42 pmb:11 smb:4267 d:s ref:0 ;
in:6766 out:6763 type:P dur:2 cpbdur:2 q:30.16 aq:20.06 tex:1512 mv:94 misc:322 imb:7 pmb:11 smb:4302 d:s ref:0 ;
in:6764 out:6764 type:B dur:2 cpbdur:2 q:30.18 aq:31.75 tex:682 mv:121 misc:293 imb:1 pmb:11 smb:4308 d:s ref:0 ;
in:6763 out:6765 type:b dur:2 cpbdur:2 q:30.19 aq:31.22 tex:329 mv:121 misc:270 imb:0 pmb:9 smb:4311 d:s ref:0 ;
in:6765 out:6766 type:b dur:2 cpbdur:2 q:30.17 aq:32.21 tex:544 mv:109 misc:259 imb:0 pmb:6 smb:4314 d:- ref:0 ;
in:6768 out:6767 type:P dur:2 cpbdur:2 q:30.10 aq:21.12 tex:893 mv:90 misc:321 imb:1 pmb:12 smb:4307 d:s ref:0 ;
in:6767 out:6768 type:b dur:2 cpbdur:2 q:30.13 aq:32.84 tex:243 mv:92 misc:257 imb:0 pmb:6 smb:4314 d:s ref:0 ;
in:6769 out:6769 type:P dur:2 cpbdur:2 q:30.09 aq:25.90 tex:41645 mv:8076 misc:2199 imb:582 pmb:755 smb:2983 d:s ref:0 ;
in:6770 out:6770 type:I dur:2 cpbdur:2 q:27.29 aq:18.17 tex:162636 mv:44720 misc:540 imb:4320 pmb:0 smb:0 d:s ref:;
in:6771 out:6771 type:P dur:2 cpbdur:2 q:30.47 aq:23.24 tex:45713 mv:14419 misc:1892 imb:1016 pmb:991 smb:2313 d:s ref:0 ;
in:6772 out:6772 type:P dur:2 cpbdur:2 q:30.55 aq:23.53 tex:27892 mv:12044 misc:1832 imb:719 pmb:987 smb:2614 d:s ref:0 ;
in:6773 out:6773 type:P dur:2 cpbdur:2 q:30.60 aq:20.79 tex:21040 mv:11303 misc:1905 imb:601 pmb:992 smb:2727 d:s ref:0 ;
in:6774 out:6774 type:P dur:2 cpbdur:2 q:30.63 aq:22.83 tex:27612 mv:12052 misc:1616 imb:584 pmb:1007 smb:2729 d:s ref:0 ;
in:6775 out:6775 type:P dur:2 cpbdur:2 q:30.66 aq:22.42 tex:34347 mv:11820 misc:1585 imb:686 pmb:984 smb:2650 d:s ref:0 ;
in:6776 out:6776 type:P dur:2 cpbdur:2 q:30.68 aq:20.80 tex:40988 mv:11812 misc:1520 imb:628 pmb:993 smb:2699 d:s ref:0 ;
in:6777 out:6777 type:P dur:2 cpbdur:2 q:30.70 aq:20.95 tex:43001 mv:11286 misc:1561 imb:556 pmb:986 smb:2778 d:s ref:0 ;
in:6778 out:6778 type:P dur:2 cpbdur:2 q:30.73 aq:21.79 tex:46655 mv:10340 misc:1445 imb:515 pmb:971 smb:2834 d:s ref:0 ;
in:6779 out:6779 type:P dur:2 cpbdur:2 q:30.75 aq:19.55 tex:48805 mv:9765 misc:1526 imb:532 pmb:905 smb:2883 d:s ref:0 ;
in:6780 out:6780 type:P dur:2 cpbdur:2 q:30.78 aq:18.37 tex:47830 mv:9906 misc:1600 imb:589 pmb:956 smb:2775 d:s ref:0 ;
in:6784 out:6781 type:P dur:2 cpbdur:2 q:30.81 aq:16.91 tex:80899 mv:10215 misc:1342 imb:646 pmb:924 smb:2750 d:s ref:0 ;
in:6782 out:6782 type:B dur:2 cpbdur:2 q:30.80 aq:25.38 tex:3575 mv:6847 misc:1786 imb:180 pmb:509 smb:3631 d:s ref:0 ;
in:6781 out:6783 type:b dur:2 cpbdur:2 q:30.79 aq:30.37 tex:1979 mv:5578 misc:1435 imb:79 pmb:409 smb:3832 d:s ref:0 ;
in:6783 out:6784 type:b dur:2 cpbdur:2 q:30.80 aq:30.99 tex:1608 mv:3695 misc:1209 imb:54 pmb:297 smb:3969 d:- ref:0 ;
in:6788 out:6785 type:P dur:2 cpbdur:2 q:30.88 aq:18.35 tex:45130 mv:7711 misc:1567 imb:560 pmb:861 smb:2899 d:s ref:0 ;
in:6786 out:6786 type:B dur:2 cpbdur:2 q:30.85 aq:29.14 tex:4119 mv:4670 misc:1387 imb:146 pmb:371 smb:3803 d:s ref:0 ;
in:6785 out:6787 type:b dur:2 cpbdur:2 q:30.83 aq:26.93 tex:1035 mv:3165 misc:1120 imb:59 pmb:269 smb:3992 d:s ref:0 ;
in:6787 out:6788 type:b dur:2 cpbdur:2 q:30.86 aq:26.74 tex:746 mv:2313 misc:1005 imb:21 pmb:233 smb:4066 d:- ref:0 ;
in:6792 out:6789 type:P dur:2 cpbdur:2 q:30.99 aq:22.90 tex:36534 mv:5213 misc:1765 imb:215 pmb:773 smb:3332 d:s ref:0 ;
in:6790 out:6790 type:B dur:2 cpbdur:2 q:30.94 aq:32.74 tex:1685 mv:1551 misc:932 imb:0 pmb:200 smb:4120 d:s ref:0 ;
in:6789 out:6791 type:b dur:2 cpbdur:2 q:30.91 aq:28.85 tex:299 mv:391 misc:390 imb:0 pmb:36 smb:4284 d:s ref:0 ;
in:6791 out:6792 type:b dur:2 cpbdur:2 q:30.97 aq:34.13 tex:781 mv:255 misc:324 imb:6 pmb:24 smb:4290 d:- ref:0 ;
in:6795 out:6793 type:P dur:2 cpbdur:2 q:31.11 aq:22.87 tex:23309 mv:3519 misc:1780 imb:143 pmb:679 smb:3498 d:s ref:0 ;
in:6793 out:6794 type:B dur:2 cpbdur:2 q:31.03 aq:34.10 tex:985 mv:225 misc:318 imb:3 pmb:23 smb:4294 d:s ref:0 ;
in:6794 out:6795 type:b dur:2 cpbdur:2 q:31.07 aq:33.74 tex:419 mv:192 misc:301 imb:3 pmb:18 smb:4299 d:- ref:0 ;
in:6796 out:6796 type:P dur:2 cpbdur:2 q:31.30 aq:22.32 tex:5846 mv:719 misc:1235 imb:13 pmb:209 smb:4098 d:s ref:0 ;
in:6797 out:6797 type:P dur:2 cpbdur:2 q:31.36 aq:24.23 tex:5212 mv:1171 misc:1217 imb:147 pmb:180 smb:3993 d:s ref:0 ;
in:6799 out:6798 type:P dur:2 cpbdur:2 q:31.41 aq:16.67 tex:2579 mv:716 misc:841 imb:112 pmb:81 smb:4127 d:s ref:0 ;
in:6798 out:6799 type:b dur:2 cpbdur:2 q:31.38 aq:34.59 tex:520 mv:590 misc:330 imb:1 pmb:82 smb:4237 d:s ref:0 ;
in:6803 out:6800 type:P dur:2 cpbdur:2 q:31.46 aq:27.62 tex:3808 mv:205 misc:387 imb:14 pmb:19 smb:4287 d:s ref:0 ;
in:6801 out:6801 type:B dur:2 cpbdur:2 q:31.44 aq:33.75 tex:860 mv:171 misc:297 imb:0 pmb:19 smb:4301 d:s ref:0 ;
in:6800 out:6802 type:b dur:2 cpbdur:2 q:31.43 aq:35.66 tex:226 mv:177 misc:269 imb:0 pmb:13 smb:4307 d:t ref:0 ;
in:6802 out:6803 type:b dur:2 cpbdur:2 q:31.45 aq:33.47 tex:551 mv:218 misc:271 imb:1 pmb:14 smb:4305 d:- ref:0 ;
in:6804 out:6804 type:P dur:2 cpbdur:2 q:31.47 aq:21.54 tex:1940 mv:522 misc:546 imb:79 pmb:51 smb:4190 d:s ref:0 ;
in:6807 out:6805 type:P dur:2 cpbdur:2 q:31.48 aq:23.02 tex:4624 mv:289 misc:551 imb:11 pmb:72 smb:4237 d:s ref:0 ;
in:6805 out:6806 type:B dur:2 cpbdur:2 q:31.47 aq:33.69 tex:603 mv:193 misc:284 imb:2 pmb:16 smb:4302 d:s ref:0 ;
in:6806 out:6807 type:b dur:2 cpbdur:2 q:31.48 aq:34.17 tex:568 mv:177 misc:271 imb:0 pmb:14 smb:4306 d:- ref:0 ;
in:6810 out:6808 type:P dur:2 cpbdur:2 q:31.44 aq:23.71 tex:4681 mv:242 misc:541 imb:13 pmb:64 smb:4243 d:s ref:0 ;
in:6808 out:6809 type:B dur:2 cpbdur:2 q:31.47 aq:33.85 tex:808 mv:148 misc:292 imb:0 pmb:13 smb:4307 d:s ref:0 ;
in:6809 out:6810 type:b dur:2 cpbdur:2 q:31.45 aq:36.32 tex:481 mv:166 misc:273 imb:1 pmb:9 smb:4310 d:- ref:0 ;
in:6814 out:6811 type:P dur:2 cpbdur:2 q:31.40 aq:23.75 tex:2952 mv:292 misc:444 imb:5 pmb:54 smb:4261 d:s ref:0 ;
in:6812 out:6812 type:B dur:2 cpbdur:2 q:31.42 aq:33.66 tex:696 mv:146 misc:286 imb:0 pmb:14 smb:4306 d:s ref:0 ;
in:6811 out:6813 type:b dur:2 cpbdur:2 q:31.43 aq:36.28 tex:416 mv:171 misc:269 imb:0 pmb:11 smb:4309 d:s ref:0 ;
in:6813 out:6814 type:b dur:2 cpbdur:2 q:31.41 aq:36.08 tex:257 mv:95 misc:272 imb:0 pmb:9 smb:4311 d:- ref:0 ;
in:6818 out:6815 type:P dur:2 cpbdur:2 q:31.29 aq:25.91 tex:1450 mv:128 misc:414 imb:1 pmb:52 smb:4267 d:s ref:0 ;
in:6816 out:6816 type:B dur:2 cpbdur:2 q:31.35 aq:33.48 tex:60 mv:22 misc:286 imb:0 pmb:7 smb:4313 d:s ref:0 ;
in:6815 out:6817 type:b dur:2 cpbdur:2 q:31.37 aq:35.10 tex:31 mv:5 misc:252 imb:0 pmb:1 smb:4319 d:s ref:0 ;
in:6817 out:6818 type:b dur:2 cpbdur:2 q:31.32 aq:30.00 tex:0 mv:0 misc:248 imb:0 pmb:0 smb:4320 d:- ref:0 ;
in:6821 out:6819 type:P dur:2 cpbdur:2 q:31.23 aq:23.92 tex:1612 mv:214 misc:478 imb:2 pmb:60 smb:4258 d:s ref:0 ;
in:6819 out:6820 type:B dur:2 cpbdur:2 q:31.27 aq:31.91 tex:44 mv:45 misc:287 imb:0 pmb:9 smb:4311 d:s ref:0 ;
in:6820 out:6821 type:b dur:2 cpbdur:2 q:31.25 aq:34.37 tex:84 mv:69 misc:271 imb:0 pmb:9 smb:4311 d:- ref:0 ;
in:6825 out:6822 type:P dur:2 cpbdur:2 q:31.18 aq:20.99 tex:5481 mv:478 misc:1097 imb:6 pmb:188 smb:4126 d:s ref:0 ;
in:6823 out:6823 type:B dur:2 cpbdur:2 q:31.20 aq:34.22 tex:403 mv:80 misc:285 imb:0 pmb:10 smb:4310 d:t ref:0 ;
in:6822 out:6824 type:b dur:2 cpbdur:2 q:31.22 aq:35.97 tex:259 mv:166 misc:271 imb:0 pmb:8 smb:4312 d:s ref:0 ;
in:6824 out:6825 type:b dur:2 cpbdur:2 q:31.19 aq:30.00 tex:1 mv:15 misc:272 imb:0 pmb:6 smb:4314 d:- ref:0 ;
in:6829 out:6826 type:P dur:2 cpbdur:2 q:31.11 aq:20.10 tex:2668 mv:313 misc:603 imb:7 pmb:75 smb:4238 d:s ref:0 ;
in:6827 out:6827 type:B dur:2 cpbdur:2 q:31.15 aq:34.79 tex:130 mv:30 misc:288 imb:0 pmb:7 smb:4313 d:s ref:0 ;
in:6826 out:6828 type:b dur:2 cpbdur:2 q:31.16 aq:30.00 tex:0 mv:0 misc:248 imb:0 pmb:0 smb:4320 d:s ref:0 ;
in:6828 out:6829 type:b dur:2 cpbdur:2 q:31.13 aq:35.22 tex:257 mv:160 misc:263 imb:0 pmb:6 smb:4314 d:- ref:0 ;
in:6833 out:6830 type:P dur:2 cpbdur:2 q:31.05 aq:19.79 tex:2649 mv:276 misc:539 imb:4 pmb:66 smb:4250 d:s ref:0 ;
in:6831 out:6831 type:B dur:2 cpbdur:2 q:31.08 aq:31.72 tex:958 mv:198 misc:292 imb:0 pmb:13 smb:4307 d:s ref:0 ;
in:6830 out:6832 type:b dur:2 cpbdur:2 q:31.10 aq:35.12 tex:202 mv:67 misc:275 imb:0 pmb:9 smb:4311 d:s ref:0 ;
in:6832 out:6833 type:b dur:2 cpbdur:2 q:31.06 aq:33.16 tex:502 mv:120 misc:282 imb:0 pmb:13 smb:4307 d:- ref:0 ;
in:6837 out:6834 type:P dur:2 cpbdur:2 q:31.01 aq:18.92 tex:7064 mv:638 misc:498 imb:39 pmb:87 smb:4194 d:s ref:0 ;
in:6835 out:6835 type:B dur:2 cpbdur:2 q:31.03 aq:18.86 tex:1078 mv:305 misc:345 imb:6 pmb:32 smb:4282 d:s ref:0 ;
in:6834 out:6836 type:b dur:2 cpbdur:2 q:31.04 aq:35.95 tex:505 mv:176 misc:279 imb:1 pmb:11 smb:4308 d:s ref:0 ;
in:6836 out:6837 type:b dur:2 cpbdur:2 q:31.02 aq:20.88 tex:894 mv:395 misc:335 imb:6 pmb:28 smb:4286 d:- ref:0 ;
in:6841 out:6838 type:P dur:2 cpbdur:2 q:30.96 aq:22.97 tex:9479 mv:814 misc:619 imb:72 pmb:130 smb:4118 d:s ref:0 ;
in:6839 out:6839 type:B dur:2 cpbdur:2 q:30.98 aq:19.97 tex:1328 mv:432 misc:400 imb:11 pmb:49 smb:4260 d:s ref:0 ;
in:6838 out:6840 type:b dur:2 cpbdur:2 q:30.99 aq:35.58 tex:744 mv:103 misc:281 imb:0 pmb:15 smb:4305 d:s ref:0 ;
in:6840 out:6841 type:b dur:2 cpbdur:2 q:30.97 aq:28.10 tex:367 mv:340 misc:365 imb:4 pmb:40 smb:4276 d:- ref:0 ;
in:6842 out:6842 type:P dur:2 cpbdur:2 q:30.93 aq:17.12 tex:5097 mv:757 misc:706 imb:62 pmb:113 smb:4145 d:s ref:0 ;
in:6846 out:6843 type:P dur:2 cpbdur:2 q:30.91 aq:17.07 tex:1717 mv:306 misc:433 imb:13 pmb:44 smb:4263 d:s ref:0 ;
in:6844 out:6844 type:B dur:2 cpbdur:2 q:30.92 aq:25.38 tex:292 mv:250 misc:290 imb:1 pmb:13 smb:4306 d:s ref:0 ;
in:6843 out:6845 type:b dur:2 cpbdur:2 q:30.92 aq:31.72 tex:73 mv:104 misc:271 imb:0 pmb:10 smb:4310 d:s ref:0 ;
in:6845 out:6846 type:b dur:2 cpbdur:2 q:30.92 aq:34.64 tex:37 mv:166 misc:269 imb:0 pmb:10 smb:4310 d:- ref:0 ;
in:6849 out:6847 type:P dur:2 cpbdur:2 q:30.86 aq:21.50 tex:1190 mv:285 misc:445 imb:6 pmb:50 smb:4264 d:s ref:0 ;
in:6847 out:6848 type:B dur:2 cpbdur:2 q:30.90 aq:29.00 tex:83 mv:177 misc:284 imb:1 pmb:8 smb:4311 d:s ref:0 ;
in:6848 out:6849 type:b dur:2 cpbdur:2 q:30.88 aq:34.19 tex:61 mv:106 misc:265 imb:0 pmb:8 smb:4312 d:- ref:0 ;
in:6853 out:6850 type:P dur:2 cpbdur:2 q:30.81 aq:19.46 tex:1302 mv:187 misc:367 imb:5 pmb:35 smb:4280 d:s ref:0 ;
in:6851 out:6851 type:B dur:2 cpbdur:2 q:30.84 aq:31.46 tex:383 mv:185 misc:280 imb:1 pmb:10 smb:4309 d:s ref:0 ;
in:6850 out:6852 type:b dur:2 cpbdur:2 q:30.85 aq:32.40 tex:76 mv:120 misc:260 imb:2 pmb:8 smb:4310 d:s ref:0 ;
in:6852 out:6853 type:b dur:2 cpbdur:2 q:30.82 aq:33.59 tex:96 mv:109 misc:259 imb:0 pmb:6 smb:4314 d:- ref:0 ;
in:6857 out:6854 type:P dur:2 cpbdur:2 q:30.74 aq:19.64 tex:1404 mv:217 misc:411 imb:2 pmb:47 smb:4271 d:s ref:0 ;
in:6855 out:6855 type:B dur:2 cpbdur:2 q:30.77 aq:30.53 tex:390 mv:159 misc:283 imb:1 pmb:8 smb:4311 d:t ref:0 ;
in:6854 out:6856 type:b dur:2 cpbdur:2 q:30.79 aq:33.93 tex:94 mv:146 misc:264 imb:1 pmb:8 smb:4311 d:t ref:0 ;
in:6856 out:6857 type:b dur:2 cpbdur:2 q:30.76 aq:33.67 tex:137 mv:113 misc:270 imb:0 pmb:8 smb:4312 d:- ref:0 ;
in:6861 out:6858 type:P dur:2 cpbdur:2 q:30.67 aq:24.01 tex:1051 mv:210 misc:435 imb:4 pmb:50 smb:4266 d:s ref:0 ;
in:6859 out:6859 type:B dur:2 cpbdur:2 q:30.71 aq:33.39 tex:89 mv:80 misc:279 imb:0 pmb:7 smb:4313 d:s ref:0 ;
in:6858 out:6860 type:b dur:2 cpbdur:2 q:30.72 aq:34.64 tex:102 mv:55 misc:259 imb:0 pmb:5 smb:4315 d:s ref:0 ;
in:6860 out:6861 type:b dur:2 cpbdur:2 q:30.69 aq:33.37 tex:46 mv:97 misc:265 imb:0 pmb:5 smb:4315 d:- ref:0 ;
in:6865 out:6862 type:P dur:2 cpbdur:2 q:30.63 aq:17.80 tex:3592 mv:463 misc:449 imb:84 pmb:39 smb:4197 d:s ref:0 ;
in:6863 out:6863 type:B dur:2 cpbdur:2 q:30.65 aq:25.08 tex:377 mv:165 misc:306 imb:2 pmb:18 smb:4300 d:s ref:0 ;
in:6862 out:6864 type:b dur:2 cpbdur:2 q:30.66 aq:34.01 tex:152 mv:99 misc:269 imb:1 pmb:5 smb:4314 d:s ref:0 ;
in:6864 out:6865 type:b dur:2 cpbdur:2 q:30.64 aq:29.10 tex:274 mv:83 misc:299 imb:1 pmb:16 smb:4303 d:- ref:0 ;
in:6869 out:6866 type:P dur:2 cpbdur:2 q:30.58 aq:26.30 tex:505 mv:152 misc:367 imb:2 pmb:38 smb:4280 d:s ref:0 ;
in:6867 out:6867 type:B dur:2 cpbdur:2 q:30.61 aq:28.00 tex:0 mv:19 misc:269 imb:0 pmb:1 smb:4319 d:s ref:0 ;
in:6866 out:6868 type:b dur:2 cpbdur:2 q:30.62 aq:30.00 tex:0 mv:0 misc:248 imb:0 pmb:0 smb:4320 d:s ref:0 ;
in:6868 out:6869 type:b dur:2 cpbdur:2 q:30.59 aq:30.00 tex:0 mv:0 misc:248 imb:0 pmb:0 smb:4320 d:- ref:0 ;
in:6873 out:6870 type:P dur:2 cpbdur:2 q:30.51 aq:21.80 tex:873 mv:265 misc:358 imb:5 pmb:38 smb:4277 d:s ref:0 ;
in:6871 out:6871 type:B dur:2 cpbdur:2 q:30.55 aq:23.55 tex:422 mv:271 misc:291 imb:0 pmb:15 smb:4305 d:t ref:0 ;
in:6870 out:6872 type:b dur:2 cpbdur:2 q:30.57 aq:33.48 tex:38 mv:182 misc:284 imb:0 pmb:11 smb:4309 d:t ref:0 ;
in:6872 out:6873 type:b dur:2 cpbdur:2 q:30.53 aq:33.70 tex:132 mv:167 misc:261 imb:0 pmb:11 smb:4309 d:- ref:0 ;
in:6877 out:6874 type:P dur:2 cpbdur:2 q:30.46 aq:19.58 tex:15758 mv:2387 misc:1135 imb:322 pmb:150 smb:3848 d:s ref:0 ;
in:6875 out:6875 type:B dur:2 cpbdur:2 q:30.49 aq:25.21 tex:2228 mv:1544 misc:916 imb:53 pmb:217 smb:4050 d:s ref:0 ;
in:6874 out:6876 type:b dur:2 cpbdur:2 q:30.50 aq:29.90 tex:1106 mv:460 misc:986 imb:9 pmb:271 smb:4040 d:s ref:0 ;
in:6876 out:6877 type:b dur:2 cpbdur:2 q:30.48 aq:19.69 tex:74 mv:443 misc:723 imb:9 pmb:206 smb:4105 d:- ref:0 ;
in:6880 out:6878 type:P dur:2 cpbdur:2 q:30.45 aq:21.78 tex:33589 mv:4945 misc:1474 imb:768 pmb:418 smb:3134 d:s ref:0 ;
in:6878 out:6879 type:B dur:2 cpbdur:2 q:30.46 aq:25.13 tex:857 mv:448 misc:895 imb:12 pmb:262 smb:4046 d:s ref:0 ;
in:6879 out:6880 type:b dur:2 cpbdur:2 q:30.46 aq:31.71 tex:489 mv:260 misc:299 imb:2 pmb:21 smb:4297 d:- ref:0 ;
in:6881 out:6881 type:P dur:2 cpbdur:2 q:30.62 aq:23.93 tex:4047 mv:379 misc:734 imb:16 pmb:87 smb:4217 d:s ref:0 ;
in:6882 out:6882 type:P dur:2 cpbdur:2 q:30.61 aq:24.03 tex:1454 mv:258 misc:432 imb:6 pmb:28 smb:4286 d:s ref:0 ;
in:6883 out:6883 type:P dur:2 cpbdur:2 q:30.60 aq:24.99 tex:1281 mv:193 misc:438 imb:1 pmb:32 smb:4287 d:s ref:0 ;
in:6884 out:6884 type:P dur:2 cpbdur:2 q:30.58 aq:17.68 tex:1022 mv:225 misc:353 imb:7 pmb:37 smb:4276 d:s ref:0 ;
in:6885 out:6885 type:P dur:2 cpbdur:2 q:30.57 aq:26.26 tex:808 mv:165 misc:363 imb:3 pmb:38 smb:4279 d:s ref:0 ;
in:6887 out:6886 type:P dur:2 cpbdur:2 q:30.57 aq:19.23 tex:718 mv:205 misc:365 imb:6 pmb:33 smb:4281 d:s ref:0 ;
in:6886 out:6887 type:b dur:2 cpbdur:2 q:30.57 aq:30.00 tex:2 mv:92 misc:274 imb:0 pmb:8 smb:4312 d:s ref:0 ;
in:6891 out:6888 type:P dur:2 cpbdur:2 q:30.54 aq:21.48 tex:799 mv:174 misc:331 imb:1 pmb:37 smb:4282 d:s ref:0 ;
in:6889 out:6889 type:B dur:2 cpbdur:2 q:30.55 aq:28.00 tex:23 mv:143 misc:298 imb:0 pmb:10 smb:4310 d:s ref:0 ;
in:6888 out:6890 type:b dur:2 cpbdur:2 q:30.56 aq:28.57 tex:257 mv:92 misc:275 imb:1 pmb:9 smb:4310 d:s ref:0 ;
in:6890 out:6891 type:b dur:2 cpbdur:2 q:30.55 aq:30.00 tex:2 mv:76 misc:266 imb:0 pmb:6 smb:4314 d:- ref:0 ;
in:6895 out:6892 type:P dur:2 cpbdur:2 q:30.46 aq:25.01 tex:203 mv:108 misc:337 imb:0 pmb:35 smb:4285 d:s ref:0 ;
in:6893 out:6893 type:B dur:2 cpbdur:2 q:30.50 aq:31.34 tex:69 mv:73 misc:290 imb:0 pmb:7 smb:4313 d:s ref:0 ;
in:6892 out:6894 type:b dur:2 cpbdur:2 q:30.52 aq:30.00 tex:0 mv:0 misc:248 imb:0 pmb:0 smb:4320 d:s ref:0 ;
in:6894 out:6895 type:b dur:2 cpbdur:2 q:30.48 aq:30.00 tex:0 mv:0 misc:248 imb:0 pmb:0 smb:4320 d:- ref:0 ;
in:6899 out:6896 type:P dur:2 cpbdur:2 q:30.34 aq:19.04 tex:1412 mv:136 misc:300 imb:15 pmb:4 smb:4301 d:s ref:0 ;
in:6897 out:6897 type:B dur:2 cpbdur:2 q:30.40 aq:30.79 tex:202 mv:56 misc:294 imb:0 pmb:14 smb:4306 d:s ref:0 ;
in:6896 out:6898 type:b dur:2 cpbdur:2 q:30.43 aq:30.00 tex:0 mv:0 misc:248 imb:0 pmb:0 smb:4320 d:s ref:0 ;
in:6898 out:6899 type:b dur:2 cpbdur:2 q:30.37 aq:21.19 tex:25 mv:37 misc:282 imb:1 pmb:9 smb:4310 d:- ref:0 ;
in:6900 out:6900 type:P dur:2 cpbdur:2 q:30.18 aq:28.53 tex:1517 mv:121 misc:330 imb:19 pmb:5 smb:4296 d:s ref:0 ;
in:6901 out:6901 type:P dur:2 cpbdur:2 q:30.18 aq:27.44 tex:1074 mv:167 misc:303 imb:24 pmb:3 smb:4293 d:s ref:0 ;
in:6902 out:6902 type:P dur:2 cpbdur:2 q:30.16 aq:26.92 tex:1179 mv:194 misc:331 imb:40 pmb:2 smb:4278 d:s ref:0 ;
in:6903 out:6903 type:P dur:2 cpbdur:2 q:30.15 aq:27.42 tex:1253 mv:194 misc:321 imb:37 pmb:3 smb:4280 d:s ref:0 ;
in:6904 out:6904 type:P dur:2 cpbdur:2 q:30.13 aq:27.57 tex:1454 mv:172 misc:310 imb:36 pmb:3 smb:4281 d:s ref:0 ;
in:6905 out:6905 type:P dur:2 cpbdur:2 q:30.12 aq:20.97 tex:1301 mv:173 misc:302 imb:33 pmb:3 smb:4284 d:s ref:0 ;
in:6906 out:6906 type:P dur:2 cpbdur:2 q:30.10 aq:28.62 tex:4270 mv:1206 misc:772 imb:26 pmb:162 smb:4132 d:s ref:0 ;
in:6908 out:6907 type:P dur:2 cpbdur:2 q:30.09 aq:22.18 tex:54315 mv:11216 misc:1045 imb:2257 pmb:580 smb:1483 d:s ref:0 w:5,31,0 ;
in:6907 out:6908 type:b dur:2 cpbdur:2 q:30.10 aq:31.55 tex:988 mv:812 misc:648 imb:8 pmb:109 smb:4203 d:s ref:0 ;
in:6909 out:6909 type:I dur:2 cpbdur:2 q:27.49 aq:16.85 tex:66206 mv:30711 misc:539 imb:4320 pmb:0 smb:0 d:s ref:;
in:6910 out:6910 type:P dur:2 cpbdur:2 q:30.28 aq:20.00 tex:56322 mv:11917 misc:1105 imb:1732 pmb:499 smb:2089 d:s ref:0 ;
in:6911 out:6911 type:P dur:2 cpbdur:2 q:30.32 aq:20.76 tex:62764 mv:11518 misc:1166 imb:1727 pmb:429 smb:2164 d:s ref:0 ;
in:6912 out:6912 type:P dur:2 cpbdur:2 q:30.33 aq:19.84 tex:65788 mv:12314 misc:954 imb:1613 pmb:563 smb:2144 d:s ref:0 ;
in:6913 out:6913 type:P dur:2 cpbdur:2 q:30.36 aq:20.37 tex:57561 mv:12287 misc:1144 imb:1209 pmb:753 smb:2358 d:s ref:0 ;
in:6914 out:6914 type:P dur:2 cpbdur:2 q:30.39 aq:22.45 tex:24467 mv:8280 misc:1397 imb:400 pmb:889 smb:3031 d:s ref:0 ;
in:6915 out:6915 type:P dur:2 cpbdur:2 q:30.42 aq:20.90 tex:30260 mv:10018 misc:1138 imb:520 pmb:903 smb:2897 d:s ref:0 ;
in:6916 out:6916 type:P dur:2 cpbdur:2 q:30.43 aq:20.81 tex:32350 mv:8512 misc:1386 imb:603 pmb:822 smb:2895 d:s ref:0 ;
in:6917 out:6917 type:P dur:2 cpbdur:2 q:30.46 aq:24.26 tex:35071 mv:8473 misc:1264 imb:417 pmb:902 smb:3001 d:s ref:0 ;
in:6918 out:6918 type:P dur:2 cpbdur:2 q:30.47 aq:16.32 tex:35541 mv:9999 misc:1276 imb:1991 pmb:920 smb:1409 d:s ref:0 ;
in:6919 out:6919 type:P dur:2 cpbdur:2 q:30.49 aq:23.20 tex:31378 mv:7517 misc:1417 imb:394 pmb:850 smb:3076 d:s ref:0 ;
in:6920 out:6920 type:P dur:2 cpbdur:2 q:30.51 aq:19.15 tex:35181 mv:8289 misc:1290 imb:271 pmb:930 smb:3119 d:s ref:0 ;
in:6921 out:6921 type:P dur:2 cpbdur:2 q:30.53 aq:23.39 tex:24616 mv:5504 misc:1704 imb:179 pmb:782 smb:3359 d:s ref:0 ;
in:6922 out:6922 type:P dur:2 cpbdur:2 q:30.54 aq:24.12 tex:42654 mv:9603 misc:1183 imb:321 pmb:984 smb:3015 d:s ref:0 ;
in:6923 out:6923 type:P dur:2 cpbdur:2 q:30.57 aq:27.23 tex:43048 mv:9675 misc:1165 imb:266 pmb:1020 smb:3034 d:s ref:0 ;
in:6924 out:6924 type:P dur:2 cpbdur:2 q:30.60 aq:18.61 tex:44770 mv:9802 misc:1140 imb:269 pmb:1000 smb:3051 d:s ref:0 ;
in:6926 out:6925 type:P dur:2 cpbdur:2 q:30.69 aq:19.68 tex:56702 mv:12051 misc:991 imb:1862 pmb:1055 smb:1403 d:s ref:0 ;
in:6925 out:6926 type:b dur:2 cpbdur:2 q:30.65 aq:32.54 tex:1409 mv:2284 misc:1107 imb:32 pmb:239 smb:4049 d:s ref:0 ;
in:6930 out:6927 type:P dur:2 cpbdur:2 q:30.77 aq:24.69 tex:24357 mv:6360 misc:1667 imb:188 pmb:887 smb:3245 d:s ref:0 ;
in:6928 out:6928 type:B dur:2 cpbdur:2 q:30.73 aq:26.83 tex:1954 mv:2528 misc:1254 imb:78 pmb:251 smb:3991 d:s ref:0 ;
in:6927 out:6929 type:b dur:2 cpbdur:2 q:30.71 aq:31.20 tex:484 mv:1721 misc:931 imb:22 pmb:184 smb:4114 d:s ref:0 ;
in:6929 out:6930 type:b dur:2 cpbdur:2 q:30.75 aq:25.29 tex:138 mv:203 misc:307 imb:1 pmb:15 smb:4304 d:- ref:0 ;
in:6931 out:6931 type:P dur:2 cpbdur:2 q:31.09 aq:27.48 tex:7345 mv:2315 misc:1868 imb:23 pmb:556 smb:3741 d:s ref:0 ;
in:6932 out:6932 type:P dur:2 cpbdur:2 q:31.15 aq:25.28 tex:5301 mv:1691 misc:1560 imb:24 pmb:393 smb:3903 d:s ref:0 ;
in:6933 out:6933 type:P dur:2 cpbdur:2 q:31.19 aq:27.93 tex:4436 mv:1520 misc:1556 imb:11 pmb:341 smb:3968 d:s ref:0 ;
in:6937 out:6934 type:P dur:2 cpbdur:2 q:31.23 aq:24.88 tex:2056 mv:803 misc:997 imb:69 pmb:117 smb:4134 d:s ref:0 ;
in:6935 out:6935 type:B dur:2 cpbdur:2 q:31.21 aq:26.17 tex:27 mv:48 misc:301 imb:1 pmb:8 smb:4311 d:s ref:0 ;
in:6934 out:6936 type:b dur:2 cpbdur:2 q:31.20 aq:28.25 tex:51 mv:72 misc:277 imb:1 pmb:7 smb:4312 d:s ref:0 ;
in:6936 out:6937 type:b dur:2 cpbdur:2 q:31.22 aq:36.00 tex:0 mv:0 misc:256 imb:0 pmb:0 smb:4320 d:- ref:0 ;
in:6940 out:6938 type:P dur:2 cpbdur:2 q:31.35 aq:35.03 tex:120 mv:21 misc:291 imb:0 pmb:5 smb:4315 d:s ref:0 ;
in:6938 out:6939 type:B dur:2 cpbdur:2 q:31.27 aq:36.86 tex:148 mv:70 misc:286 imb:0 pmb:4 smb:4316 d:s ref:0 ;
in:6939 out:6940 type:b dur:2 cpbdur:2 q:31.31 aq:36.90 tex:31 mv:48 misc:273 imb:0 pmb:5 smb:4315 d:- ref:0 ;
in:6941 out:6941 type:I dur:2 cpbdur:2 q:27.89 aq:12.44 tex:196394 mv:36188 misc:506 imb:4320 pmb:0 smb:0 d:s ref:;
in:6945 out:6942 type:P dur:2 cpbdur:2 q:31.90 aq:31.52 tex:651 mv:178 misc:283 imb:2 pmb:10 smb:4308 d:s ref:0 ;
in:6943 out:6943 type:B dur:2 cpbdur:2 q:31.90 aq:34.80 tex:109 mv:67 misc:280 imb:0 pmb:11 smb:4309 d:t ref:0 ;
in:6942 out:6944 type:b dur:2 cpbdur:2 q:31.90 aq:36.00 tex:0 mv:17 misc:271 imb:0 pmb:6 smb:4314 d:s ref:0 ;
in:6944 out:6945 type:b dur:2 cpbdur:2 q:31.90 aq:37.35 tex:60 mv:129 misc:275 imb:0 pmb:11 smb:4309 d:- ref:0 ;
in:6946 out:6946 type:P dur:2 cpbdur:2 q:31.88 aq:22.58 tex:1246 mv:122 misc:296 imb:18 pmb:2 smb:4300 d:s ref:0 ;
in:6947 out:6947 type:P dur:2 cpbdur:2 q:31.87 aq:22.41 tex:1041 mv:153 misc:310 imb:26 pmb:3 smb:4291 d:s ref:0 ;
in:6948 out:6948 type:P dur:2 cpbdur:2 q:31.86 aq:21.69 tex:1064 mv:172 misc:324 imb:35 pmb:1 smb:4284 d:s ref:0 ;
in:6949 out:6949 type:P dur:2 cpbdur:2 q:31.81 aq:20.76 tex:1151 mv:170 misc:311 imb:33 pmb:2 smb:4285 d:s ref:0 ;
in:6950 out:6950 type:P dur:2 cpbdur:2 q:31.79 aq:21.12 tex:1206 mv:151 misc:315 imb:33 pmb:2 smb:4285 d:s ref:0 ;
in:6951 out:6951 type:P dur:2 cpbdur:2 q:31.77 aq:20.53 tex:1229 mv:183 misc:308 imb:26 pmb:5 smb:4289 d:s ref:0 ;
in:6952 out:6952 type:P dur:2 cpbdur:2 q:31.75 aq:19.63 tex:1617 mv:240 misc:295 imb:22 pmb:7 smb:4291 d:s ref:0 ;
in:6956 out:6953 type:P dur:2 cpbdur:2 q:31.73 aq:28.91 tex:2041 mv:581 misc:666 imb:29 pmb:108 smb:4183 d:s ref:0 ;
in:6954 out:6954 type:B dur:2 cpbdur:2 q:31.74 aq:34.47 tex:1009 mv:183 misc:432 imb:3 pmb:51 smb:4266 d:t ref:0 ;
in:6953 out:6955 type:b dur:2 cpbdur:2 q:31.74 aq:30.97 tex:761 mv:172 misc:315 imb:1 pmb:24 smb:4295 d:s ref:0 ;
in:6955 out:6956 type:b dur:2 cpbdur:2 q:31.74 aq:35.32 tex:1184 mv:240 misc:336 imb:2 pmb:34 smb:4284 d:- ref:0 ;
in:6960 out:6957 type:P dur:2 cpbdur:2 q:31.69 aq:24.30 tex:93714 mv:9926 misc:1544 imb:1748 pmb:182 smb:2390 d:s ref:0 ;
in:6958 out:6958 type:B dur:2 cpbdur:2 q:31.71 aq:27.97 tex:41210 mv:13248 misc:2182 imb:492 pmb:1063 smb:2765 d:s ref:0 ;
in:6957 out:6959 type:b dur:2 cpbdur:2 q:31.72 aq:31.11 tex:19037 mv:9725 misc:2014 imb:259 pmb:750 smb:3311 d:s ref:0 ;
in:6959 out:6960 type:b dur:2 cpbdur:2 q:31.70 aq:27.29 tex:2428 mv:6228 misc:2184 imb:136 pmb:710 smb:3474 d:- ref:0 ;
in:6961 out:6961 type:P dur:2 cpbdur:2 q:31.65 aq:26.11 tex:13486 mv:5376 misc:1986 imb:393 pmb:430 smb:3497 d:s ref:0 ;
in:6962 out:6962 type:P dur:2 cpbdur:2 q:31.66 aq:23.87 tex:14940 mv:7359 misc:2205 imb:536 pmb:672 smb:3112 d:s ref:0 ;
in:6963 out:6963 type:P dur:2 cpbdur:2 q:31.68 aq:25.47 tex:20348 mv:8084 misc:1872 imb:495 pmb:727 smb:3098 d:s ref:0 ;
in:6964 out:6964 type:i dur:2 cpbdur:2 q:28.53 aq:14.15 tex:64524 mv:24210 misc:162 imb:4320 pmb:0 smb:0 d:s ref:;
in:6965 out:6965 type:P dur:2 cpbdur:2 q:31.81 aq:21.71 tex:19402 mv:5454 misc:1680 imb:448 pmb:459 smb:3413 d:s ref:0 ;
in:6966 out:6966 type:P dur:2 cpbdur:2 q:31.81 aq:21.19 tex:31111 mv:6071 misc:1642 imb:517 pmb:600 smb:3203 d:s ref:0 ;
in:6967 out:6967 type:P dur:2 cpbdur:2 q:31.82 aq:22.13 tex:34854 mv:4504 misc:1442 imb:235 pmb:615 smb:3470 d:s ref:0 ;
in:6968 out:6968 type:P dur:2 cpbdur:2 q:31.83 aq:21.58 tex:35431 mv:5981 misc:1620 imb:460 pmb:610 smb:3250 d:s ref:0 ;
in:6969 out:6969 type:P dur:2 cpbdur:2 q:31.83 aq:19.20 tex:33783 mv:5990 misc:1691 imb:389 pmb:587 smb:3344 d:s ref:0 ;
in:6971 out:6970 type:P dur:2 cpbdur:2 q:31.85 aq:18.90 tex:47566 mv:5853 misc:1733 imb:408 pmb:563 smb:3349 d:s ref:0 ;
in:6970 out:6971 type:b dur:2 cpbdur:2 q:31.84 aq:26.63 tex:1105 mv:3143 misc:1192 imb:120 pmb:233 smb:3967 d:s ref:0 ;
in:6975 out:6972 type:P dur:2 cpbdur:2 q:31.86 aq:21.83 tex:41496 mv:4495 misc:1657 imb:419 pmb:471 smb:3430 d:s ref:0 ;
in:6973 out:6973 type:B dur:2 cpbdur:2 q:31.85 aq:24.22 tex:2278 mv:3036 misc:1510 imb:153 pmb:302 smb:3865 d:s ref:0 ;
in:6972 out:6974 type:b dur:2 cpbdur:2 q:31.85 aq:28.07 tex:800 mv:2767 misc:1289 imb:48 pmb:308 smb:3964 d:s ref:0 ;
in:6974 out:6975 type:b dur:2 cpbdur:2 q:31.86 aq:24.91 tex:684 mv:2227 misc:1121 imb:66 pmb:239 smb:4015 d:- ref:0 ;
in:6977 out:6976 type:P dur:2 cpbdur:2 q:32.02 aq:21.79 tex:24314 mv:3054 misc:1352 imb:238 pmb:408 smb:3674 d:s ref:0 ;
in:6976 out:6977 type:b dur:2 cpbdur:2 q:31.94 aq:26.52 tex:962 mv:969 misc:685 imb:24 pmb:111 smb:4185 d:t ref:0 ;
in:6981 out:6978 type:P dur:2 cpbdur:2 q:32.06 aq:21.91 tex:52692 mv:8042 misc:1578 imb:704 pmb:603 smb:3013 d:s ref:0 ;
in:6979 out:6979 type:B dur:2 cpbdur:2 q:32.04 aq:31.32 tex:8705 mv:3749 misc:914 imb:32 pmb:345 smb:3943 d:s ref:0 ;
in:6978 out:6980 type:b dur:2 cpbdur:2 q:32.03 aq:25.30 tex:1211 mv:662 misc:535 imb:11 pmb:68 smb:4241 d:s ref:0 ;
in:6980 out:6981 type:b dur:2 cpbdur:2 q:32.05 aq:24.85 tex:5946 mv:3189 misc:697 imb:10 pmb:296 smb:4014 d:- ref:0 ;
in:6985 out:6982 type:P dur:2 cpbdur:2 q:32.14 aq:23.90 tex:48268 mv:5311 misc:1173 imb:360 pmb:448 smb:3512 d:s ref:0 ;
in:6983 out:6983 type:B dur:2 cpbdur:2 q:32.10 aq:22.44 tex:18421 mv:6036 misc:655 imb:94 pmb:346 smb:3880 d:s ref:0 ;
in:6982 out:6984 type:b dur:2 cpbdur:2 q:32.08 aq:21.80 tex:805 mv:534 misc:525 imb:4 pmb:82 smb:4234 d:s ref:0 ;
in:6984 out:6985 type:b dur:2 cpbdur:2 q:32.12 aq:23.40 tex:7865 mv:4507 misc:716 imb:58 pmb:346 smb:3916 d:- ref:0 ;
in:6987 out:6986 type:P dur:2 cpbdur:2 q:32.30 aq:23.86 tex:33026 mv:5019 misc:851 imb:164 pmb:367 smb:3789 d:s ref:0 ;
in:6986 out:6987 type:b dur:2 cpbdur:2 q:32.22 aq:23.21 tex:3540 mv:2343 misc:813 imb:9 pmb:220 smb:4091 d:t ref:0 ;
in:6988 out:6988 type:P dur:2 cpbdur:2 q:32.42 aq:25.28 tex:5662 mv:1600 misc:914 imb:11 pmb:274 smb:4035 d:s ref:0 ;
in:6989 out:6989 type:P dur:2 cpbdur:2 q:32.42 aq:21.62 tex:9221 mv:2314 misc:785 imb:24 pmb:340 smb:3956 d:s ref:0 ;
in:6993 out:6990 type:P dur:2 cpbdur:2 q:32.46 aq:24.84 tex:3947 mv:1622 misc:919 imb:23 pmb:197 smb:4100 d:s ref:0 ;
in:6991 out:6991 type:B dur:2 cpbdur:2 q:32.44 aq:22.71 tex:3105 mv:1484 misc:771 imb:0 pmb:221 smb:4099 d:s ref:0 ;
in:6990 out:6992 type:b dur:2 cpbdur:2 q:32.43 aq:26.02 tex:231 mv:206 misc:363 imb:0 pmb:21 smb:4299 d:s ref:0 ;
in:6992 out:6993 type:b dur:2 cpbdur:2 q:32.45 aq:23.98 tex:108 mv:273 misc:587 imb:0 pmb:78 smb:4242 d:- ref:0 ;
in:6994 out:6994 type:P dur:2 cpbdur:2 q:32.42 aq:23.81 tex:4644 mv:2191 misc:805 imb:27 pmb:272 smb:4021 d:s ref:0 ;
in:6998 out:6995 type:P dur:2 cpbdur:2 q:32.42 aq:25.66 tex:29992 mv:4522 misc:686 imb:280 pmb:222 smb:3818 d:s ref:0 ;
in:6996 out:6996 type:B dur:2 cpbdur:2 q:32.42 aq:23.41 tex:7486 mv:3665 misc:737 imb:48 pmb:327 smb:3945 d:s ref:0 ;
in:6995 out:6997 type:b dur:2 cpbdur:2 q:32.42 aq:23.80 tex:7790 mv:4476 misc:694 imb:41 pmb:345 smb:3934 d:s ref:0 ;
in:6997 out:6998 type:b dur:2 cpbdur:2 q:32.42 aq:22.02 tex:252 mv:74 misc:330 imb:0 pmb:12 smb:4308 d:- ref:0 ;
in:7001 out:6999 type:P dur:2 cpbdur:2 q:32.44 aq:20.98 tex:23276 mv:4625 misc:627 imb:142 pmb:298 smb:3880 d:s ref:0 ;
in:6999 out:7000 type:B dur:2 cpbdur:2 q:32.43 aq:23.49 tex:2613 mv:1820 misc:807 imb:16 pmb:209 smb:4095 d:s ref:0 ;
in:7000 out:7001 type:b dur:2 cpbdur:2 q:32.43 aq:19.68 tex:84 mv:23 misc:309 imb:0 pmb:6 smb:4314 d:- ref:0 ;
in:7005 out:7002 type:P dur:2 cpbdur:2 q:32.48 aq:21.06 tex:30547 mv:4852 misc:529 imb:247 pmb:234 smb:3839 d:s ref:0 ;
in:7003 out:7003 type:B dur:2 cpbdur:2 q:32.46 aq:22.62 tex:11381 mv:5228 misc:679 imb:68 pmb:345 smb:3907 d:s ref:0 ;
in:7002 out:7004 type:b dur:2 cpbdur:2 q:32.45 aq:21.55 tex:391 mv:537 misc:664 imb:7 pmb:109 smb:4204 d:s ref:0 ;
in:7004 out:7005 type:b dur:2 cpbdur:2 q:32.47 aq:22.63 tex:136 mv:306 misc:526 imb:2 pmb:77 smb:4241 d:- ref:0 ;
in:7006 out:7006 type:P dur:2 cpbdur:2 q:32.48 aq:20.86 tex:9989 mv:2870 misc:741 imb:76 pmb:286 smb:3958 d:s ref:0 ;
in:7007 out:7007 type:P dur:2 cpbdur:2 q:32.48 aq:21.18 tex:4049 mv:1380 misc:811 imb:49 pmb:201 smb:4070 d:s ref:0 ;
in:7008 out:7008 type:P dur:2 cpbdur:2 q:32.45 aq:20.39 tex:21584 mv:3838 misc:650 imb:124 pmb:300 smb:3896 d:s ref:0 ;
in:7009 out:7009 type:P dur:2 cpbdur:2 q:32.46 aq:20.03 tex:15241 mv:2723 misc:652 imb:40 pmb:321 smb:3959 d:s ref:0 ;
in:7010 out:7010 type:P dur:2 cpbdur:2 q:32.46 aq:19.57 tex:10042 mv:1710 misc:712 imb:19 pmb:286 smb:4015 d:s ref:0 ;
in:7012 out:7011 type:P dur:2 cpbdur:2 q:32.45 aq:20.09 tex:8206 mv:1397 misc:693 imb:7 pmb:248 smb:4065 d:s ref:0 ;
in:7011 out:7012 type:b dur:2 cpbdur:2 q:32.45 aq:17.00 tex:9 mv:3 misc:268 imb:0 pmb:1 smb:4319 d:s ref:0 ;
in:7016 out:7013 type:P dur:2 cpbdur:2 q:32.43 aq:17.02 tex:55 mv:40 misc:329 imb:1 pmb:4 smb:4315 d:s ref:0 ;
in:7014 out:7014 type:B dur:2 cpbdur:2 q:32.44 aq:16.00 tex:2 mv:7 misc:279 imb:0 pmb:1 smb:4319 d:t ref:0 ;
in:7013 out:7015 type:b dur:2 cpbdur:2 q:32.45 aq:17.00 tex:9 mv:3 misc:268 imb:0 pmb:1 smb:4319 d:s ref:0 ;
in:7015 out:7016 type:b dur:2 cpbdur:2 q:32.44 aq:17.00 tex:9 mv:3 misc:268 imb:0 pmb:1 smb:4319 d:- ref:0 ;
in:7020 out:7017 type:P dur:2 cpbdur:2 q:32.40 aq:19.73 tex:27923 mv:4990 misc:551 imb:229 pmb:249 smb:3842 d:s ref:0 ;
in:7018 out:7018 type:B dur:2 cpbdur:2 q:32.42 aq:23.30 tex:2168 mv:1619 misc:781 imb:7 pmb:203 smb:4110 d:s ref:0 ;
in:7017 out:7019 type:b dur:2 cpbdur:2 q:32.43 aq:19.34 tex:96 mv:174 misc:490 imb:0 pmb:55 smb:4265 d:s ref:0 ;
in:7019 out:7020 type:b dur:2 cpbdur:2 q:32.41 aq:24.17 tex:3119 mv:1654 misc:731 imb:11 pmb:229 smb:4080 d:- ref:0 ;
in:7024 out:7021 type:P dur:2 cpbdur:2 q:32.43 aq:18.80 tex:32342 mv:4656 misc:530 imb:287 pmb:206 smb:3827 d:s ref:0 ;
in:7022 out:7022 type:B dur:2 cpbdur:2 q:32.42 aq:22.96 tex:10911 mv:5454 misc:715 imb:77 pmb:332 smb:3911 d:s ref:0 ;
in:7021 out:7023 type:b dur:2 cpbdur:2 q:32.41 aq:20.98 tex:207 mv:350 misc:579 imb:2 pmb:91 smb:4227 d:s ref:0 ;
in:7023 out:7024 type:b dur:2 cpbdur:2 q:32.42 aq:24.50 tex:7685 mv:4072 misc:739 imb:39 pmb:314 smb:3967 d:- ref:0 ;
in:7028 out:7025 type:P dur:2 cpbdur:2 q:32.45 aq:19.69 tex:32275 mv:4713 misc:580 imb:255 pmb:215 smb:3850 d:s ref:0 ;
in:7026 out:7026 type:B dur:2 cpbdur:2 q:32.44 aq:23.10 tex:10792 mv:5694 misc:626 imb:52 pmb:361 smb:3907 d:s ref:0 ;
in:7025 out:7027 type:b dur:2 cpbdur:2 q:32.43 aq:17.84 tex:114 mv:337 misc:541 imb:4 pmb:71 smb:4245 d:s ref:0 ;
in:7027 out:7028 type:b dur:2 cpbdur:2 q:32.44 aq:24.44 tex:5438 mv:3722 misc:744 imb:20 pmb:311 smb:3989 d:- ref:0 ;
in:7029 out:7029 type:P dur:2 cpbdur:2 q:32.50 aq:20.39 tex:23013 mv:4126 misc:581 imb:104 pmb:336 smb:3880 d:s ref:0 ;
in:7032 out:7030 type:P dur:2 cpbdur:2 q:32.51 aq:19.59 tex:24967 mv:4306 misc:551 imb:80 pmb:369 smb:3871 d:s ref:0 ;
in:7030 out:7031 type:B dur:2 cpbdur:2 q:32.50 aq:19.78 tex:292 mv:179 misc:369 imb:4 pmb:17 smb:4299 d:s ref:0 ;
in:7031 out:7032 type:b dur:2 cpbdur:2 q:32.50 aq:18.00 tex:31 mv:498 misc:687 imb:2 pmb:116 smb:4202 d:- ref:0 ;
in:7033 out:7033 type:P dur:2 cpbdur:2 q:32.50 aq:19.47 tex:5144 mv:1316 misc:844 imb:3 pmb:291 smb:4026 d:s ref:0 ;
in:7037 out:7034 type:P dur:2 cpbdur:2 q:32.50 aq:20.43 tex:1823 mv:686 misc:859 imb:0 pmb:160 smb:4160 d:s ref:0 ;
in:7035 out:7035 type:B dur:2 cpbdur:2 q:32.50 aq:19.12 tex:61 mv:59 misc:392 imb:0 pmb:16 smb:4304 d:s ref:0 ;
in:7034 out:7036 type:b dur:2 cpbdur:2 q:32.50 aq:25.05 tex:42 mv:9 misc:277 imb:0 pmb:2 smb:4318 d:s ref:0 ;
in:7036 out:7037 type:b dur:2 cpbdur:2 q:32.50 aq:17.00 tex:0 mv:0 misc:256 imb:0 pmb:0 smb:4320 d:- ref:0 ;
in:7041 out:7038 type:P dur:2 cpbdur:2 q:32.46 aq:21.58 tex:8425 mv:3108 misc:739 imb:29 pmb:348 smb:3943 d:s ref:0 ;
in:7039 out:7039 type:B dur:2 cpbdur:2 q:32.48 aq:22.64 tex:333 mv:491 misc:704 imb:0 pmb:115 smb:4205 d:s ref:0 ;
in:7038 out:7040 type:b dur:2 cpbdur:2 q:32.49 aq:17.00 tex:0 mv:0 misc:256 imb:0 pmb:0 smb:4320 d:s ref:0 ;
in:7040 out:7041 type:b dur:2 cpbdur:2 q:32.47 aq:17.00 tex:29 mv:324 misc:671 imb:1 pmb:99 smb:4220 d:- ref:0 ;
in:7045 out:7042 type:P dur:2 cpbdur:2 q:32.43 aq:20.38 tex:32822 mv:5031 misc:547 imb:235 pmb:284 smb:3801 d:s ref:0 ;
in:7043 out:7043 type:B dur:2 cpbdur:2 q:32.45 aq:23.61 tex:5921 mv:3045 misc:882 imb:21 pmb:323 smb:3976 d:s ref:0 ;
in:7042 out:7044 type:b dur:2 cpbdur:2 q:32.45 aq:24.48 tex:5361 mv:2771 misc:876 imb:16 pmb:288 smb:4016 d:s ref:0 ;
in:7044 out:7045 type:b dur:2 cpbdur:2 q:32.44 aq:24.99 tex:237 mv:57 misc:346 imb:0 pmb:15 smb:4305 d:- ref:0 ;
in:7048 out:7046 type:P dur:2 cpbdur:2 q:32.47 aq:22.48 tex:30262 mv:5251 misc:575 imb:238 pmb:301 smb:3781 d:s ref:0 ;
in:7046 out:7047 type:B dur:2 cpbdur:2 q:32.45 aq:22.88 tex:621 mv:753 misc:770 imb:6 pmb:149 smb:4165 d:s ref:0 ;
in:7047 out:7048 type:b dur:2 cpbdur:2 q:32.46 aq:24.66 tex:6841 mv:3631 misc:824 imb:21 pmb:319 smb:3980 d:- ref:0 ;
in:7051 out:7049 type:P dur:2 cpbdur:2 q:32.52 aq:24.48 tex:85003 mv:8618 misc:1299 imb:1471 pmb:192 smb:2657 d:s ref:0 ;
in:7049 out:7050 type:B dur:2 cpbdur:2 q:32.49 aq:31.65 tex:5963 mv:4886 misc:1671 imb:85 pmb:526 smb:3709 d:s ref:0 ;
in:7050 out:7051 type:b dur:2 cpbdur:2 q:32.50 aq:31.08 tex:19141 mv:14566 misc:1917 imb:332 pmb:912 smb:3076 d:- ref:0 ;
in:7052 out:7052 type:P dur:2 cpbdur:2 q:32.59 aq:23.19 tex:38571 mv:10684 misc:1465 imb:749 pmb:683 smb:2888 d:s ref:0 ;
in:7053 out:7053 type:P dur:2 cpbdur:2 q:32.62 aq:24.18 tex:31098 mv:10382 misc:1584 imb:681 pmb:745 smb:2894 d:s ref:0 ;
in:7054 out:7054 type:P dur:2 cpbdur:2 q:32.62 aq:26.29 tex:27631 mv:10047 misc:1562 imb:687 pmb:731 smb:2902 d:s ref:0 ;
in:7055 out:7055 type:P dur:2 cpbdur:2 q:32.64 aq:24.05 tex:27046 mv:10520 misc:1466 imb:686 pmb:777 smb:2857 d:s ref:0 ;
in:7056 out:7056 type:P dur:2 cpbdur:2 q:32.65 aq:25.99 tex:27925 mv:10109 misc:1470 imb:561 pmb:810 smb:2949 d:s ref:0 ;
in:7057 out:7057 type:P dur:2 cpbdur:2 q:32.66 aq:26.42 tex:24049 mv:10185 misc:1510 imb:670 pmb:824 smb:2826 d:s ref:0 ;
in:7058 out:7058 type:P dur:2 cpbdur:2 q:32.67 aq:24.29 tex:41822 mv:11468 misc:1550 imb:807 pmb:811 smb:2702 d:s ref:0 ;
in:7059 out:7059 type:P dur:2 cpbdur:2 q:32.69 aq:26.25 tex:40127 mv:10097 misc:1584 imb:630 pmb:855 smb:2835 d:s ref:0 ;
in:7060 out:7060 type:P dur:2 cpbdur:2 q:32.72 aq:25.35 tex:49561 mv:10635 misc:1700 imb:796 pmb:858 smb:2666 d:s ref:0 ;
in:7061 out:7061 type:P dur:2 cpbdur:2 q:32.75 aq:23.44 tex:69385 mv:11796 misc:1739 imb:814 pmb:925 smb:2581 d:s ref:0 ;
in:7062 out:7062 type:P dur:2 cpbdur:2 q:32.80 aq:22.48 tex:75648 mv:11524 misc:1596 imb:893 pmb:906 smb:2521 d:s ref:0 ;
in:7064 out:7063 type:P dur:2 cpbdur:2 q:32.82 aq:21.32 tex:102284 mv:12096 misc:1548 imb:1056 pmb:916 smb:2348 d:s ref:0 ;
in:7063 out:7064 type:b dur:2 cpbdur:2 q:32.81 aq:29.51 tex:4251 mv:8326 misc:2087 imb:302 pmb:557 smb:3461 d:s ref:0 ;
in:7066 out:7065 type:P dur:2 cpbdur:2 q:32.88 aq:23.08 tex:107564 mv:12254 misc:1582 imb:999 pmb:962 smb:2359 d:s ref:0 ;
in:7065 out:7066 type:b dur:2 cpbdur:2 q:32.85 aq:34.66 tex:4966 mv:6435 misc:1959 imb:121 pmb:603 smb:3596 d:s ref:0 ;
in:7070 out:7067 type:P dur:2 cpbdur:2 q:33.00 aq:23.89 tex:124692 mv:11835 misc:1873 imb:969 pmb:908 smb:2443 d:s ref:0 ;
in:7068 out:7068 type:B dur:2 cpbdur:2 q:32.94 aq:32.14 tex:16440 mv:8969 misc:2111 imb:278 pmb:819 smb:3223 d:s ref:0 ;
in:7067 out:7069 type:b dur:2 cpbdur:2 q:32.91 aq:34.73 tex:6947 mv:5950 misc:1903 imb:138 pmb:593 smb:3589 d:s ref:0 ;
in:7069 out:7070 type:b dur:2 cpbdur:2 q:32.97 aq:34.19 tex:6383 mv:3530 misc:1391 imb:63 pmb:425 smb:3832 d:- ref:0 ;
in:7074 out:7071 type:P dur:2 cpbdur:2 q:33.20 aq:24.06 tex:116541 mv:9076 misc:1839 imb:619 pmb:979 smb:2722 d:s ref:0 ;
in:7072 out:7072 type:B dur:2 cpbdur:2 q:33.10 aq:32.55 tex:7666 mv:3975 misc:1607 imb:103 pmb:451 smb:3766 d:s ref:0 ;
in:7071 out:7073 type:b dur:2 cpbdur:2 q:33.05 aq:33.11 tex:3402 mv:2381 misc:1241 imb:130 pmb:237 smb:3953 d:s ref:0 ;
in:7073 out:7074 type:b dur:2 cpbdur:2 q:33.15 aq:30.90 tex:152 mv:266 misc:534 imb:2 pmb:92 smb:4226 d:- ref:0 ;
in:7075 out:7075 type:P dur:2 cpbdur:2 q:33.44 aq:25.26 tex:39722 mv:3893 misc:1777 imb:98 pmb:575 smb:3647 d:s ref:0 ;
in:7077 out:7076 type:P dur:2 cpbdur:2 q:33.51 aq:25.64 tex:37076 mv:3403 misc:1561 imb:115 pmb:381 smb:3824 d:s ref:0 ;
in:7076 out:7077 type:b dur:2 cpbdur:2 q:33.47 aq:26.76 tex:72 mv:201 misc:431 imb:3 pmb:47 smb:4270 d:s ref:0 ;
in:7078 out:7078 type:P dur:2 cpbdur:2 q:33.62 aq:25.08 tex:7648 mv:937 misc:959 imb:8 pmb:240 smb:4072 d:s ref:0 ;
in:7079 out:7079 type:P dur:2 cpbdur:2 q:33.68 aq:25.75 tex:9381 mv:1330 misc:745 imb:33 pmb:217 smb:4070 d:s ref:0 ;
in:7081 out:7080 type:P dur:2 cpbdur:2 q:33.75 aq:24.02 tex:5011 mv:1047 misc:1246 imb:74 pmb:196 smb:4050 d:s ref:0 ;
in:7080 out:7081 type:b dur:2 cpbdur:2 q:33.71 aq:35.69 tex:54 mv:51 misc:263 imb:0 pmb:6 smb:4314 d:s ref:0 ;
in:7085 out:7082 type:P dur:2 cpbdur:2 q:33.83 aq:25.58 tex:4175 mv:575 misc:722 imb:24 pmb:122 smb:4174 d:s ref:0 ;
in:7083 out:7083 type:B dur:2 cpbdur:2 q:33.79 aq:34.39 tex:491 mv:107 misc:298 imb:0 pmb:14 smb:4306 d:s ref:0 ;
in:7082 out:7084 type:b dur:2 cpbdur:2 q:33.77 aq:35.60 tex:389 mv:108 misc:279 imb:0 pmb:9 smb:4311 d:s ref:0 ;
in:7084 out:7085 type:b dur:2 cpbdur:2 q:33.81 aq:34.78 tex:483 mv:91 misc:282 imb:1 pmb:10 smb:4309 d:- ref:0 ;
in:7089 out:7086 type:P dur:2 cpbdur:2 q:33.97 aq:29.09 tex:2600 mv:131 misc:381 imb:5 pmb:18 smb:4297 d:s ref:0 ;
in:7087 out:7087 type:B dur:2 cpbdur:2 q:33.90 aq:33.31 tex:899 mv:142 misc:303 imb:1 pmb:12 smb:4307 d:s ref:0 ;
in:7086 out:7088 type:b dur:2 cpbdur:2 q:33.87 aq:35.65 tex:289 mv:114 misc:277 imb:0 pmb:8 smb:4312 d:s ref:0 ;
in:7088 out:7089 type:b dur:2 cpbdur:2 q:33.94 aq:35.75 tex:471 mv:82 misc:279 imb:0 pmb:8 smb:4312 d:- ref:0 ;
in:7093 out:7090 type:P dur:2 cpbdur:2 q:33.97 aq:26.78 tex:1663 mv:95 misc:338 imb:1 pmb:12 smb:4307 d:s ref:0 ;
in:7091 out:7091 type:B dur:2 cpbdur:2 q:33.97 aq:34.04 tex:536 mv:114 misc:278 imb:0 pmb:6 smb:4314 d:s ref:0 ;
in:7090 out:7092 type:b dur:2 cpbdur:2 q:33.97 aq:36.04 tex:264 mv:90 misc:262 imb:0 pmb:5 smb:4315 d:s ref:0 ;
in:7092 out:7093 type:b dur:2 cpbdur:2 q:33.97 aq:36.02 tex:122 mv:99 misc:259 imb:0 pmb:5 smb:4315 d:- ref:0 ;
in:7095 out:7094 type:P dur:2 cpbdur:2 q:33.91 aq:30.53 tex:5724 mv:1266 misc:586 imb:3 pmb:178 smb:4139 d:s ref:0 ;
in:7094 out:7095 type:b dur:2 cpbdur:2 q:33.94 aq:35.92 tex:79 mv:125 misc:372 imb:0 pmb:25 smb:4295 d:s ref:0 ;
in:7099 out:7096 type:P dur:2 cpbdur:2 q:33.89 aq:29.32 tex:26307 mv:2853 misc:472 imb:101 pmb:167 smb:4052 d:s ref:0 ;
in:7097 out:7097 type:B dur:2 cpbdur:2 q:33.90 aq:35.57 tex:11410 mv:3351 misc:471 imb:15 pmb:205 smb:4100 d:t ref:0 ;
in:7096 out:7098 type:b dur:2 cpbdur:2 q:33.91 aq:36.97 tex:3466 mv:1587 misc:507 imb:1 pmb:144 smb:4175 d:s ref:0 ;
in:7098 out:7099 type:b dur:2 cpbdur:2 q:33.90 aq:36.70 tex:4130 mv:1714 misc:508 imb:2 pmb:155 smb:4163 d:- ref:0 ;
in:7102 out:7100 type:P dur:2 cpbdur:2 q:33.89 aq:27.96 tex:31681 mv:2973 misc:498 imb:76 pmb:193 smb:4051 d:s ref:0 ;
in:7100 out:7101 type:B dur:2 cpbdur:2 q:33.89 aq:34.12 tex:5898 mv:2295 misc:503 imb:3 pmb:184 smb:4133 d:t ref:0 ;
in:7101 out:7102 type:b dur:2 cpbdur:2 q:33.89 aq:34.91 tex:1206 mv:854 misc:444 imb:1 pmb:77 smb:4242 d:- ref:0 ;
in:7104 out:7103 type:P dur:2 cpbdur:2 q:33.88 aq:26.47 tex:4967 mv:995 misc:662 imb:4 pmb:190 smb:4126 d:s ref:0 ;
in:7103 out:7104 type:b dur:2 cpbdur:2 q:33.89 aq:32.00 tex:3 mv:23 misc:270 imb:0 pmb:5 smb:4315 d:s ref:0 ;
in:7108 out:7105 type:P dur:2 cpbdur:2 q:33.86 aq:22.60 tex:1563 mv:376 misc:597 imb:3 pmb:89 smb:4228 d:s ref:0 ;
in:7106 out:7106 type:B dur:2 cpbdur:2 q:33.87 aq:30.00 tex:4 mv:23 misc:325 imb:0 pmb:8 smb:4312 d:s ref:0 ;
in:7105 out:7107 type:b dur:2 cpbdur:2 q:33.88 aq:32.00 tex:1 mv:2 misc:253 imb:0 pmb:1 smb:4319 d:s ref:0 ;
in:7107 out:7108 type:b dur:2 cpbdur:2 q:33.87 aq:32.00 tex:0 mv:0 misc:248 imb:0 pmb:0 smb:4320 d:- ref:0 ;
in:7111 out:7109 type:P dur:2 cpbdur:2 q:33.81 aq:30.26 tex:5602 mv:1494 misc:512 imb:3 pmb:185 smb:4132 d:s ref:0 ;
in:7109 out:7110 type:B dur:2 cpbdur:2 q:33.84 aq:33.18 tex:37 mv:159 misc:484 imb:0 pmb:61 smb:4259 d:s ref:0 ;
in:7110 out:7111 type:b dur:2 cpbdur:2 q:33.83 aq:34.65 tex:109 mv:145 misc:306 imb:0 pmb:12 smb:4308 d:- ref:0 ;
in:7113 out:7112 type:P dur:2 cpbdur:2 q:33.78 aq:27.40 tex:6289 mv:1443 misc:492 imb:8 pmb:192 smb:4120 d:s ref:0 ;
in:7112 out:7113 type:b dur:2 cpbdur:2 q:33.80 aq:35.65 tex:120 mv:170 misc:462 imb:0 pmb:63 smb:4257 d:s ref:0 ;
in:7114 out:7114 type:P dur:2 cpbdur:2 q:33.77 aq:27.41 tex:2185 mv:630 misc:553 imb:2 pmb:119 smb:4199 d:s ref:0 ;
in:7118 out:7115 type:P dur:2 cpbdur:2 q:33.78 aq:30.35 tex:19853 mv:2618 misc:449 imb:72 pmb:179 smb:4069 d:s ref:0 ;
in:7116 out:7116 type:B dur:2 cpbdur:2 q:33.78 aq:31.44 tex:5299 mv:1887 misc:534 imb:2 pmb:194 smb:4124 d:s ref:0 ;
in:7115 out:7117 type:b dur:2 cpbdur:2 q:33.78 aq:36.41 tex:3394 mv:1197 misc:465 imb:2 pmb:121 smb:4197 d:s ref:0 ;
in:7117 out:7118 type:b dur:2 cpbdur:2 q:33.78 aq:36.09 tex:78 mv:172 misc:430 imb:0 pmb:52 smb:4268 d:- ref:0 ;
in:7121 out:7119 type:P dur:2 cpbdur:2 q:33.78 aq:28.82 tex:25769 mv:2836 misc:507 imb:61 pmb:196 smb:4063 d:s ref:0 ;
in:7119 out:7120 type:B dur:2 cpbdur:2 q:33.78 aq:35.78 tex:4241 mv:1811 misc:540 imb:2 pmb:157 smb:4161 d:t ref:0 ;
in:7120 out:7121 type:b dur:2 cpbdur:2 q:33.78 aq:32.94 tex:2410 mv:1364 misc:530 imb:1 pmb:131 smb:4188 d:- ref:0 ;
in:7123 out:7122 type:P dur:2 cpbdur:2 q:33.78 aq:29.43 tex:2443 mv:555 misc:706 imb:2 pmb:116 smb:4202 d:s ref:0 ;
in:7122 out:7123 type:b dur:2 cpbdur:2 q:33.78 aq:26.53 tex:20 mv:12 misc:256 imb:1 pmb:0 smb:4319 d:s ref:0 ;
in:7124 out:7124 type:P dur:2 cpbdur:2 q:33.76 aq:30.06 tex:10495 mv:1965 misc:500 imb:15 pmb:211 smb:4094 d:s ref:0 ;
in:7125 out:7125 type:P dur:2 cpbdur:2 q:33.75 aq:26.47 tex:8530 mv:1663 misc:807 imb:10 pmb:242 smb:4068 d:s ref:0 ;
in:7129 out:7126 type:P dur:2 cpbdur:2 q:33.75 aq:28.11 tex:19583 mv:2560 misc:457 imb:86 pmb:161 smb:4073 d:s ref:0 ;
in:7127 out:7127 type:B dur:2 cpbdur:2 q:33.75 aq:31.71 tex:6723 mv:1926 misc:519 imb:4 pmb:171 smb:4145 d:s ref:0 ;
in:7126 out:7128 type:b dur:2 cpbdur:2 q:33.75 aq:31.86 tex:60 mv:213 misc:503 imb:2 pmb:66 smb:4252 d:s ref:0 ;
in:7128 out:7129 type:b dur:2 cpbdur:2 q:33.75 aq:33.49 tex:1137 mv:1027 misc:508 imb:2 pmb:108 smb:4210 d:- ref:0 ;
in:7131 out:7130 type:P dur:2 cpbdur:2 q:33.74 aq:28.77 tex:16044 mv:2277 misc:463 imb:31 pmb:195 smb:4094 d:s ref:0 ;
in:7130 out:7131 type:b dur:2 cpbdur:2 q:33.74 aq:33.66 tex:141 mv:296 misc:459 imb:0 pmb:60 smb:4260 d:s ref:0 ;
in:7133 out:7132 type:P dur:2 cpbdur:2 q:33.73 aq:26.73 tex:5143 mv:1113 misc:480 imb:3 pmb:170 smb:4147 d:s ref:0 ;
in:7132 out:7133 type:b dur:2 cpbdur:2 q:33.73 aq:32.00 tex:0 mv:0 misc:248 imb:0 pmb:0 smb:4320 d:s ref:0 ;
in:7136 out:7134 type:P dur:2 cpbdur:2 q:33.72 aq:28.07 tex:13818 mv:2001 misc:445 imb:29 pmb:190 smb:4101 d:s ref:0 ;
in:7134 out:7135 type:B dur:2 cpbdur:2 q:33.73 aq:31.01 tex:237 mv:305 misc:458 imb:3 pmb:53 smb:4264 d:s ref:0 ;
in:7135 out:7136 type:b dur:2 cpbdur:2 q:33.73 aq:35.11 tex:283 mv:159 misc:326 imb:0 pmb:20 smb:4300 d:- ref:0 ;
in:7137 out:7137 type:P dur:2 cpbdur:2 q:33.71 aq:19.68 tex:4379 mv:1019 misc:546 imb:9 pmb:159 smb:4152 d:s ref:0 ;
in:7141 out:7138 type:P dur:2 cpbdur:2 q:33.70 aq:23.16 tex:4373 mv:877 misc:590 imb:6 pmb:124 smb:4190 d:s ref:0 ;
in:7139 out:7139 type:B dur:2 cpbdur:2 q:33.71 aq:32.62 tex:216 mv:178 misc:398 imb:0 pmb:29 smb:4291 d:s ref:0 ;
in:7138 out:7140 type:b dur:2 cpbdur:2 q:33.71 aq:32.00 tex:2 mv:15 misc:271 imb:0 pmb:5 smb:4315 d:s ref:0 ;
in:7140 out:7141 type:b dur:2 cpbdur:2 q:33.70 aq:34.91 tex:154 mv:81 misc:293 imb:0 pmb:11 smb:4309 d:- ref:0 ;
in:7145 out:7142 type:P dur:2 cpbdur:2 q:33.68 aq:28.16 tex:26255 mv:2593 misc:488 imb:108 pmb:141 smb:4071 d:s ref:0 ;
in:7143 out:7143 type:B dur:2 cpbdur:2 q:33.69 aq:34.53 tex:8561 mv:3091 misc:508 imb:28 pmb:184 smb:4108 d:t ref:0 ;
in:7142 out:7144 type:b dur:2 cpbdur:2 q:33.70 aq:35.87 tex:2014 mv:1384 misc:538 imb:3 pmb:131 smb:4186 d:t ref:0 ;
in:7144 out:7145 type:b dur:2 cpbdur:2 q:33.68 aq:35.33 tex:5524 mv:2200 misc:484 imb:9 pmb:166 smb:4145 d:- ref:0 ;
in:7149 out:7146 type:P dur:2 cpbdur:2 q:33.69 aq:24.55 tex:29200 mv:2859 misc:469 imb:106 pmb:161 smb:4053 d:s ref:0 ;
in:7147 out:7147 type:B dur:2 cpbdur:2 q:33.68 aq:34.36 tex:8384 mv:3160 misc:480 imb:11 pmb:210 smb:4099 d:s ref:0 ;
in:7146 out:7148 type:b dur:2 cpbdur:2 q:33.68 aq:24.64 tex:38 mv:274 misc:448 imb:3 pmb:60 smb:4257 d:s ref:0 ;
in:7148 out:7149 type:b dur:2 cpbdur:2 q:33.69 aq:34.93 tex:8177 mv:3266 misc:461 imb:11 pmb:203 smb:4106 d:- ref:0 ;
in:7153 out:7150 type:P dur:2 cpbdur:2 q:33.71 aq:29.46 tex:27203 mv:2881 misc:444 imb:53 pmb:201 smb:4066 d:s ref:0 ;
in:7151 out:7151 type:B dur:2 cpbdur:2 q:33.70 aq:32.90 tex:4775 mv:2093 misc:508 imb:2 pmb:180 smb:4138 d:t ref:0 ;
in:7150 out:7152 type:b dur:2 cpbdur:2 q:33.69 aq:35.08 tex:299 mv:176 misc:309 imb:0 pmb:16 smb:4304 d:s ref:0 ;
in:7152 out:7153 type:b dur:2 cpbdur:2 q:33.71 aq:34.79 tex:1419 mv:812 misc:465 imb:0 pmb:80 smb:4240 d:- ref:0 ;
in:7156 out:7154 type:P dur:2 cpbdur:2 q:33.71 aq:28.99 tex:22141 mv:2510 misc:469 imb:32 pmb:222 smb:4066 d:s ref:0 ;
in:7154 out:7155 type:B dur:2 cpbdur:2 q:33.71 aq:32.10 tex:293 mv:558 misc:525 imb:2 pmb:75 smb:4243 d:s ref:0 ;
in:7155 out:7156 type:b dur:2 cpbdur:2 q:33.71 aq:34.88 tex:70 mv:238 misc:460 imb:0 pmb:56 smb:4264 d:- ref:0 ;
in:7158 out:7157 type:P dur:2 cpbdur:2 q:33.70 aq:25.34 tex:7313 mv:1230 misc:489 imb:5 pmb:214 smb:4101 d:s ref:0 ;
in:7157 out:7158 type:b dur:2 cpbdur:2 q:33.71 aq:32.94 tex:20 mv:5 misc:255 imb:0 pmb:1 smb:4319 d:s ref:0 ;
in:7162 out:7159 type:P dur:2 cpbdur:2 q:33.68 aq:23.38 tex:1606 mv:448 misc:538 imb:3 pmb:90 smb:4227 d:s ref:0 ;
in:7160 out:7160 type:B dur:2 cpbdur:2 q:33.69 aq:33.10 tex:62 mv:27 misc:311 imb:0 pmb:9 smb:4311 d:t ref:0 ;
in:7159 out:7161 type:b dur:2 cpbdur:2 q:33.70 aq:32.00 tex:1 mv:14 misc:273 imb:0 pmb:4 smb:4316 d:s ref:0 ;
in:7161 out:7162 type:b dur:2 cpbdur:2 q:33.69 aq:32.00 tex:0 mv:0 misc:248 imb:0 pmb:0 smb:4320 d:- ref:0 ;
in:7166 out:7163 type:P dur:2 cpbdur:2 q:33.66 aq:31.32 tex:5671 mv:1236 misc:541 imb:7 pmb:193 smb:4120 d:s ref:0 ;
in:7164 out:7164 type:B dur:2 cpbdur:2 q:33.67 aq:32.98 tex:107 mv:328 misc:437 imb:0 pmb:47 smb:4273 d:s ref:0 ;
in:7163 out:7165 type:b dur:2 cpbdur:2 q:33.67 aq:32.00 tex:0 mv:0 misc:248 imb:0 pmb:0 smb:4320 d:s ref:0 ;
in:7165 out:7166 type:b dur:2 cpbdur:2 q:33.66 aq:31.00 tex:9 mv:173 misc:410 imb:0 pmb:39 smb:4281 d:- ref:0 ;
in:7169 out:7167 type:P dur:2 cpbdur:2 q:33.63 aq:29.64 tex:26149 mv:3097 misc:458 imb:78 pmb:198 smb:4044 d:s ref:0 ;
in:7167 out:7168 type:B dur:2 cpbdur:2 q:33.65 aq:34.23 tex:6274 mv:2671 misc:503 imb:3 pmb:201 smb:4116 d:t ref:0 ;
in:7168 out:7169 type:b dur:2 cpbdur:2 q:33.64 aq:34.35 tex:2474 mv:1431 misc:519 imb:2 pmb:127 smb:4191 d:- ref:0 ;
in:7170 out:7170 type:P dur:2 cpbdur:2 q:33.65 aq:27.98 tex:6259 mv:1383 misc:518 imb:13 pmb:207 smb:4100 d:s ref:0 ;
in:7173 out:7171 type:P dur:2 cpbdur:2 q:33.64 aq:30.37 tex:3441 mv:788 misc:603 imb:9 pmb:142 smb:4169 d:s ref:0 ;
in:7171 out:7172 type:B dur:2 cpbdur:2 q:33.65 aq:30.00 tex:0 mv:0 misc:264 imb:0 pmb:0 smb:4320 d:t ref:0 ;
in:7172 out:7173 type:b dur:2 cpbdur:2 q:33.64 aq:31.00 tex:1 mv:2 misc:253 imb:0 pmb:1 smb:4319 d:- ref:0 ;
in:7177 out:7174 type:P dur:2 cpbdur:2 q:33.61 aq:22.34 tex:64 mv:61 misc:307 imb:7 pmb:1 smb:4312 d:s ref:0 ;
in:7175 out:7175 type:B dur:2 cpbdur:2 q:33.63 aq:30.00 tex:0 mv:0 misc:264 imb:0 pmb:0 smb:4320 d:s ref:0 ;
in:7174 out:7176 type:b dur:2 cpbdur:2 q:33.63 aq:31.00 tex:0 mv:0 misc:248 imb:0 pmb:0 smb:4320 d:s ref:0 ;
in:7176 out:7177 type:b dur:2 cpbdur:2 q:33.62 aq:31.00 tex:0 mv:0 misc:248 imb:0 pmb:0 smb:4320 d:- ref:0 ;
in:7178 out:7178 type:P dur:2 cpbdur:2 q:33.57 aq:29.95 tex:38072 mv:11292 misc:2020 imb:1178 pmb:720 smb:2422 d:s ref:0 ;
in:7179 out:7179 type:I dur:2 cpbdur:2 q:30.75 aq:19.87 tex:73876 mv:31574 misc:550 imb:4320 pmb:0 smb:0 d:s ref:;
in:7180 out:7180 type:P dur:2 cpbdur:2 q:33.69 aq:26.60 tex:21223 mv:13256 misc:1785 imb:767 pmb:912 smb:2641 d:s ref:0 ;
in:7181 out:7181 type:P dur:2 cpbdur:2 q:33.71 aq:26.13 tex:18176 mv:12507 misc:1941 imb:770 pmb:880 smb:2670 d:s ref:0 ;
in:7182 out:7182 type:P dur:2 cpbdur:2 q:33.72 aq:23.86 tex:17219 mv:12441 misc:2020 imb:699 pmb:887 smb:2734 d:s ref:0 ;
in:7183 out:7183 type:P dur:2 cpbdur:2 q:33.74 aq:26.98 tex:22501 mv:12625 misc:1986 imb:726 pmb:982 smb:2612 d:s ref:0 ;
in:7184 out:7184 type:P dur:2 cpbdur:2 q:33.75 aq:24.38 tex:27576 mv:12223 misc:1817 imb:665 pmb:1001 smb:2654 d:s ref:0 ;
in:7185 out:7185 type:P dur:2 cpbdur:2 q:33.78 aq:26.21 tex:25068 mv:11815 misc:1773 imb:638 pmb:937 smb:2745 d:s ref:0 ;
in:7186 out:7186 type:P dur:2 cpbdur:2 q:33.80 aq:23.60 tex:23581 mv:11273 misc:1866 imb:709 pmb:875 smb:2736 d:s ref:0 ;
in:7187 out:7187 type:P dur:2 cpbdur:2 q:33.81 aq:25.35 tex:19514 mv:9014 misc:1960 imb:482 pmb:774 smb:3064 d:s ref:0 ;
in:7188 out:7188 type:P dur:2 cpbdur:2 q:33.83 aq:24.82 tex:134792 mv:10570 misc:1678 imb:1608 pmb:438 smb:2274 d:s ref:0 ;
in:7189 out:7189 type:P dur:2 cpbdur:2 q:33.91 aq:23.82 tex:33084 mv:9470 misc:1894 imb:479 pmb:920 smb:2921 d:s ref:0 ;
in:7190 out:7190 type:P dur:2 cpbdur:2 q:33.92 aq:25.76 tex:35975 mv:8008 misc:1705 imb:332 pmb:887 smb:3101 d:s ref:0 ;
in:7191 out:7191 type:P dur:2 cpbdur:2 q:33.94 aq:24.76 tex:32809 mv:8034 misc:1797 imb:390 pmb:882 smb:3048 d:s ref:0 ;
in:7192 out:7192 type:P dur:2 cpbdur:2 q:33.96 aq:23.50 tex:30030 mv:7393 misc:1961 imb:379 pmb:847 smb:3094 d:s ref:0 ;
in:7196 out:7193 type:P dur:2 cpbdur:2 q:33.97 aq:25.12 tex:34986 mv:7450 misc:1956 imb:413 pmb:859 smb:3048 d:s ref:0 ;
in:7194 out:7194 type:B dur:2 cpbdur:2 q:33.96 aq:32.38 tex:1850 mv:5364 misc:1842 imb:57 pmb:526 smb:3737 d:s ref:0 ;
in:7193 out:7195 type:b dur:2 cpbdur:2 q:33.96 aq:27.47 tex:327 mv:3188 misc:1317 imb:32 pmb:290 smb:3998 d:s ref:0 ;
in:7195 out:7196 type:b dur:2 cpbdur:2 q:33.97 aq:27.56 tex:976 mv:2024 misc:952 imb:9 pmb:219 smb:4092 d:- ref:0 ;
in:7200 out:7197 type:P dur:2 cpbdur:2 q:34.04 aq:26.82 tex:14189 mv:4863 misc:2092 imb:244 pmb:651 smb:3425 d:s ref:0 ;
in:7198 out:7198 type:B dur:2 cpbdur:2 q:34.00 aq:31.84 tex:1931 mv:2135 misc:1110 imb:11 pmb:266 smb:4043 d:s ref:0 ;
in:7197 out:7199 type:b dur:2 cpbdur:2 q:33.99 aq:33.50 tex:1342 mv:984 misc:722 imb:11 pmb:115 smb:4194 d:s ref:0 ;
in:7199 out:7200 type:b dur:2 cpbdur:2 q:34.02 aq:33.94 tex:1291 mv:335 misc:430 imb:7 pmb:53 smb:4260 d:- ref:0 ;
in:7201 out:7201 type:P dur:2 cpbdur:2 q:34.09 aq:30.77 tex:7253 mv:1460 misc:1367 imb:68 pmb:253 smb:3999 d:s ref:0 ;
in:7202 out:7202 type:P dur:2 cpbdur:2 q:34.12 aq:31.31 tex:3995 mv:1426 misc:1379 imb:67 pmb:273 smb:3980 d:s ref:0 ;
in:7203 out:7203 type:P dur:2 cpbdur:2 q:34.14 aq:29.74 tex:3720 mv:1020 misc:1228 imb:64 pmb:208 smb:4048 d:s ref:0 ;
in:7204 out:7204 type:P dur:2 cpbdur:2 q:34.15 aq:28.87 tex:1903 mv:821 misc:820 imb:48 pmb:87 smb:4185 d:s ref:0 ;
in:7205 out:7205 type:P dur:2 cpbdur:2 q:34.16 aq:18.43 tex:1028 mv:449 misc:563 imb:18 pmb:43 smb:4259 d:s ref:0 ;
in:7208 out:7206 type:P dur:2 cpbdur:2 q:34.24 aq:30.19 tex:23727 mv:4376 misc:1745 imb:317 pmb:594 smb:3409 d:s ref:0 w:7,121,1 ;
in:7206 out:7207 type:B dur:2 cpbdur:2 q:34.19 aq:25.99 tex:290 mv:951 misc:959 imb:27 pmb:210 smb:4083 d:s ref:0 ;
in:7207 out:7208 type:b dur:2 cpbdur:2 q:34.22 aq:30.07 tex:124 mv:86 misc:294 imb:1 pmb:7 smb:4312 d:- ref:0 ;
in:7209 out:7209 type:I dur:2 cpbdur:2 q:31.03 aq:20.54 tex:59845 mv:39866 misc:569 imb:4320 pmb:0 smb:0 d:s ref:;
in:7210 out:7210 type:P dur:2 cpbdur:2 q:34.45 aq:30.00 tex:15332 mv:7102 misc:2094 imb:373 pmb:589 smb:3358 d:s ref:0 ;
in:7211 out:7211 type:P dur:2 cpbdur:2 q:34.51 aq:30.64 tex:14945 mv:6870 misc:2041 imb:298 pmb:597 smb:3425 d:s ref:0 ;
in:7212 out:7212 type:P dur:2 cpbdur:2 q:34.53 aq:28.65 tex:8911 mv:5415 misc:1754 imb:261 pmb:350 smb:3709 d:s ref:0 ;
in:7213 out:7213 type:P dur:2 cpbdur:2 q:34.56 aq:30.00 tex:10279 mv:4738 misc:1711 imb:341 pmb:400 smb:3579 d:s ref:0 ;
in:7214 out:7214 type:P dur:2 cpbdur:2 q:34.58 aq:27.79 tex:16384 mv:8006 misc:2034 imb:444 pmb:786 smb:3090 d:s ref:0 ;
in:7215 out:7215 type:P dur:2 cpbdur:2 q:34.60 aq:27.56 tex:24591 mv:10797 misc:2068 imb:614 pmb:873 smb:2833 d:s ref:0 ;
in:7216 out:7216 type:P dur:2 cpbdur:2 q:34.61 aq:25.14 tex:36580 mv:10955 misc:1801 imb:996 pmb:944 smb:2380 d:s ref:0 ;
in:7217 out:7217 type:P dur:2 cpbdur:2 q:34.63 aq:24.16 tex:45386 mv:11078 misc:1768 imb:927 pmb:934 smb:2459 d:s ref:0 ;
in:7218 out:7218 type:P dur:2 cpbdur:2 q:34.64 aq:25.09 tex:49849 mv:10616 misc:1799 imb:800 pmb:1022 smb:2498 d:s ref:0 ;
in:7219 out:7219 type:P dur:2 cpbdur:2 q:34.66 aq:24.76 tex:55134 mv:11099 misc:1759 imb:880 pmb:972 smb:2468 d:s ref:0 ;
in:7220 out:7220 type:P dur:2 cpbdur:2 q:34.67 aq:25.68 tex:54099 mv:9756 misc:1897 imb:641 pmb:1004 smb:2675 d:s ref:0 ;
in:7221 out:7221 type:P dur:2 cpbdur:2 q:34.68 aq:24.13 tex:52665 mv:9150 misc:1969 imb:620 pmb:979 smb:2721 d:s ref:0 ;
in:7223 out:7222 type:P dur:2 cpbdur:2 q:34.69 aq:23.01 tex:67308 mv:8573 misc:2087 imb:655 pmb:970 smb:2695 d:s ref:0 ;
in:7222 out:7223 type:b dur:2 cpbdur:2 q:34.68 aq:26.79 tex:268 mv:3858 misc:1170 imb:86 pmb:311 smb:3923 d:s ref:0 ;
in:7227 out:7224 type:P dur:2 cpbdur:2 q:34.70 aq:26.41 tex:53384 mv:7248 misc:2104 imb:431 pmb:945 smb:2944 d:s ref:0 ;
in:7225 out:7225 type:B dur:2 cpbdur:2 q:34.70 aq:20.55 tex:1452 mv:4511 misc:1381 imb:146 pmb:337 smb:3837 d:s ref:0 ;
in:7224 out:7226 type:b dur:2 cpbdur:2 q:34.69 aq:23.85 tex:187 mv:3351 misc:1534 imb:99 pmb:421 smb:3800 d:s ref:0 ;
in:7226 out:7227 type:b dur:2 cpbdur:2 q:34.70 aq:33.63 tex:371 mv:2348 misc:1001 imb:8 pmb:226 smb:4086 d:- ref:0 ;
in:7229 out:7228 type:P dur:2 cpbdur:2 q:34.70 aq:27.10 tex:22502 mv:4924 misc:2350 imb:333 pmb:735 smb:3252 d:s ref:0 ;
in:7228 out:7229 type:b dur:2 cpbdur:2 q:34.70 aq:24.04 tex:406 mv:462 misc:452 imb:10 pmb:51 smb:4259 d:s ref:0 ;
in:7232 out:7230 type:P dur:2 cpbdur:2 q:34.68 aq:25.65 tex:28130 mv:4497 misc:2309 imb:264 pmb:781 smb:3275 d:s ref:0 ;
in:7230 out:7231 type:B dur:2 cpbdur:2 q:34.69 aq:31.73 tex:918 mv:422 misc:420 imb:11 pmb:37 smb:4272 d:s ref:0 ;
in:7231 out:7232 type:b dur:2 cpbdur:2 q:34.69 aq:32.29 tex:338 mv:479 misc:407 imb:18 pmb:38 smb:4264 d:- ref:0 ;
in:7233 out:7233 type:P dur:2 cpbdur:2 q:34.69 aq:28.58 tex:8572 mv:1617 misc:1899 imb:57 pmb:390 smb:3873 d:s ref:0 ;
in:7234 out:7234 type:P dur:2 cpbdur:2 q:34.72 aq:28.06 tex:10328 mv:2149 misc:2019 imb:166 pmb:404 smb:3750 d:s ref:0 ;
in:7235 out:7235 type:P dur:2 cpbdur:2 q:34.76 aq:29.34 tex:2472 mv:603 misc:773 imb:58 pmb:62 smb:4200 d:s ref:0 ;
in:7239 out:7236 type:P dur:2 cpbdur:2 q:34.80 aq:27.47 tex:2194 mv:291 misc:531 imb:11 pmb:44 smb:4265 d:s ref:0 ;
in:7237 out:7237 type:B dur:2 cpbdur:2 q:34.78 aq:22.35 tex:431 mv:170 misc:287 imb:2 pmb:14 smb:4304 d:t ref:0 ;
in:7236 out:7238 type:b dur:2 cpbdur:2 q:34.77 aq:39.64 tex:293 mv:138 misc:273 imb:1 pmb:14 smb:4305 d:s ref:0 ;
in:7238 out:7239 type:b dur:2 cpbdur:2 q:34.79 aq:39.06 tex:239 mv:127 misc:266 imb:0 pmb:9 smb:4311 d:- ref:0 ;
in:7243 out:7240 type:P dur:2 cpbdur:2 q:34.97 aq:25.55 tex:3520 mv:457 misc:343 imb:46 pmb:25 smb:4249 d:s ref:0 ;
in:7241 out:7241 type:B dur:2 cpbdur:2 q:34.88 aq:20.91 tex:201 mv:252 misc:363 imb:8 pmb:28 smb:4284 d:s ref:0 ;
in:7240 out:7242 type:b dur:2 cpbdur:2 q:34.84 aq:38.36 tex:199 mv:129 misc:264 imb:0 pmb:9 smb:4311 d:s ref:0 ;
in:7242 out:7243 type:b dur:2 cpbdur:2 q:34.93 aq:22.76 tex:869 mv:388 misc:343 imb:13 pmb:29 smb:4278 d:- ref:0 ;
in:7244 out:7244 type:P dur:2 cpbdur:2 q:34.97 aq:25.02 tex:2816 mv:453 misc:355 imb:48 pmb:25 smb:4247 d:s ref:0 ;
in:7245 out:7245 type:P dur:2 cpbdur:2 q:34.95 aq:33.73 tex:900 mv:191 misc:349 imb:29 pmb:6 smb:4285 d:s ref:0 ;
in:7246 out:7246 type:P dur:2 cpbdur:2 q:34.96 aq:28.58 tex:4049 mv:924 misc:435 imb:170 pmb:46 smb:4104 d:s ref:0 ;
in:7248 out:7247 type:P dur:2 cpbdur:2 q:34.95 aq:25.90 tex:7981 mv:1598 misc:541 imb:215 pmb:83 smb:4022 d:s ref:0 ;
in:7247 out:7248 type:b dur:2 cpbdur:2 q:34.96 aq:28.73 tex:942 mv:355 misc:407 imb:18 pmb:55 smb:4247 d:s ref:0 ;
in:7249 out:7249 type:P dur:2 cpbdur:2 q:34.94 aq:29.08 tex:1910 mv:319 misc:379 imb:20 pmb:18 smb:4282 d:s ref:0 ;
in:7252 out:7250 type:P dur:2 cpbdur:2 q:34.92 aq:27.76 tex:6681 mv:1296 misc:423 imb:169 pmb:80 smb:4071 d:s ref:0 ;
in:7250 out:7251 type:B dur:2 cpbdur:2 q:34.93 aq:30.31 tex:508 mv:468 misc:456 imb:11 pmb:70 smb:4239 d:s ref:0 ;
in:7251 out:7252 type:b dur:2 cpbdur:2 q:34.93 aq:31.97 tex:704 mv:496 misc:440 imb:17 pmb:64 smb:4239 d:- ref:0 ;
in:7254 out:7253 type:P dur:2 cpbdur:2 q:34.90 aq:29.27 tex:1819 mv:330 misc:387 imb:9 pmb:20 smb:4291 d:s ref:0 ;
in:7253 out:7254 type:b dur:2 cpbdur:2 q:34.91 aq:33.48 tex:303 mv:221 misc:276 imb:0 pmb:17 smb:4303 d:s ref:0 ;
in:7258 out:7255 type:P dur:2 cpbdur:2 q:34.87 aq:33.96 tex:26820 mv:6488 misc:2004 imb:509 pmb:615 smb:3196 d:s ref:0 ;
in:7256 out:7256 type:B dur:2 cpbdur:2 q:34.89 aq:21.85 tex:469 mv:1278 misc:1341 imb:53 pmb:329 smb:3938 d:s ref:0 ;
in:7255 out:7257 type:b dur:2 cpbdur:2 q:34.89 aq:33.22 tex:146 mv:139 misc:267 imb:1 pmb:9 smb:4310 d:s ref:0 ;
in:7257 out:7258 type:b dur:2 cpbdur:2 q:34.88 aq:24.92 tex:159 mv:480 misc:1113 imb:10 pmb:268 smb:4042 d:- ref:0 ;
in:7259 out:7259 type:I dur:2 cpbdur:2 q:31.86 aq:21.98 tex:73985 mv:35340 misc:547 imb:4320 pmb:0 smb:0 d:s ref:;
in:7260 out:7260 type:P dur:2 cpbdur:2 q:34.95 aq:27.32 tex:80150 mv:11778 misc:1208 imb:2389 pmb:119 smb:1812 d:s ref:0 ;
in:7261 out:7261 type:P dur:2 cpbdur:2 q:34.97 aq:27.34 tex:77691 mv:11919 misc:1406 imb:2116 pmb:217 smb:1987 d:s ref:0 ;
in:7262 out:7262 type:P dur:2 cpbdur:2 q:34.97 aq:27.46 tex:79878 mv:12081 misc:1337 imb:2019 pmb:245 smb:2056 d:s ref:0 ;
in:7263 out:7263 type:P dur:2 cpbdur:2 q:34.97 aq:26.79 tex:82299 mv:12686 misc:1407 imb:1943 pmb:287 smb:2090 d:s ref:0 ;
in:7264 out:7264 type:P dur:2 cpbdur:2 q:34.98 aq:26.09 tex:94225 mv:13477 misc:1386 imb:1905 pmb:356 smb:2059 d:s ref:0 ;
in:7265 out:7265 type:P dur:2 cpbdur:2 q:34.99 aq:26.64 tex:93728 mv:13996 misc:1388 imb:1444 pmb:634 smb:2242 d:s ref:0 ;
in:7266 out:7266 type:P dur:2 cpbdur:2 q:35.01 aq:27.67 tex:38887 mv:9161 misc:2000 imb:439 pmb:995 smb:2886 d:s ref:0 ;
in:7267 out:7267 type:P dur:2 cpbdur:2 q:35.03 aq:29.40 tex:33096 mv:7092 misc:1884 imb:203 pmb:980 smb:3137 d:s ref:0 ;
in:7268 out:7268 type:P dur:2 cpbdur:2 q:35.04 aq:25.50 tex:64070 mv:10375 misc:1611 imb:695 pmb:942 smb:2683 d:s ref:0 ;
in:7269 out:7269 type:P dur:2 cpbdur:2 q:35.07 aq:25.67 tex:52277 mv:9444 misc:1703 imb:561 pmb:1029 smb:2730 d:s ref:0 ;
in:7270 out:7270 type:P dur:2 cpbdur:2 q:35.09 aq:24.02 tex:57336 mv:9067 misc:1709 imb:489 pmb:1119 smb:2712 d:s ref:0 ;
in:7271 out:7271 type:P dur:2 cpbdur:2 q:35.10 aq:24.72 tex:56843 mv:7567 misc:1702 imb:439 pmb:1058 smb:2823 d:s ref:0 ;
in:7272 out:7272 type:P dur:2 cpbdur:2 q:35.12 aq:24.58 tex:49080 mv:6061 misc:2051 imb:335 pmb:1006 smb:2979 d:s ref:0 ;
in:7276 out:7273 type:P dur:2 cpbdur:2 q:35.14 aq:24.18 tex:62058 mv:6820 misc:1890 imb:399 pmb:1044 smb:2877 d:s ref:0 ;
in:7274 out:7274 type:B dur:2 cpbdur:2 q:35.13 aq:22.54 tex:1479 mv:2165 misc:1180 imb:102 pmb:201 smb:4017 d:s ref:0 ;
in:7273 out:7275 type:b dur:2 cpbdur:2 q:35.12 aq:26.87 tex:812 mv:1856 misc:940 imb:58 pmb:164 smb:4098 d:s ref:0 ;
in:7275 out:7276 type:b dur:2 cpbdur:2 q:35.14 aq:25.82 tex:178 mv:1167 misc:863 imb:13 pmb:173 smb:4134 d:- ref:0 ;
in:7280 out:7277 type:P dur:2 cpbdur:2 q:35.17 aq:25.43 tex:37768 mv:4992 misc:2352 imb:288 pmb:855 smb:3177 d:s ref:0 ;
in:7278 out:7278 type:B dur:2 cpbdur:2 q:35.15 aq:26.29 tex:905 mv:1435 misc:1020 imb:20 pmb:201 smb:4099 d:s ref:0 ;
in:7277 out:7279 type:b dur:2 cpbdur:2 q:35.15 aq:33.00 tex:361 mv:1310 misc:1241 imb:8 pmb:282 smb:4030 d:t ref:0 ;
in:7279 out:7280 type:b dur:2 cpbdur:2 q:35.16 aq:36.37 tex:412 mv:342 misc:374 imb:5 pmb:46 smb:4269 d:- ref:0 ;
in:7284 out:7281 type:P dur:2 cpbdur:2 q:35.51 aq:24.71 tex:18983 mv:3147 misc:2414 imb:134 pmb:751 smb:3435 d:s ref:0 ;
in:7282 out:7282 type:B dur:2 cpbdur:2 q:35.34 aq:35.96 tex:429 mv:244 misc:327 imb:1 pmb:17 smb:4302 d:s ref:0 ;
in:7281 out:7283 type:b dur:2 cpbdur:2 q:35.25 aq:36.67 tex:231 mv:164 misc:277 imb:0 pmb:11 smb:4309 d:s ref:0 ;
in:7283 out:7284 type:b dur:2 cpbdur:2 q:35.42 aq:38.13 tex:190 mv:155 misc:279 imb:1 pmb:10 smb:4309 d:- ref:0 ;
in:7288 out:7285 type:P dur:2 cpbdur:2 q:35.80 aq:28.19 tex:5529 mv:781 misc:1298 imb:41 pmb:196 smb:4083 d:s ref:0 ;
in:7286 out:7286 type:B dur:2 cpbdur:2 q:35.65 aq:32.52 tex:242 mv:99 misc:299 imb:1 pmb:13 smb:4306 d:s ref:0 ;
in:7285 out:7287 type:b dur:2 cpbdur:2 q:35.58 aq:37.71 tex:59 mv:153 misc:276 imb:0 pmb:9 smb:4311 d:s ref:0 ;
in:7287 out:7288 type:b dur:2 cpbdur:2 q:35.72 aq:34.00 tex:0 mv:0 misc:256 imb:0 pmb:0 smb:4320 d:- ref:0 ;
in:7292 out:7289 type:P dur:2 cpbdur:2 q:35.97 aq:27.67 tex:1595 mv:236 misc:673 imb:6 pmb:67 smb:4247 d:s ref:0 ;
in:7290 out:7290 type:B dur:2 cpbdur:2 q:35.88 aq:33.00 tex:2 mv:20 misc:282 imb:0 pmb:4 smb:4316 d:s ref:0 ;
in:7289 out:7291 type:b dur:2 cpbdur:2 q:35.84 aq:34.00 tex:0 mv:0 misc:256 imb:0 pmb:0 smb:4320 d:s ref:0 ;
in:7291 out:7292 type:b dur:2 cpbdur:2 q:35.92 aq:35.00 tex:0 mv:0 misc:256 imb:0 pmb:0 smb:4320 d:- ref:0 ;
in:7296 out:7293 type:P dur:2 cpbdur:2 q:36.02 aq:24.31 tex:695 mv:233 misc:512 imb:21 pmb:30 smb:4269 d:s ref:0 ;
in:7294 out:7294 type:B dur:2 cpbdur:2 q:36.00 aq:33.00 tex:0 mv:0 misc:264 imb:0 pmb:0 smb:4320 d:s ref:0 ;
in:7293 out:7295 type:b dur:2 cpbdur:2 q:35.98 aq:35.00 tex:0 mv:0 misc:256 imb:0 pmb:0 smb:4320 d:s ref:0 ;
in:7295 out:7296 type:b dur:2 cpbdur:2 q:36.01 aq:35.00 tex:0 mv:0 misc:256 imb:0 pmb:0 smb:4320 d:- ref:0 ;
in:7300 out:7297 type:P dur:2 cpbdur:2 q:36.00 aq:29.79 tex:1321 mv:228 misc:515 imb:5 pmb:40 smb:4275 d:s ref:0 ;
in:7298 out:7298 type:B dur:2 cpbdur:2 q:36.01 aq:33.00 tex:0 mv:23 misc:281 imb:0 pmb:7 smb:4313 d:s ref:0 ;
in:7297 out:7299 type:b dur:2 cpbdur:2 q:36.02 aq:35.00 tex:0 mv:0 misc:256 imb:0 pmb:0 smb:4320 d:s ref:0 ;
in:7299 out:7300 type:b dur:2 cpbdur:2 q:36.01 aq:35.00 tex:2 mv:68 misc:274 imb:0 pmb:7 smb:4313 d:- ref:0 ;
in:7302 out:7301 type:P dur:2 cpbdur:2 q:35.89 aq:27.31 tex:1474 mv:241 misc:461 imb:5 pmb:32 smb:4283 d:s ref:0 ;
in:7301 out:7302 type:b dur:2 cpbdur:2 q:35.95 aq:38.06 tex:365 mv:209 misc:282 imb:0 pmb:14 smb:4306 d:t ref:0 ;
in:7306 out:7303 type:P dur:2 cpbdur:2 q:35.86 aq:19.68 tex:9142 mv:1315 misc:439 imb:137 pmb:59 smb:4124 d:s ref:0 ;
in:7304 out:7304 type:B dur:2 cpbdur:2 q:35.88 aq:27.06 tex:818 mv:455 misc:383 imb:6 pmb:60 smb:4254 d:s ref:0 ;
in:7303 out:7305 type:b dur:2 cpbdur:2 q:35.88 aq:38.58 tex:355 mv:244 misc:281 imb:0 pmb:14 smb:4306 d:s ref:0 ;
in:7305 out:7306 type:b dur:2 cpbdur:2 q:35.87 aq:28.04 tex:1196 mv:972 misc:392 imb:41 pmb:64 smb:4215 d:- ref:0 ;
in:7310 out:7307 type:P dur:2 cpbdur:2 q:35.81 aq:25.03 tex:3001 mv:268 misc:395 imb:13 pmb:21 smb:4286 d:s ref:0 ;
in:7308 out:7308 type:B dur:2 cpbdur:2 q:35.84 aq:34.65 tex:584 mv:205 misc:291 imb:1 pmb:15 smb:4304 d:s ref:0 ;
in:7307 out:7309 type:b dur:2 cpbdur:2 q:35.85 aq:35.25 tex:484 mv:166 misc:278 imb:1 pmb:13 smb:4306 d:s ref:0 ;
in:7309 out:7310 type:b dur:2 cpbdur:2 q:35.82 aq:35.17 tex:227 mv:157 misc:280 imb:1 pmb:10 smb:4309 d:- ref:0 ;
in:7313 out:7311 type:P dur:2 cpbdur:2 q:35.76 aq:22.16 tex:7987 mv:958 misc:367 imb:91 pmb:54 smb:4175 d:s ref:0 ;
in:7311 out:7312 type:B dur:2 cpbdur:2 q:35.80 aq:34.94 tex:305 mv:304 misc:359 imb:4 pmb:41 smb:4275 d:s ref:0 ;
in:7312 out:7313 type:b dur:2 cpbdur:2 q:35.78 aq:29.52 tex:152 mv:202 misc:342 imb:2 pmb:44 smb:4274 d:- ref:0 ;
in:7317 out:7314 type:P dur:2 cpbdur:2 q:35.74 aq:22.83 tex:1376 mv:222 misc:370 imb:4 pmb:22 smb:4294 d:s ref:0 ;
in:7315 out:7315 type:B dur:2 cpbdur:2 q:35.75 aq:36.07 tex:340 mv:167 misc:285 imb:0 pmb:15 smb:4305 d:s ref:0 ;
in:7314 out:7316 type:b dur:2 cpbdur:2 q:35.75 aq:36.85 tex:149 mv:77 misc:286 imb:0 pmb:12 smb:4308 d:t ref:0 ;
in:7316 out:7317 type:b dur:2 cpbdur:2 q:35.74 aq:37.69 tex:198 mv:87 misc:283 imb:0 pmb:10 smb:4310 d:- ref:0 ;
in:7321 out:7318 type:P dur:2 cpbdur:2 q:35.69 aq:22.83 tex:1337 mv:154 misc:341 imb:5 pmb:16 smb:4299 d:s ref:0 ;
in:7319 out:7319 type:B dur:2 cpbdur:2 q:35.71 aq:35.33 tex:168 mv:100 misc:284 imb:0 pmb:8 smb:4312 d:s ref:0 ;
in:7318 out:7320 type:b dur:2 cpbdur:2 q:35.73 aq:37.32 tex:99 mv:96 misc:269 imb:0 pmb:7 smb:4313 d:s ref:0 ;
in:7320 out:7321 type:b dur:2 cpbdur:2 q:35.70 aq:37.50 tex:59 mv:5 misc:264 imb:0 pmb:1 smb:4319 d:- ref:0 ;
in:7325 out:7322 type:P dur:2 cpbdur:2 q:35.65 aq:23.10 tex:566 mv:66 misc:336 imb:0 pmb:16 smb:4304 d:s ref:0 ;
in:7323 out:7323 type:B dur:2 cpbdur:2 q:35.67 aq:32.00 tex:1 mv:5 misc:266 imb:0 pmb:1 smb:4319 d:s ref:0 ;
in:7322 out:7324 type:b dur:2 cpbdur:2 q:35.68 aq:34.00 tex:0 mv:0 misc:256 imb:0 pmb:0 smb:4320 d:s ref:0 ;
in:7324 out:7325 type:b dur:2 cpbdur:2 q:35.66 aq:34.00 tex:0 mv:0 misc:256 imb:0 pmb:0 smb:4320 d:- ref:0 ;
in:7329 out:7326 type:P dur:2 cpbdur:2 q:35.62 aq:26.05 tex:71 mv:6 misc:291 imb:0 pmb:3 smb:4317 d:s ref:0 ;
in:7327 out:7327 type:B dur:2 cpbdur:2 q:35.64 aq:32.00 tex:0 mv:0 misc:264 imb:0 pmb:0 smb:4320 d:s ref:0 ;
in:7326 out:7328 type:b dur:2 cpbdur:2 q:35.65 aq:34.00 tex:0 mv:0 misc:256 imb:0 pmb:0 smb:4320 d:s ref:0 ;
in:7328 out:7329 type:b dur:2 cpbdur:2 q:35.63 aq:34.00 tex:0 mv:0 misc:256 imb:0 pmb:0 smb:4320 d:- ref:0 ;
in:7333 out:7330 type:P dur:2 cpbdur:2 q:35.58 aq:24.61 tex:1201 mv:235 misc:316 imb:4 pmb:14 smb:4302 d:s ref:0 ;
in:7331 out:7331 type:B dur:2 cpbdur:2 q:35.60 aq:36.24 tex:417 mv:198 misc:289 imb:0 pmb:14 smb:4306 d:s ref:0 ;
in:7330 out:7332 type:b dur:2 cpbdur:2 q:35.61 aq:37.67 tex:219 mv:145 misc:276 imb:0 pmb:11 smb:4309 d:t ref:0 ;
in:7332 out:7333 type:b dur:2 cpbdur:2 q:35.59 aq:37.32 tex:313 mv:150 misc:273 imb:0 pmb:9 smb:4311 d:- ref:0 ;
in:7335 out:7334 type:P dur:2 cpbdur:2 q:35.55 aq:23.19 tex:5410 mv:1005 misc:377 imb:93 pmb:51 smb:4176 d:s ref:0 ;
in:7334 out:7335 type:b dur:2 cpbdur:2 q:35.57 aq:36.04 tex:337 mv:302 misc:345 imb:4 pmb:40 smb:4276 d:s ref:0 ;
in:7336 out:7336 type:P dur:2 cpbdur:2 q:35.53 aq:26.55 tex:1091 mv:186 misc:315 imb:3 pmb:16 smb:4301 d:s ref:0 ;
in:7339 out:7337 type:P dur:2 cpbdur:2 q:35.53 aq:23.87 tex:6367 mv:1194 misc:359 imb:83 pmb:73 smb:4164 d:s ref:0 ;
in:7337 out:7338 type:B dur:2 cpbdur:2 q:35.53 aq:30.46 tex:543 mv:348 misc:373 imb:7 pmb:46 smb:4267 d:s ref:0 ;
in:7338 out:7339 type:b dur:2 cpbdur:2 q:35.53 aq:36.55 tex:327 mv:154 misc:279 imb:0 pmb:14 smb:4306 d:- ref:0 ;
in:7341 out:7340 type:P dur:2 cpbdur:2 q:35.50 aq:23.76 tex:800 mv:192 misc:360 imb:6 pmb:17 smb:4297 d:s ref:0 ;
in:7340 out:7341 type:b dur:2 cpbdur:2 q:35.51 aq:34.91 tex:101 mv:124 misc:279 imb:0 pmb:13 smb:4307 d:t ref:0 ;
in:7345 out:7342 type:P dur:2 cpbdur:2 q:35.47 aq:29.47 tex:3729 mv:919 misc:360 imb:98 pmb:61 smb:4161 d:s ref:0 ;
in:7343 out:7343 type:B dur:2 cpbdur:2 q:35.49 aq:31.98 tex:81 mv:217 misc:398 imb:2 pmb:47 smb:4271 d:s ref:0 ;
in:7342 out:7344 type:b dur:2 cpbdur:2 q:35.50 aq:35.25 tex:77 mv:61 misc:278 imb:0 pmb:9 smb:4311 d:s ref:0 ;
in:7344 out:7345 type:b dur:2 cpbdur:2 q:35.48 aq:28.11 tex:97 mv:184 misc:367 imb:4 pmb:39 smb:4277 d:- ref:0 ;
in:7348 out:7346 type:P dur:2 cpbdur:2 q:35.43 aq:26.09 tex:56665 mv:12995 misc:1484 imb:2184 pmb:338 smb:1798 d:s ref:0 ;
in:7346 out:7347 type:B dur:2 cpbdur:2 q:35.46 aq:32.66 tex:6885 mv:10864 misc:2755 imb:212 pmb:953 smb:3155 d:s ref:0 ;
in:7347 out:7348 type:b dur:2 cpbdur:2 q:35.44 aq:32.29 tex:10057 mv:13330 misc:2781 imb:346 pmb:996 smb:2978 d:- ref:0 ;
in:7349 out:7349 type:P dur:2 cpbdur:2 q:35.46 aq:26.02 tex:23189 mv:12303 misc:2148 imb:774 pmb:796 smb:2750 d:s ref:0 ;
in:7350 out:7350 type:P dur:2 cpbdur:2 q:35.46 aq:27.28 tex:26949 mv:12102 misc:2077 imb:756 pmb:797 smb:2767 d:s ref:0 ;
in:7351 out:7351 type:P dur:2 cpbdur:2 q:35.47 aq:28.47 tex:34961 mv:13765 misc:2050 imb:1030 pmb:815 smb:2475 d:s ref:0 ;
in:7352 out:7352 type:P dur:2 cpbdur:2 q:35.48 aq:28.91 tex:40839 mv:15292 misc:2037 imb:1039 pmb:948 smb:2333 d:s ref:0 ;
in:7353 out:7353 type:P dur:2 cpbdur:2 q:35.50 aq:28.27 tex:34410 mv:15700 misc:2010 imb:905 pmb:1108 smb:2307 d:s ref:0 ;
in:7354 out:7354 type:P dur:2 cpbdur:2 q:35.52 aq:26.38 tex:30984 mv:14589 misc:2227 imb:897 pmb:1204 smb:2219 d:s ref:0 ;
in:7355 out:7355 type:P dur:2 cpbdur:2 q:35.54 aq:28.47 tex:32120 mv:12588 misc:2068 imb:565 pmb:1115 smb:2640 d:s ref:0 ;
in:7356 out:7356 type:P dur:2 cpbdur:2 q:35.55 aq:27.47 tex:39166 mv:13416 misc:1858 imb:763 pmb:1131 smb:2426 d:s ref:0 ;
in:7357 out:7357 type:P dur:2 cpbdur:2 q:35.56 aq:26.34 tex:46529 mv:13157 misc:1874 imb:1050 pmb:1110 smb:2160 d:s ref:0 ;
in:7358 out:7358 type:P dur:2 cpbdur:2 q:35.58 aq:26.05 tex:57034 mv:13534 misc:1936 imb:1092 pmb:1123 smb:2105 d:s ref:0 ;
in:7359 out:7359 type:P dur:2 cpbdur:2 q:35.60 aq:24.38 tex:62855 mv:12895 misc:1978 imb:1011 pmb:1071 smb:2238 d:s ref:0 ;
in:7360 out:7360 type:P dur:2 cpbdur:2 q:35.61 aq:25.78 tex:71894 mv:12754 misc:2104 imb:873 pmb:1211 smb:2236 d:s ref:0 ;
in:7364 out:7361 type:P dur:2 cpbdur:2 q:35.63 aq:23.70 tex:141184 mv:15931 misc:1861 imb:1201 pmb:1144 smb:1975 d:s ref:0 ;
in:7362 out:7362 type:B dur:2 cpbdur:2 q:35.62 aq:33.66 tex:8476 mv:11581 misc:2703 imb:308 pmb:839 smb:3173 d:s ref:0 ;
in:7361 out:7363 type:b dur:2 cpbdur:2 q:35.62 aq:33.93 tex:4358 mv:8837 misc:2285 imb:272 pmb:668 smb:3380 d:s ref:0 ;
in:7363 out:7364 type:b dur:2 cpbdur:2 q:35.63 aq:33.83 tex:2734 mv:6479 misc:2011 imb:107 pmb:569 smb:3644 d:- ref:0 ;
in:7368 out:7365 type:P dur:2 cpbdur:2 q:35.74 aq:26.24 tex:118303 mv:11223 misc:2346 imb:720 pmb:1194 smb:2406 d:s ref:0 ;
in:7366 out:7366 type:B dur:2 cpbdur:2 q:35.68 aq:36.32 tex:6998 mv:5864 misc:1962 imb:90 pmb:626 smb:3604 d:s ref:0 ;
in:7365 out:7367 type:b dur:2 cpbdur:2 q:35.66 aq:37.85 tex:3881 mv:4382 misc:1729 imb:62 pmb:420 smb:3838 d:s ref:0 ;
in:7367 out:7368 type:b dur:2 cpbdur:2 q:35.71 aq:38.38 tex:2359 mv:1946 misc:1071 imb:45 pmb:207 smb:4068 d:- ref:0 ;
in:7372 out:7369 type:P dur:2 cpbdur:2 q:35.90 aq:26.18 tex:97728 mv:8559 misc:2665 imb:539 pmb:1247 smb:2534 d:s ref:0 ;
in:7370 out:7370 type:B dur:2 cpbdur:2 q:35.82 aq:29.39 tex:1535 mv:978 misc:831 imb:3 pmb:132 smb:4185 d:s ref:0 ;
in:7369 out:7371 type:b dur:2 cpbdur:2 q:35.78 aq:36.72 tex:1539 mv:1043 misc:754 imb:63 pmb:81 smb:4176 d:s ref:0 ;
in:7371 out:7372 type:b dur:2 cpbdur:2 q:35.86 aq:30.03 tex:74 mv:50 misc:292 imb:0 pmb:6 smb:4314 d:- ref:0 ;
in:7376 out:7373 type:P dur:2 cpbdur:2 q:36.07 aq:27.71 tex:8141 mv:1187 misc:1832 imb:98 pmb:274 smb:3948 d:s ref:0 ;
in:7374 out:7374 type:B dur:2 cpbdur:2 q:35.99 aq:28.66 tex:62 mv:30 misc:292 imb:0 pmb:5 smb:4315 d:s ref:0 ;
in:7373 out:7375 type:b dur:2 cpbdur:2 q:35.94 aq:30.31 tex:57 mv:34 misc:277 imb:0 pmb:3 smb:4317 d:s ref:0 ;
in:7375 out:7376 type:b dur:2 cpbdur:2 q:36.03 aq:34.00 tex:0 mv:0 misc:256 imb:0 pmb:0 smb:4320 d:- ref:0 ;
in:7380 out:7377 type:P dur:2 cpbdur:2 q:36.24 aq:27.66 tex:6104 mv:676 misc:1220 imb:47 pmb:157 smb:4116 d:s ref:0 ;
in:7378 out:7378 type:B dur:2 cpbdur:2 q:36.16 aq:35.40 tex:48 mv:38 misc:298 imb:0 pmb:11 smb:4309 d:s ref:0 ;
in:7377 out:7379 type:b dur:2 cpbdur:2 q:36.11 aq:34.00 tex:0 mv:0 misc:256 imb:0 pmb:0 smb:4320 d:s ref:0 ;
in:7379 out:7380 type:b dur:2 cpbdur:2 q:36.20 aq:37.34 tex:415 mv:52 misc:285 imb:1 pmb:12 smb:4307 d:- ref:0 ;
in:7384 out:7381 type:P dur:2 cpbdur:2 q:36.42 aq:27.19 tex:6033 mv:417 misc:646 imb:20 pmb:69 smb:4231 d:s ref:0 ;
in:7382 out:7382 type:B dur:2 cpbdur:2 q:36.33 aq:29.54 tex:463 mv:118 misc:331 imb:6 pmb:20 smb:4294 d:s ref:0 ;
in:7381 out:7383 type:b dur:2 cpbdur:2 q:36.28 aq:34.15 tex:392 mv:93 misc:347 imb:2 pmb:33 smb:4285 d:s ref:0 ;
in:7383 out:7384 type:b dur:2 cpbdur:2 q:36.37 aq:32.91 tex:111 mv:37 misc:276 imb:1 pmb:8 smb:4311 d:- ref:0 ;
in:7388 out:7385 type:P dur:2 cpbdur:2 q:36.46 aq:25.86 tex:1465 mv:170 misc:597 imb:10 pmb:46 smb:4264 d:s ref:0 ;
in:7386 out:7386 type:B dur:2 cpbdur:2 q:36.44 aq:32.00 tex:0 mv:0 misc:264 imb:0 pmb:0 smb:4320 d:s ref:0 ;
in:7385 out:7387 type:b dur:2 cpbdur:2 q:36.43 aq:34.00 tex:0 mv:0 misc:256 imb:0 pmb:0 smb:4320 d:s ref:0 ;
in:7387 out:7388 type:b dur:2 cpbdur:2 q:36.45 aq:34.00 tex:0 mv:0 misc:256 imb:0 pmb:0 smb:4320 d:- ref:0 ;
in:7392 out:7389 type:P dur:2 cpbdur:2 q:36.44 aq:24.00 tex:59 mv:13 misc:312 imb:0 pmb:4 smb:4316 d:s ref:0 ;
in:7390 out:7390 type:B dur:2 cpbdur:2 q:36.45 aq:32.00 tex:0 mv:0 misc:264 imb:0 pmb:0 smb:4320 d:s ref:0 ;
in:7389 out:7391 type:b dur:2 cpbdur:2 q:36.46 aq:34.00 tex:0 mv:0 misc:256 imb:0 pmb:0 smb:4320 d:s ref:0 ;
in:7391 out:7392 type:b dur:2 cpbdur:2 q:36.45 aq:34.00 tex:0 mv:0 misc:256 imb:0 pmb:0 smb:4320 d:- ref:0 ;
in:7396 out:7393 type:P dur:2 cpbdur:2 q:36.38 aq:25.00 tex:894 mv:64 misc:490 imb:0 pmb:34 smb:4286 d:s ref:0 ;
in:7394 out:7394 type:B dur:2 cpbdur:2 q:36.41 aq:32.00 tex:0 mv:0 misc:264 imb:0 pmb:0 smb:4320 d:s ref:0 ;
in:7393 out:7395 type:b dur:2 cpbdur:2 q:36.43 aq:34.00 tex:0 mv:0 misc:256 imb:0 pmb:0 smb:4320 d:s ref:0 ;
in:7395 out:7396 type:b dur:2 cpbdur:2 q:36.40 aq:34.00 tex:0 mv:0 misc:256 imb:0 pmb:0 smb:4320 d:- ref:0 ;
in:7400 out:7397 type:P dur:2 cpbdur:2 q:36.33 aq:29.27 tex:772 mv:64 misc:348 imb:2 pmb:14 smb:4304 d:s ref:0 ;
in:7398 out:7398 type:B dur:2 cpbdur:2 q:36.36 aq:35.83 tex:463 mv:78 misc:299 imb:3 pmb:10 smb:4307 d:s ref:0 ;
in:7397 out:7399 type:b dur:2 cpbdur:2 q:36.37 aq:32.63 tex:11 mv:29 misc:272 imb:1 pmb:6 smb:4313 d:s ref:0 ;
in:7399 out:7400 type:b dur:2 cpbdur:2 q:36.35 aq:38.84 tex:380 mv:71 misc:285 imb:2 pmb:14 smb:4304 d:- ref:0 ;
in:7404 out:7401 type:P dur:2 cpbdur:2 q:36.30 aq:25.44 tex:1731 mv:93 misc:336 imb:5 pmb:11 smb:4304 d:s ref:0 ;
in:7402 out:7402 type:B dur:2 cpbdur:2 q:36.32 aq:37.65 tex:470 mv:64 misc:290 imb:1 pmb:14 smb:4305 d:s ref:0 ;
in:7401 out:7403 type:b dur:2 cpbdur:2 q:36.32 aq:39.13 tex:427 mv:43 misc:274 imb:1 pmb:9 smb:4310 d:s ref:0 ;
in:7403 out:7404 type:b dur:2 cpbdur:2 q:36.31 aq:37.04 tex:156 mv:112 misc:276 imb:0 pmb:9 smb:4311 d:- ref:0 ;
in:7408 out:7405 type:P dur:2 cpbdur:2 q:36.25 aq:30.11 tex:2494 mv:225 misc:337 imb:9 pmb:27 smb:4284 d:s ref:0 ;
in:7406 out:7406 type:B dur:2 cpbdur:2 q:36.28 aq:28.38 tex:625 mv:122 misc:317 imb:1 pmb:26 smb:4293 d:s ref:0 ;
in:7405 out:7407 type:b dur:2 cpbdur:2 q:36.29 aq:36.67 tex:125 mv:137 misc:306 imb:0 pmb:21 smb:4299 d:s ref:0 ;
in:7407 out:7408 type:b dur:2 cpbdur:2 q:36.26 aq:38.13 tex:243 mv:97 misc:276 imb:1 pmb:8 smb:4311 d:- ref:0 ;
in:7412 out:7409 type:P dur:2 cpbdur:2 q:36.20 aq:31.96 tex:6790 mv:496 misc:394 imb:24 pmb:33 smb:4263 d:s ref:0 ;
in:7410 out:7410 type:B dur:2 cpbdur:2 q:36.23 aq:33.33 tex:567 mv:152 misc:321 imb:4 pmb:24 smb:4292 d:s ref:0 ;
in:7409 out:7411 type:b dur:2 cpbdur:2 q:36.24 aq:34.60 tex:421 mv:189 misc:310 imb:6 pmb:16 smb:4298 d:s ref:0 ;
in:7411 out:7412 type:b dur:2 cpbdur:2 q:36.21 aq:36.87 tex:45 mv:91 misc:272 imb:0 pmb:7 smb:4313 d:- ref:0 ;
in:7416 out:7413 type:P dur:2 cpbdur:2 q:36.15 aq:31.39 tex:852 mv:52 misc:288 imb:3 pmb:5 smb:4312 d:s ref:0 ;
in:7414 out:7414 type:B dur:2 cpbdur:2 q:36.18 aq:36.29 tex:302 mv:87 misc:275 imb:0 pmb:6 smb:4314 d:s ref:0 ;
in:7413 out:7415 type:b dur:2 cpbdur:2 q:36.19 aq:37.39 tex:162 mv:93 misc:265 imb:0 pmb:4 smb:4316 d:s ref:0 ;
in:7415 out:7416 type:b dur:2 cpbdur:2 q:36.17 aq:37.71 tex:114 mv:99 misc:275 imb:0 pmb:6 smb:4314 d:- ref:0 ;
in:7420 out:7417 type:P dur:2 cpbdur:2 q:36.12 aq:28.51 tex:6142 mv:396 misc:310 imb:26 pmb:19 smb:4275 d:s ref:0 ;
in:7418 out:7418 type:B dur:2 cpbdur:2 q:36.14 aq:35.22 tex:329 mv:243 misc:316 imb:4 pmb:26 smb:4290 d:s ref:0 ;
in:7417 out:7419 type:b dur:2 cpbdur:2 q:36.14 aq:35.82 tex:198 mv:155 misc:295 imb:1 pmb:18 smb:4301 d:s ref:0 ;
in:7419 out:7420 type:b dur:2 cpbdur:2 q:36.13 aq:37.64 tex:233 mv:131 misc:292 imb:1 pmb:16 smb:4303 d:- ref:0 ;
in:7424 out:7421 type:P dur:2 cpbdur:2 q:36.09 aq:28.78 tex:742 mv:113 misc:297 imb:3 pmb:4 smb:4313 d:s ref:0 ;
in:7422 out:7422 type:B dur:2 cpbdur:2 q:36.11 aq:35.09 tex:190 mv:107 misc:279 imb:0 pmb:5 smb:4315 d:s ref:0 ;
in:7421 out:7423 type:b dur:2 cpbdur:2 q:36.11 aq:37.53 tex:74 mv:91 misc:267 imb:0 pmb:5 smb:4315 d:s ref:0 ;
in:7423 out:7424 type:b dur:2 cpbdur:2 q:36.10 aq:34.00 tex:2 mv:44 misc:266 imb:0 pmb:3 smb:4317 d:- ref:0 ;
in:7428 out:7425 type:P dur:2 cpbdur:2 q:36.06 aq:28.39 tex:522 mv:89 misc:317 imb:3 pmb:9 smb:4308 d:s ref:0 ;
in:7426 out:7426 type:B dur:2 cpbdur:2 q:36.08 aq:32.82 tex:81 mv:28 misc:275 imb:0 pmb:5 smb:4315 d:s ref:0 ;
in:7425 out:7427 type:b dur:2 cpbdur:2 q:36.09 aq:36.65 tex:32 mv:41 misc:263 imb:0 pmb:5 smb:4315 d:s ref:0 ;
in:7427 out:7428 type:b dur:2 cpbdur:2 q:36.07 aq:34.00 tex:0 mv:25 misc:263 imb:0 pmb:2 smb:4318 d:- ref:0 ;
in:7432 out:7429 type:P dur:2 cpbdur:2 q:36.03 aq:24.53 tex:4192 mv:393 misc:303 imb:23 pmb:24 smb:4273 d:s ref:0 ;
in:7430 out:7430 type:B dur:2 cpbdur:2 q:36.05 aq:28.94 tex:106 mv:106 misc:324 imb:1 pmb:24 smb:4295 d:s ref:0 ;
in:7429 out:7431 type:b dur:2 cpbdur:2 q:36.05 aq:37.09 tex:42 mv:48 misc:262 imb:0 pmb:3 smb:4317 d:s ref:0 ;
in:7431 out:7432 type:b dur:2 cpbdur:2 q:36.04 aq:34.95 tex:90 mv:144 misc:310 imb:5 pmb:25 smb:4290 d:- ref:0 ;
in:7436 out:7433 type:P dur:2 cpbdur:2 q:36.00 aq:27.97 tex:724 mv:86 misc:302 imb:3 pmb:9 smb:4308 d:s ref:0 ;
in:7434 out:7434 type:B dur:2 cpbdur:2 q:36.02 aq:34.41 tex:126 mv:78 misc:276 imb:0 pmb:4 smb:4316 d:s ref:0 ;
in:7433 out:7435 type:b dur:2 cpbdur:2 q:36.03 aq:36.64 tex:30 mv:77 misc:269 imb:0 pmb:4 smb:4316 d:t ref:0 ;
in:7435 out:7436 type:b dur:2 cpbdur:2 q:36.01 aq:37.53 tex:43 mv:58 misc:267 imb:0 pmb:3 smb:4317 d:- ref:0 ;
in:7440 out:7437 type:P dur:2 cpbdur:2 q:35.97 aq:30.92 tex:664 mv:70 misc:290 imb:1 pmb:6 smb:4313 d:s ref:0 ;
in:7438 out:7438 type:B dur:2 cpbdur:2 q:35.98 aq:35.83 tex:193 mv:37 misc:274 imb:0 pmb:4 smb:4316 d:s ref:0 ;
in:7437 out:7439 type:b dur:2 cpbdur:2 q:35.99 aq:36.87 tex:111 mv:47 misc:266 imb:0 pmb:3 smb:4317 d:s ref:0 ;
in:7439 out:7440 type:b dur:2 cpbdur:2 q:35.98 aq:37.82 tex:56 mv:64 misc:264 imb:0 pmb:3 smb:4317 d:- ref:0 ;
in:7444 out:7441 type:P dur:2 cpbdur:2 q:35.94 aq:29.04 tex:4359 mv:367 misc:306 imb:21 pmb:23 smb:4276 d:s ref:0 ;
in:7442 out:7442 type:B dur:2 cpbdur:2 q:35.95 aq:32.73 tex:274 mv:160 misc:318 imb:4 pmb:19 smb:4297 d:s ref:0 ;
in:7441 out:7443 type:b dur:2 cpbdur:2 q:35.96 aq:36.21 tex:129 mv:112 misc:319 imb:1 pmb:21 smb:4298 d:s ref:0 ;
in:7443 out:7444 type:b dur:2 cpbdur:2 q:35.95 aq:36.87 tex:94 mv:61 misc:269 imb:0 pmb:4 smb:4316 d:- ref:0 ;
in:7448 out:7445 type:P dur:2 cpbdur:2 q:35.90 aq:34.78 tex:4859 mv:2855 misc:1734 imb:210 pmb:326 smb:3784 d:s ref:0 ;
in:7446 out:7446 type:B dur:2 cpbdur:2 q:35.92 aq:33.14 tex:357 mv:555 misc:1168 imb:19 pmb:258 smb:4043 d:s ref:0 ;
in:7445 out:7447 type:b dur:2 cpbdur:2 q:35.93 aq:36.87 tex:56 mv:27 misc:261 imb:0 pmb:3 smb:4317 d:s ref:0 ;
in:7447 out:7448 type:b dur:2 cpbdur:2 q:35.91 aq:27.55 tex:97 mv:880 misc:1023 imb:4 pmb:215 smb:4101 d:- ref:0 ;
in:7449 out:7449 type:P dur:2 cpbdur:2 q:35.88 aq:29.69 tex:45953 mv:13959 misc:1952 imb:2196 pmb:549 smb:1575 d:s ref:0 ;
in:7450 out:7450 type:I dur:2 cpbdur:2 q:33.12 aq:23.84 tex:75067 mv:36126 misc:543 imb:4320 pmb:0 smb:0 d:s ref:;
in:7451 out:7451 type:P dur:2 cpbdur:2 q:35.97 aq:27.28 tex:23410 mv:14823 misc:2383 imb:1424 pmb:840 smb:2056 d:s ref:0 ;
in:7452 out:7452 type:P dur:2 cpbdur:2 q:35.98 aq:27.39 tex:22747 mv:14637 misc:2240 imb:1416 pmb:835 smb:2069 d:s ref:0 ;
in:7453 out:7453 type:P dur:2 cpbdur:2 q:35.98 aq:27.05 tex:31219 mv:14527 misc:2014 imb:1672 pmb:771 smb:1877 d:s ref:0 ;
in:7454 out:7454 type:P dur:2 cpbdur:2 q:35.99 aq:28.36 tex:28547 mv:14855 misc:1982 imb:1296 pmb:911 smb:2113 d:s ref:0 ;
in:7455 out:7455 type:P dur:2 cpbdur:2 q:36.00 aq:28.21 tex:36450 mv:14975 misc:1943 imb:1139 pmb:974 smb:2207 d:s ref:0 ;
in:7456 out:7456 type:P dur:2 cpbdur:2 q:36.01 aq:27.34 tex:35066 mv:15471 misc:1911 imb:1302 pmb:1114 smb:1904 d:s ref:0 ;
in:7457 out:7457 type:P dur:2 cpbdur:2 q:36.01 aq:29.14 tex:35240 mv:13795 misc:2165 imb:826 pmb:1175 smb:2319 d:s ref:0 ;
in:7458 out:7458 type:P dur:2 cpbdur:2 q:36.02 aq:28.22 tex:36212 mv:13471 misc:2229 imb:995 pmb:1174 smb:2151 d:s ref:0 ;
in:7459 out:7459 type:P dur:2 cpbdur:2 q:36.03 aq:27.48 tex:36413 mv:12492 misc:2247 imb:901 pmb:1198 smb:2221 d:s ref:0 ;
in:7460 out:7460 type:P dur:2 cpbdur:2 q:36.04 aq:27.37 tex:37045 mv:11901 misc:2222 imb:779 pmb:1192 smb:2349 d:s ref:0 ;
in:7463 out:7461 type:P dur:2 cpbdur:2 q:36.05 aq:28.65 tex:48824 mv:12699 misc:2157 imb:765 pmb:1189 smb:2366 d:s ref:0 ;
in:7461 out:7462 type:B dur:2 cpbdur:2 q:36.05 aq:31.43 tex:2704 mv:6336 misc:2288 imb:100 pmb:592 smb:3628 d:s ref:0 ;
in:7462 out:7463 type:b dur:2 cpbdur:2 q:36.05 aq:29.00 tex:1785 mv:4069 misc:1962 imb:60 pmb:453 smb:3807 d:- ref:0 ;
in:7467 out:7464 type:P dur:2 cpbdur:2 q:36.07 aq:30.72 tex:13974 mv:7604 misc:2670 imb:384 pmb:798 smb:3138 d:s ref:0 ;
in:7465 out:7465 type:B dur:2 cpbdur:2 q:36.06 aq:33.60 tex:3465 mv:5337 misc:2206 imb:96 pmb:578 smb:3646 d:s ref:0 ;
in:7464 out:7466 type:b dur:2 cpbdur:2 q:36.06 aq:31.06 tex:1611 mv:3535 misc:1718 imb:84 pmb:382 smb:3854 d:s ref:0 ;
in:7466 out:7467 type:b dur:2 cpbdur:2 q:36.07 aq:32.53 tex:1527 mv:2115 misc:1214 imb:21 pmb:247 smb:4052 d:- ref:0 ;
in:7469 out:7468 type:P dur:2 cpbdur:2 q:36.12 aq:31.36 tex:3030 mv:3657 misc:2169 imb:188 pmb:400 smb:3732 d:s ref:0 ;
in:7468 out:7469 type:b dur:2 cpbdur:2 q:36.09 aq:37.95 tex:737 mv:863 misc:672 imb:15 pmb:96 smb:4209 d:t ref:0 ;
in:7470 out:7470 type:P dur:2 cpbdur:2 q:36.16 aq:33.38 tex:19006 mv:5475 misc:2079 imb:544 pmb:527 smb:3249 d:s ref:0 ;
in:7471 out:7471 type:i dur:2 cpbdur:2 q:33.13 aq:23.30 tex:64033 mv:35921 misc:198 imb:4320 pmb:0 smb:0 d:s ref:;
in:7472 out:7472 type:P dur:2 cpbdur:2 q:36.29 aq:32.54 tex:16116 mv:9381 misc:2287 imb:510 pmb:735 smb:3075 d:s ref:0 ;
in:7474 out:7473 type:P dur:2 cpbdur:2 q:36.35 aq:26.68 tex:7005 mv:4702 misc:2013 imb:460 pmb:390 smb:3470 d:s ref:0 ;
in:7473 out:7474 type:b dur:2 cpbdur:2 q:36.32 aq:31.16 tex:1957 mv:2671 misc:1356 imb:83 pmb:303 smb:3934 d:s ref:0 ;
in:7475 out:7475 type:P dur:2 cpbdur:2 q:36.43 aq:24.54 tex:3680 mv:4184 misc:1656 imb:328 pmb:336 smb:3656 d:s ref:0 ;
in:7476 out:7476 type:P dur:2 cpbdur:2 q:36.48 aq:29.39 tex:7524 mv:6486 misc:1894 imb:355 pmb:526 smb:3439 d:s ref:0 ;
in:7477 out:7477 type:P dur:2 cpbdur:2 q:36.52 aq:29.24 tex:12762 mv:7595 misc:1947 imb:377 pmb:664 smb:3279 d:s ref:0 ;
in:7478 out:7478 type:P dur:2 cpbdur:2 q:36.58 aq:28.29 tex:21774 mv:9290 misc:1880 imb:565 pmb:771 smb:2984 d:s ref:0 ;
in:7479 out:7479 type:P dur:2 cpbdur:2 q:36.63 aq:27.87 tex:32839 mv:11334 misc:1755 imb:703 pmb:909 smb:2708 d:s ref:0 ;
in:7480 out:7480 type:P dur:2 cpbdur:2 q:36.66 aq:29.44 tex:35948 mv:10176 misc:1644 imb:526 pmb:931 smb:2863 d:s ref:0 ;
in:7481 out:7481 type:P dur:2 cpbdur:2 q:36.69 aq:26.69 tex:40815 mv:9652 misc:1757 imb:681 pmb:1002 smb:2637 d:s ref:0 ;
in:7482 out:7482 type:P dur:2 cpbdur:2 q:36.73 aq:28.25 tex:41531 mv:8268 misc:1641 imb:400 pmb:1010 smb:2910 d:s ref:0 ;
in:7483 out:7483 type:P dur:2 cpbdur:2 q:36.75 aq:28.10 tex:45963 mv:8731 misc:1626 imb:532 pmb:1078 smb:2710 d:s ref:0 ;
in:7484 out:7484 type:P dur:2 cpbdur:2 q:36.77 aq:26.38 tex:47457 mv:7824 misc:1919 imb:418 pmb:1033 smb:2869 d:s ref:0 ;
in:7485 out:7485 type:P dur:2 cpbdur:2 q:36.79 aq:26.94 tex:42764 mv:7824 misc:1892 imb:588 pmb:1053 smb:2679 d:s ref:0 ;
in:7489 out:7486 type:P dur:2 cpbdur:2 q:36.80 aq:27.45 tex:62958 mv:7825 misc:1849 imb:518 pmb:1059 smb:2743 d:s ref:0 ;
in:7487 out:7487 type:B dur:2 cpbdur:2 q:36.79 aq:25.30 tex:792 mv:2159 misc:1481 imb:67 pmb:328 smb:3925 d:s ref:0 ;
in:7486 out:7488 type:b dur:2 cpbdur:2 q:36.79 aq:27.71 tex:189 mv:1267 misc:768 imb:7 pmb:147 smb:4166 d:s ref:0 ;
in:7488 out:7489 type:b dur:2 cpbdur:2 q:36.80 aq:29.53 tex:190 mv:984 misc:730 imb:13 pmb:108 smb:4199 d:- ref:0 ;
in:7493 out:7490 type:P dur:2 cpbdur:2 q:36.82 aq:28.42 tex:22703 mv:4087 misc:2298 imb:173 pmb:819 smb:3328 d:s ref:0 ;
in:7491 out:7491 type:B dur:2 cpbdur:2 q:36.81 aq:28.97 tex:303 mv:755 misc:662 imb:15 pmb:93 smb:4212 d:s ref:0 ;
in:7490 out:7492 type:b dur:2 cpbdur:2 q:36.80 aq:30.61 tex:191 mv:549 misc:492 imb:5 pmb:52 smb:4263 d:s ref:0 ;
in:7492 out:7493 type:b dur:2 cpbdur:2 q:36.82 aq:24.00 tex:82 mv:208 misc:294 imb:3 pmb:11 smb:4306 d:- ref:0 ;
in:7496 out:7494 type:P dur:2 cpbdur:2 q:36.79 aq:29.63 tex:11250 mv:2544 misc:2238 imb:59 pmb:646 smb:3615 d:s ref:0 ;
in:7494 out:7495 type:B dur:2 cpbdur:2 q:36.81 aq:25.61 tex:194 mv:171 misc:323 imb:4 pmb:16 smb:4300 d:s ref:0 ;
in:7495 out:7496 type:b dur:2 cpbdur:2 q:36.80 aq:31.20 tex:74 mv:203 misc:299 imb:1 pmb:14 smb:4305 d:- ref:0 ;
in:7497 out:7497 type:P dur:2 cpbdur:2 q:36.78 aq:29.30 tex:4302 mv:864 misc:1450 imb:18 pmb:231 smb:4071 d:s ref:0 ;
in:7498 out:7498 type:P dur:2 cpbdur:2 q:36.79 aq:31.01 tex:3240 mv:698 misc:1118 imb:36 pmb:140 smb:4144 d:s ref:0 ;
in:7499 out:7499 type:P dur:2 cpbdur:2 q:36.80 aq:24.06 tex:1284 mv:432 misc:532 imb:19 pmb:40 smb:4261 d:s ref:0 ;
in:7501 out:7500 type:P dur:2 cpbdur:2 q:36.82 aq:27.57 tex:3840 mv:656 misc:928 imb:33 pmb:97 smb:4190 d:s ref:0 ;
in:7500 out:7501 type:b dur:2 cpbdur:2 q:36.81 aq:31.27 tex:435 mv:199 misc:294 imb:2 pmb:22 smb:4296 d:s ref:0 ;
in:7502 out:7502 type:P dur:2 cpbdur:2 q:36.86 aq:25.17 tex:1581 mv:345 misc:482 imb:8 pmb:30 smb:4282 d:s ref:0 ;
in:7503 out:7503 type:P dur:2 cpbdur:2 q:36.89 aq:25.92 tex:1223 mv:358 misc:451 imb:13 pmb:27 smb:4280 d:s ref:0 ;
in:7505 out:7504 type:P dur:2 cpbdur:2 q:36.92 aq:29.49 tex:1974 mv:411 misc:543 imb:22 pmb:31 smb:4267 d:s ref:0 ;
in:7504 out:7505 type:b dur:2 cpbdur:2 q:36.91 aq:22.96 tex:120 mv:261 misc:275 imb:3 pmb:16 smb:4301 d:s ref:0 ;
in:7506 out:7506 type:P dur:2 cpbdur:2 q:36.91 aq:26.00 tex:1555 mv:368 misc:501 imb:22 pmb:20 smb:4278 d:s ref:0 ;
in:7508 out:7507 type:P dur:2 cpbdur:2 q:36.90 aq:21.56 tex:1168 mv:291 misc:421 imb:12 pmb:16 smb:4292 d:s ref:0 ;
in:7507 out:7508 type:b dur:2 cpbdur:2 q:36.90 aq:30.23 tex:106 mv:121 misc:277 imb:0 pmb:9 smb:4311 d:s ref:0 ;
in:7512 out:7509 type:P dur:2 cpbdur:2 q:36.90 aq:24.19 tex:1029 mv:287 misc:428 imb:17 pmb:20 smb:4283 d:s ref:0 ;
in:7510 out:7510 type:B dur:2 cpbdur:2 q:36.90 aq:29.96 tex:145 mv:105 misc:294 imb:0 pmb:10 smb:4310 d:s ref:0 ;
in:7509 out:7511 type:b dur:2 cpbdur:2 q:36.90 aq:31.53 tex:62 mv:90 misc:272 imb:0 pmb:8 smb:4312 d:t ref:0 ;
in:7511 out:7512 type:b dur:2 cpbdur:2 q:36.90 aq:28.83 tex:50 mv:25 misc:269 imb:0 pmb:3 smb:4317 d:- ref:0 ;
in:7516 out:7513 type:P dur:2 cpbdur:2 q:36.86 aq:34.20 tex:550 mv:128 misc:338 imb:2 pmb:13 smb:4305 d:s ref:0 ;
in:7514 out:7514 type:B dur:2 cpbdur:2 q:36.88 aq:29.17 tex:104 mv:96 misc:288 imb:0 pmb:11 smb:4309 d:t ref:0 ;
in:7513 out:7515 type:b dur:2 cpbdur:2 q:36.89 aq:22.00 tex:3 mv:18 misc:259 imb:0 pmb:4 smb:4316 d:s ref:0 ;
in:7515 out:7516 type:b dur:2 cpbdur:2 q:36.87 aq:22.00 tex:0 mv:0 misc:248 imb:0 pmb:0 smb:4320 d:- ref:0 ;
in:7520 out:7517 type:P dur:2 cpbdur:2 q:36.82 aq:35.97 tex:156 mv:47 misc:317 imb:0 pmb:6 smb:4314 d:s ref:0 ;
in:7518 out:7518 type:B dur:2 cpbdur:2 q:36.84 aq:21.00 tex:0 mv:0 misc:264 imb:0 pmb:0 smb:4320 d:s ref:0 ;
in:7517 out:7519 type:b dur:2 cpbdur:2 q:36.85 aq:22.00 tex:0 mv:0 misc:248 imb:0 pmb:0 smb:4320 d:s ref:0 ;
in:7519 out:7520 type:b dur:2 cpbdur:2 q:36.83 aq:22.00 tex:0 mv:0 misc:248 imb:0 pmb:0 smb:4320 d:- ref:0 ;
in:7524 out:7521 type:P dur:2 cpbdur:2 q:36.76 aq:23.59 tex:50 mv:46 misc:312 imb:2 pmb:2 smb:4316 d:s ref:0 ;
in:7522 out:7522 type:B dur:2 cpbdur:2 q:36.79 aq:21.00 tex:0 mv:0 misc:264 imb:0 pmb:0 smb:4320 d:s ref:0 ;
in:7521 out:7523 type:b dur:2 cpbdur:2 q:36.81 aq:22.00 tex:0 mv:0 misc:248 imb:0 pmb:0 smb:4320 d:s ref:0 ;
in:7523 out:7524 type:b dur:2 cpbdur:2 q:36.78 aq:22.00 tex:0 mv:0 misc:248 imb:0 pmb:0 smb:4320 d:- ref:0 ;
in:7528 out:7525 type:P dur:2 cpbdur:2 q:36.71 aq:32.69 tex:1471 mv:308 misc:365 imb:28 pmb:10 smb:4282 d:s ref:0 ;
in:7526 out:7526 type:B dur:2 cpbdur:2 q:36.74 aq:29.18 tex:112 mv:173 misc:331 imb:3 pmb:22 smb:4295 d:s ref:0 ;
in:7525 out:7527 type:b dur:2 cpbdur:2 q:36.75 aq:22.00 tex:4 mv:85 misc:263 imb:0 pmb:7 smb:4313 d:s ref:0 ;
in:7527 out:7528 type:b dur:2 cpbdur:2 q:36.72 aq:29.92 tex:95 mv:156 misc:309 imb:4 pmb:20 smb:4296 d:- ref:0 ;
in:7530 out:7529 type:P dur:2 cpbdur:2 q:36.67 aq:33.19 tex:10870 mv:3105 misc:425 imb:479 pmb:106 smb:3735 d:s ref:0 ;
in:7529 out:7530 type:b dur:2 cpbdur:2 q:36.69 aq:22.00 tex:40 mv:314 misc:606 imb:9 pmb:118 smb:4193 d:s ref:0 ;
